ISO-10303-21;
HEADER;
FILE_DESCRIPTION(('FreeCAD Model'),'2;1');
FILE_NAME('Open CASCADE Shape Model','2024-07-02T17:34:15',('Author'),(
    ''),'Open CASCADE STEP processor 7.6','FreeCAD','Unknown');
FILE_SCHEMA(('AUTOMOTIVE_DESIGN { 1 0 10303 214 1 1 1 1 }'));
ENDSEC;
DATA;
#1 = APPLICATION_PROTOCOL_DEFINITION('international standard',
  'automotive_design',2000,#2);
#2 = APPLICATION_CONTEXT(
  'core data for automotive mechanical design processes');
#3 = SHAPE_DEFINITION_REPRESENTATION(#4,#10);
#4 = PRODUCT_DEFINITION_SHAPE('','',#5);
#5 = PRODUCT_DEFINITION('design','',#6,#9);
#6 = PRODUCT_DEFINITION_FORMATION('','',#7);
#7 = PRODUCT('1590BB BOX','1590BB BOX','',(#8));
#8 = PRODUCT_CONTEXT('',#2,'mechanical');
#9 = PRODUCT_DEFINITION_CONTEXT('part definition',#2,'design');
#10 = ADVANCED_BREP_SHAPE_REPRESENTATION('',(#11,#15),#8907);
#11 = AXIS2_PLACEMENT_3D('',#12,#13,#14);
#12 = CARTESIAN_POINT('',(0.,0.,0.));
#13 = DIRECTION('',(0.,0.,1.));
#14 = DIRECTION('',(1.,0.,-0.));
#15 = MANIFOLD_SOLID_BREP('',#16);
#16 = CLOSED_SHELL('',(#17,#52,#87,#122,#157,#192,#227,#262,#297,#329,
    #361,#383,#417,#449,#481,#503,#537,#569,#591,#613,#645,#677,#709,
    #731,#765,#797,#829,#851,#885,#917,#939,#961,#993,#1017,#1034,#1058,
    #1083,#1100,#1117,#1141,#1166,#2253,#2278,#2315,#2339,#2356,#2381,
    #2418,#2442,#2459,#2484,#2521,#2545,#2562,#2587,#2624,#2648,#2665,
    #2881,#2912,#2936,#2962,#2993,#3017,#3043,#3069,#3090,#3115,#3132,
    #3161,#3193,#3210,#3242,#3274,#3291,#3314,#3331,#3343,#3447,#3469,
    #3486,#3503,#3520,#3537,#3554,#3571,#3588,#3605,#3622,#3639,#3651,
    #3767,#3798,#3822,#3846,#3868,#3885,#3902,#3919,#3945,#3964,#3981,
    #3998,#4015,#4027,#4157,#4179,#4196,#4213,#4230,#4247,#4264,#4281,
    #4298,#4315,#4332,#4351,#4370,#4387,#4404,#4416,#4546,#4568,#4585,
    #4602,#4619,#4636,#4653,#4670,#4687,#4704,#4721,#4740,#4759,#4776,
    #4793,#4805,#4923,#4959,#4988,#5016,#5039,#5071,#5093,#5116,#5132,
    #5220,#5242,#5259,#5276,#5293,#5310,#5327,#5344,#5361,#5378,#5390,
    #5544,#5575,#5599,#5623,#5652,#5676,#5697,#5724,#5741,#5770,#5799,
    #5818,#5837,#5854,#5866,#5938,#5960,#5981,#5998,#6015,#6036,#6053,
    #6065,#6228,#6250,#6267,#6284,#6303,#6324,#6343,#6362,#6383,#6400,
    #6417,#6434,#6455,#6476,#6497,#6518,#6530,#6713,#6749,#6778,#6804,
    #6825,#6848,#6871,#6892,#6921,#6943,#6964,#6983,#7008,#7029,#7041,
    #7171,#7204,#7233,#7262,#7290,#7309,#7328,#7357,#7376,#7401,#7419,
    #7635,#7666,#7690,#7716,#7747,#7771,#7797,#7823,#7844,#7869,#7886,
    #7915,#7947,#7964,#7996,#8028,#8045,#8068,#8085,#8097,#8111,#8125,
    #8138,#8150,#8165,#8177,#8190,#8204,#8221,#8246,#8263,#8280,#8304,
    #8329,#8346,#8363,#8377,#8419,#8453,#8487,#8519,#8551,#8585,#8619,
    #8641,#8673,#8697,#8722,#8746,#8762,#8786,#8811,#8835,#8853));
#17 = ADVANCED_FACE('',(#18),#47,.F.);
#18 = FACE_BOUND('',#19,.F.);
#19 = EDGE_LOOP('',(#20,#31,#40));
#20 = ORIENTED_EDGE('',*,*,#21,.F.);
#21 = EDGE_CURVE('',#22,#24,#26,.T.);
#22 = VERTEX_POINT('',#23);
#23 = CARTESIAN_POINT('',(49.581117092034,-43.58016531361,
    -26.79361938736));
#24 = VERTEX_POINT('',#25);
#25 = CARTESIAN_POINT('',(50.580165313616,-42.58111709203,
    -26.79361938736));
#26 = CIRCLE('',#27,1.);
#27 = AXIS2_PLACEMENT_3D('',#28,#29,#30);
#28 = CARTESIAN_POINT('',(49.581117092034,-42.58111709203,-26.75));
#29 = DIRECTION('',(4.357795025174E-02,-4.357795025174E-02,
    0.998099155647));
#30 = DIRECTION('',(0.705762681255,-0.705762681255,-6.162852826643E-02)
  );
#31 = ORIENTED_EDGE('',*,*,#32,.F.);
#32 = EDGE_CURVE('',#33,#22,#35,.T.);
#33 = VERTEX_POINT('',#34);
#34 = CARTESIAN_POINT('',(49.581117092034,-42.58111709203,-27.75));
#35 = CIRCLE('',#36,1.);
#36 = AXIS2_PLACEMENT_3D('',#37,#38,#39);
#37 = CARTESIAN_POINT('',(49.581117092034,-42.58111709203,-26.75));
#38 = DIRECTION('',(-1.,-7.75574145502E-16,1.7763568394E-14));
#39 = DIRECTION('',(-3.944304526105E-31,-0.999048221582,
    -4.361938736534E-02));
#40 = ORIENTED_EDGE('',*,*,#41,.F.);
#41 = EDGE_CURVE('',#24,#33,#42,.T.);
#42 = CIRCLE('',#43,1.);
#43 = AXIS2_PLACEMENT_3D('',#44,#45,#46);
#44 = CARTESIAN_POINT('',(49.581117092034,-42.58111709203,-26.75));
#45 = DIRECTION('',(0.,1.,0.));
#46 = DIRECTION('',(0.691513055782,0.,-0.72236396206));
#47 = SPHERICAL_SURFACE('',#48,1.);
#48 = AXIS2_PLACEMENT_3D('',#49,#50,#51);
#49 = CARTESIAN_POINT('',(49.581117092034,-42.58111709203,-26.75));
#50 = DIRECTION('',(0.,0.,1.));
#51 = DIRECTION('',(1.,0.,-0.));
#52 = ADVANCED_FACE('',(#53),#82,.F.);
#53 = FACE_BOUND('',#54,.F.);
#54 = EDGE_LOOP('',(#55,#66,#75));
#55 = ORIENTED_EDGE('',*,*,#56,.F.);
#56 = EDGE_CURVE('',#57,#59,#61,.T.);
#57 = VERTEX_POINT('',#58);
#58 = CARTESIAN_POINT('',(-50.58016531361,-42.58111709203,
    -26.79361938736));
#59 = VERTEX_POINT('',#60);
#60 = CARTESIAN_POINT('',(-49.58111709203,-43.58016531361,
    -26.79361938736));
#61 = CIRCLE('',#62,1.);
#62 = AXIS2_PLACEMENT_3D('',#63,#64,#65);
#63 = CARTESIAN_POINT('',(-49.58111709203,-42.58111709203,-26.75));
#64 = DIRECTION('',(-4.357795025174E-02,-4.357795025174E-02,
    0.998099155647));
#65 = DIRECTION('',(-0.705762681255,-0.705762681255,-6.162852826644E-02)
  );
#66 = ORIENTED_EDGE('',*,*,#67,.F.);
#67 = EDGE_CURVE('',#68,#57,#70,.T.);
#68 = VERTEX_POINT('',#69);
#69 = CARTESIAN_POINT('',(-49.58111709203,-42.58111709203,-27.75));
#70 = CIRCLE('',#71,1.);
#71 = AXIS2_PLACEMENT_3D('',#72,#73,#74);
#72 = CARTESIAN_POINT('',(-49.58111709203,-42.58111709203,-26.75));
#73 = DIRECTION('',(0.,1.,0.));
#74 = DIRECTION('',(-0.999048221582,0.,-4.361938736534E-02));
#75 = ORIENTED_EDGE('',*,*,#76,.F.);
#76 = EDGE_CURVE('',#59,#68,#77,.T.);
#77 = CIRCLE('',#78,1.);
#78 = AXIS2_PLACEMENT_3D('',#79,#80,#81);
#79 = CARTESIAN_POINT('',(-49.58111709203,-42.58111709203,-26.75));
#80 = DIRECTION('',(1.,8.89024574103E-15,0.));
#81 = DIRECTION('',(6.147720999035E-15,-0.691513055782,-0.72236396206));
#82 = SPHERICAL_SURFACE('',#83,1.);
#83 = AXIS2_PLACEMENT_3D('',#84,#85,#86);
#84 = CARTESIAN_POINT('',(-49.58111709203,-42.58111709203,-26.75));
#85 = DIRECTION('',(0.,0.,1.));
#86 = DIRECTION('',(1.,0.,-0.));
#87 = ADVANCED_FACE('',(#88),#117,.F.);
#88 = FACE_BOUND('',#89,.F.);
#89 = EDGE_LOOP('',(#90,#101,#110));
#90 = ORIENTED_EDGE('',*,*,#91,.F.);
#91 = EDGE_CURVE('',#92,#94,#96,.T.);
#92 = VERTEX_POINT('',#93);
#93 = CARTESIAN_POINT('',(55.331117092034,-36.83111709203,-27.75));
#94 = VERTEX_POINT('',#95);
#95 = CARTESIAN_POINT('',(55.331117092034,-37.83016531361,
    -26.79361938736));
#96 = CIRCLE('',#97,1.);
#97 = AXIS2_PLACEMENT_3D('',#98,#99,#100);
#98 = CARTESIAN_POINT('',(55.331117092034,-36.83111709203,-26.75));
#99 = DIRECTION('',(-1.,-8.89024574103E-15,-7.88860905221E-31));
#100 = DIRECTION('',(6.147720999035E-15,-0.691513055782,-0.72236396206)
  );
#101 = ORIENTED_EDGE('',*,*,#102,.F.);
#102 = EDGE_CURVE('',#103,#92,#105,.T.);
#103 = VERTEX_POINT('',#104);
#104 = CARTESIAN_POINT('',(56.330165313616,-36.83111709203,
    -26.79361938736));
#105 = CIRCLE('',#106,1.);
#106 = AXIS2_PLACEMENT_3D('',#107,#108,#109);
#107 = CARTESIAN_POINT('',(55.331117092034,-36.83111709203,-26.75));
#108 = DIRECTION('',(4.445122870515E-15,1.,0.));
#109 = DIRECTION('',(0.,0.,-1.));
#110 = ORIENTED_EDGE('',*,*,#111,.F.);
#111 = EDGE_CURVE('',#94,#103,#112,.T.);
#112 = CIRCLE('',#113,1.);
#113 = AXIS2_PLACEMENT_3D('',#114,#115,#116);
#114 = CARTESIAN_POINT('',(55.331117092034,-36.83111709203,-26.75));
#115 = DIRECTION('',(4.357795025174E-02,-4.357795025174E-02,
    0.998099155647));
#116 = DIRECTION('',(0.705762681255,-0.705762681255,-6.162852826644E-02)
  );
#117 = SPHERICAL_SURFACE('',#118,1.);
#118 = AXIS2_PLACEMENT_3D('',#119,#120,#121);
#119 = CARTESIAN_POINT('',(55.331117092034,-36.83111709203,-26.75));
#120 = DIRECTION('',(0.,0.,1.));
#121 = DIRECTION('',(1.,0.,-0.));
#122 = ADVANCED_FACE('',(#123),#152,.F.);
#123 = FACE_BOUND('',#124,.F.);
#124 = EDGE_LOOP('',(#125,#136,#145));
#125 = ORIENTED_EDGE('',*,*,#126,.F.);
#126 = EDGE_CURVE('',#127,#129,#131,.T.);
#127 = VERTEX_POINT('',#128);
#128 = CARTESIAN_POINT('',(55.331117092034,36.831117092034,-27.75));
#129 = VERTEX_POINT('',#130);
#130 = CARTESIAN_POINT('',(56.330165313616,36.831117092034,
    -26.79361938736));
#131 = CIRCLE('',#132,1.);
#132 = AXIS2_PLACEMENT_3D('',#133,#134,#135);
#133 = CARTESIAN_POINT('',(55.331117092034,36.831117092034,-26.75));
#134 = DIRECTION('',(-1.938935363755E-16,-1.,-4.440892098501E-15));
#135 = DIRECTION('',(0.691513055782,3.073860499517E-15,-0.72236396206));
#136 = ORIENTED_EDGE('',*,*,#137,.F.);
#137 = EDGE_CURVE('',#138,#127,#140,.T.);
#138 = VERTEX_POINT('',#139);
#139 = CARTESIAN_POINT('',(55.331117092034,37.830165313616,
    -26.79361938736));
#140 = CIRCLE('',#141,1.);
#141 = AXIS2_PLACEMENT_3D('',#142,#143,#144);
#142 = CARTESIAN_POINT('',(55.331117092034,36.831117092034,-26.75));
#143 = DIRECTION('',(-1.,8.89024574103E-15,0.));
#144 = DIRECTION('',(0.,0.,-1.));
#145 = ORIENTED_EDGE('',*,*,#146,.F.);
#146 = EDGE_CURVE('',#129,#138,#147,.T.);
#147 = CIRCLE('',#148,1.);
#148 = AXIS2_PLACEMENT_3D('',#149,#150,#151);
#149 = CARTESIAN_POINT('',(55.331117092034,36.831117092034,-26.75));
#150 = DIRECTION('',(4.357795025174E-02,4.357795025174E-02,
    0.998099155647));
#151 = DIRECTION('',(0.705762681255,0.705762681255,-6.162852826643E-02)
  );
#152 = SPHERICAL_SURFACE('',#153,1.);
#153 = AXIS2_PLACEMENT_3D('',#154,#155,#156);
#154 = CARTESIAN_POINT('',(55.331117092034,36.831117092034,-26.75));
#155 = DIRECTION('',(0.,0.,1.));
#156 = DIRECTION('',(1.,0.,-0.));
#157 = ADVANCED_FACE('',(#158),#187,.F.);
#158 = FACE_BOUND('',#159,.F.);
#159 = EDGE_LOOP('',(#160,#171,#180));
#160 = ORIENTED_EDGE('',*,*,#161,.F.);
#161 = EDGE_CURVE('',#162,#164,#166,.T.);
#162 = VERTEX_POINT('',#163);
#163 = CARTESIAN_POINT('',(-56.33016531361,-36.83111709203,
    -26.79361938736));
#164 = VERTEX_POINT('',#165);
#165 = CARTESIAN_POINT('',(-55.33111709203,-37.83016531361,
    -26.79361938736));
#166 = CIRCLE('',#167,1.);
#167 = AXIS2_PLACEMENT_3D('',#168,#169,#170);
#168 = CARTESIAN_POINT('',(-55.33111709203,-36.83111709203,-26.75));
#169 = DIRECTION('',(-4.357795025174E-02,-4.357795025174E-02,
    0.998099155647));
#170 = DIRECTION('',(-0.705762681255,-0.705762681255,-6.162852826643E-02
    ));
#171 = ORIENTED_EDGE('',*,*,#172,.F.);
#172 = EDGE_CURVE('',#173,#162,#175,.T.);
#173 = VERTEX_POINT('',#174);
#174 = CARTESIAN_POINT('',(-55.33111709203,-36.83111709203,-27.75));
#175 = CIRCLE('',#176,1.);
#176 = AXIS2_PLACEMENT_3D('',#177,#178,#179);
#177 = CARTESIAN_POINT('',(-55.33111709203,-36.83111709203,-26.75));
#178 = DIRECTION('',(3.87787072751E-16,1.,-8.881784197001E-15));
#179 = DIRECTION('',(-0.999048221582,2.958228394579E-31,
    -4.361938736534E-02));
#180 = ORIENTED_EDGE('',*,*,#181,.F.);
#181 = EDGE_CURVE('',#164,#173,#182,.T.);
#182 = CIRCLE('',#183,1.);
#183 = AXIS2_PLACEMENT_3D('',#184,#185,#186);
#184 = CARTESIAN_POINT('',(-55.33111709203,-36.83111709203,-26.75));
#185 = DIRECTION('',(1.,8.890245741029E-15,-7.88860905221E-31));
#186 = DIRECTION('',(6.147720999035E-15,-0.691513055782,-0.72236396206)
  );
#187 = SPHERICAL_SURFACE('',#188,1.);
#188 = AXIS2_PLACEMENT_3D('',#189,#190,#191);
#189 = CARTESIAN_POINT('',(-55.33111709203,-36.83111709203,-26.75));
#190 = DIRECTION('',(0.,0.,1.));
#191 = DIRECTION('',(1.,0.,-0.));
#192 = ADVANCED_FACE('',(#193),#222,.F.);
#193 = FACE_BOUND('',#194,.F.);
#194 = EDGE_LOOP('',(#195,#206,#215));
#195 = ORIENTED_EDGE('',*,*,#196,.F.);
#196 = EDGE_CURVE('',#197,#199,#201,.T.);
#197 = VERTEX_POINT('',#198);
#198 = CARTESIAN_POINT('',(-55.33111709203,37.830165313616,
    -26.79361938736));
#199 = VERTEX_POINT('',#200);
#200 = CARTESIAN_POINT('',(-56.33016531361,36.831117092034,
    -26.79361938736));
#201 = CIRCLE('',#202,1.);
#202 = AXIS2_PLACEMENT_3D('',#203,#204,#205);
#203 = CARTESIAN_POINT('',(-55.33111709203,36.831117092034,-26.75));
#204 = DIRECTION('',(-4.357795025174E-02,4.357795025174E-02,
    0.998099155647));
#205 = DIRECTION('',(-0.705762681255,0.705762681255,-6.162852826644E-02)
  );
#206 = ORIENTED_EDGE('',*,*,#207,.F.);
#207 = EDGE_CURVE('',#208,#197,#210,.T.);
#208 = VERTEX_POINT('',#209);
#209 = CARTESIAN_POINT('',(-55.33111709203,36.831117092034,-27.75));
#210 = CIRCLE('',#211,1.);
#211 = AXIS2_PLACEMENT_3D('',#212,#213,#214);
#212 = CARTESIAN_POINT('',(-55.33111709203,36.831117092034,-26.75));
#213 = DIRECTION('',(1.,0.,0.));
#214 = DIRECTION('',(0.,0.999048221582,-4.361938736534E-02));
#215 = ORIENTED_EDGE('',*,*,#216,.F.);
#216 = EDGE_CURVE('',#199,#208,#217,.T.);
#217 = CIRCLE('',#218,1.);
#218 = AXIS2_PLACEMENT_3D('',#219,#220,#221);
#219 = CARTESIAN_POINT('',(-55.33111709203,36.831117092034,-26.75));
#220 = DIRECTION('',(0.,-1.,0.));
#221 = DIRECTION('',(-0.691513055782,-0.,-0.72236396206));
#222 = SPHERICAL_SURFACE('',#223,1.);
#223 = AXIS2_PLACEMENT_3D('',#224,#225,#226);
#224 = CARTESIAN_POINT('',(-55.33111709203,36.831117092034,-26.75));
#225 = DIRECTION('',(0.,0.,1.));
#226 = DIRECTION('',(1.,0.,-0.));
#227 = ADVANCED_FACE('',(#228),#257,.F.);
#228 = FACE_BOUND('',#229,.F.);
#229 = EDGE_LOOP('',(#230,#241,#250));
#230 = ORIENTED_EDGE('',*,*,#231,.F.);
#231 = EDGE_CURVE('',#232,#234,#236,.T.);
#232 = VERTEX_POINT('',#233);
#233 = CARTESIAN_POINT('',(49.581117092034,42.581117092034,-27.75));
#234 = VERTEX_POINT('',#235);
#235 = CARTESIAN_POINT('',(50.580165313616,42.581117092034,
    -26.79361938736));
#236 = CIRCLE('',#237,1.);
#237 = AXIS2_PLACEMENT_3D('',#238,#239,#240);
#238 = CARTESIAN_POINT('',(49.581117092034,42.581117092034,-26.75));
#239 = DIRECTION('',(0.,-1.,0.));
#240 = DIRECTION('',(0.691513055782,0.,-0.72236396206));
#241 = ORIENTED_EDGE('',*,*,#242,.F.);
#242 = EDGE_CURVE('',#243,#232,#245,.T.);
#243 = VERTEX_POINT('',#244);
#244 = CARTESIAN_POINT('',(49.581117092034,43.580165313616,
    -26.79361938736));
#245 = CIRCLE('',#246,1.);
#246 = AXIS2_PLACEMENT_3D('',#247,#248,#249);
#247 = CARTESIAN_POINT('',(49.581117092034,42.581117092034,-26.75));
#248 = DIRECTION('',(-1.,-8.89024574103E-15,0.));
#249 = DIRECTION('',(-0.,0.,-1.));
#250 = ORIENTED_EDGE('',*,*,#251,.F.);
#251 = EDGE_CURVE('',#234,#243,#252,.T.);
#252 = CIRCLE('',#253,1.);
#253 = AXIS2_PLACEMENT_3D('',#254,#255,#256);
#254 = CARTESIAN_POINT('',(49.581117092034,42.581117092034,-26.75));
#255 = DIRECTION('',(4.357795025174E-02,4.357795025174E-02,
    0.998099155647));
#256 = DIRECTION('',(0.705762681255,0.705762681255,-6.162852826644E-02)
  );
#257 = SPHERICAL_SURFACE('',#258,1.);
#258 = AXIS2_PLACEMENT_3D('',#259,#260,#261);
#259 = CARTESIAN_POINT('',(49.581117092034,42.581117092034,-26.75));
#260 = DIRECTION('',(0.,0.,1.));
#261 = DIRECTION('',(1.,0.,-0.));
#262 = ADVANCED_FACE('',(#263),#292,.F.);
#263 = FACE_BOUND('',#264,.F.);
#264 = EDGE_LOOP('',(#265,#276,#285));
#265 = ORIENTED_EDGE('',*,*,#266,.F.);
#266 = EDGE_CURVE('',#267,#269,#271,.T.);
#267 = VERTEX_POINT('',#268);
#268 = CARTESIAN_POINT('',(-49.58111709203,42.581117092034,-27.75));
#269 = VERTEX_POINT('',#270);
#270 = CARTESIAN_POINT('',(-49.58111709203,43.580165313616,
    -26.79361938736));
#271 = CIRCLE('',#272,1.);
#272 = AXIS2_PLACEMENT_3D('',#273,#274,#275);
#273 = CARTESIAN_POINT('',(-49.58111709203,42.581117092034,-26.75));
#274 = DIRECTION('',(1.,3.87787072751E-16,8.881784197001E-15));
#275 = DIRECTION('',(6.147720999035E-15,0.691513055782,-0.72236396206));
#276 = ORIENTED_EDGE('',*,*,#277,.F.);
#277 = EDGE_CURVE('',#278,#267,#280,.T.);
#278 = VERTEX_POINT('',#279);
#279 = CARTESIAN_POINT('',(-50.58016531361,42.581117092034,
    -26.79361938736));
#280 = CIRCLE('',#281,1.);
#281 = AXIS2_PLACEMENT_3D('',#282,#283,#284);
#282 = CARTESIAN_POINT('',(-49.58111709203,42.581117092034,-26.75));
#283 = DIRECTION('',(0.,-1.,0.));
#284 = DIRECTION('',(0.,0.,-1.));
#285 = ORIENTED_EDGE('',*,*,#286,.F.);
#286 = EDGE_CURVE('',#269,#278,#287,.T.);
#287 = CIRCLE('',#288,1.);
#288 = AXIS2_PLACEMENT_3D('',#289,#290,#291);
#289 = CARTESIAN_POINT('',(-49.58111709203,42.581117092034,-26.75));
#290 = DIRECTION('',(-4.357795025174E-02,4.357795025174E-02,
    0.998099155647));
#291 = DIRECTION('',(-0.705762681255,0.705762681255,-6.162852826643E-02)
  );
#292 = SPHERICAL_SURFACE('',#293,1.);
#293 = AXIS2_PLACEMENT_3D('',#294,#295,#296);
#294 = CARTESIAN_POINT('',(-49.58111709203,42.581117092034,-26.75));
#295 = DIRECTION('',(0.,0.,1.));
#296 = DIRECTION('',(1.,0.,-0.));
#297 = ADVANCED_FACE('',(#298),#324,.F.);
#298 = FACE_BOUND('',#299,.F.);
#299 = EDGE_LOOP('',(#300,#308,#309,#317));
#300 = ORIENTED_EDGE('',*,*,#301,.F.);
#301 = EDGE_CURVE('',#278,#302,#304,.T.);
#302 = VERTEX_POINT('',#303);
#303 = CARTESIAN_POINT('',(-50.58016531361,42.,-26.79361938736));
#304 = LINE('',#305,#306);
#305 = CARTESIAN_POINT('',(-50.58016531361,22.375,-26.79361938736));
#306 = VECTOR('',#307,1.);
#307 = DIRECTION('',(-3.229739708E-15,-1.,0.));
#308 = ORIENTED_EDGE('',*,*,#277,.T.);
#309 = ORIENTED_EDGE('',*,*,#310,.F.);
#310 = EDGE_CURVE('',#311,#267,#313,.T.);
#311 = VERTEX_POINT('',#312);
#312 = CARTESIAN_POINT('',(-49.58111709203,42.,-27.75));
#313 = LINE('',#314,#315);
#314 = CARTESIAN_POINT('',(-49.58111709203,22.375,-27.75));
#315 = VECTOR('',#316,1.);
#316 = DIRECTION('',(3.229739708E-15,1.,0.));
#317 = ORIENTED_EDGE('',*,*,#318,.F.);
#318 = EDGE_CURVE('',#302,#311,#319,.T.);
#319 = CIRCLE('',#320,1.);
#320 = AXIS2_PLACEMENT_3D('',#321,#322,#323);
#321 = CARTESIAN_POINT('',(-49.58111709203,42.,-26.75));
#322 = DIRECTION('',(0.,-1.,0.));
#323 = DIRECTION('',(-0.999048221582,-0.,-4.361938736533E-02));
#324 = CYLINDRICAL_SURFACE('',#325,1.);
#325 = AXIS2_PLACEMENT_3D('',#326,#327,#328);
#326 = CARTESIAN_POINT('',(-49.58111709203,22.375,-26.75));
#327 = DIRECTION('',(-3.229739708E-15,-1.,0.));
#328 = DIRECTION('',(-0.691513055782,2.233407174861E-15,-0.72236396206)
  );
#329 = ADVANCED_FACE('',(#330),#356,.F.);
#330 = FACE_BOUND('',#331,.F.);
#331 = EDGE_LOOP('',(#332,#340,#341,#349));
#332 = ORIENTED_EDGE('',*,*,#333,.F.);
#333 = EDGE_CURVE('',#269,#334,#336,.T.);
#334 = VERTEX_POINT('',#335);
#335 = CARTESIAN_POINT('',(-50.75095177841,44.75,0.));
#336 = LINE('',#337,#338);
#337 = CARTESIAN_POINT('',(-50.65457380523,44.653622026819,
    -2.207418501781));
#338 = VECTOR('',#339,1.);
#339 = DIRECTION('',(-4.357795025175E-02,4.357795025175E-02,
    0.998099155647));
#340 = ORIENTED_EDGE('',*,*,#286,.T.);
#341 = ORIENTED_EDGE('',*,*,#342,.F.);
#342 = EDGE_CURVE('',#343,#278,#345,.T.);
#343 = VERTEX_POINT('',#344);
#344 = CARTESIAN_POINT('',(-51.75,43.750951778418,-1.387778780781E-16));
#345 = LINE('',#346,#347);
#346 = CARTESIAN_POINT('',(-51.65362202681,43.654573805237,
    -2.207418501781));
#347 = VECTOR('',#348,1.);
#348 = DIRECTION('',(4.357795025175E-02,-4.357795025175E-02,
    -0.998099155647));
#349 = ORIENTED_EDGE('',*,*,#350,.F.);
#350 = EDGE_CURVE('',#334,#343,#351,.T.);
#351 = ELLIPSE('',#352,1.001904464443,1.);
#352 = AXIS2_PLACEMENT_3D('',#353,#354,#355);
#353 = CARTESIAN_POINT('',(-50.74904731483,43.749047314837,0.));
#354 = DIRECTION('',(0.,0.,1.));
#355 = DIRECTION('',(-0.707106781187,0.707106781187,0.));
#356 = CYLINDRICAL_SURFACE('',#357,1.);
#357 = AXIS2_PLACEMENT_3D('',#358,#359,#360);
#358 = CARTESIAN_POINT('',(-50.65457380523,43.654573805237,
    -2.163799114415));
#359 = DIRECTION('',(4.357795025175E-02,-4.357795025175E-02,
    -0.998099155647));
#360 = DIRECTION('',(-0.705762681255,0.705762681255,-6.162852826644E-02)
  );
#361 = ADVANCED_FACE('',(#362),#378,.F.);
#362 = FACE_BOUND('',#363,.F.);
#363 = EDGE_LOOP('',(#364,#370,#371,#377));
#364 = ORIENTED_EDGE('',*,*,#365,.F.);
#365 = EDGE_CURVE('',#243,#269,#366,.T.);
#366 = LINE('',#367,#368);
#367 = CARTESIAN_POINT('',(25.875,43.580165313616,-26.79361938736));
#368 = VECTOR('',#369,1.);
#369 = DIRECTION('',(-1.,-9.216945864813E-16,0.));
#370 = ORIENTED_EDGE('',*,*,#242,.T.);
#371 = ORIENTED_EDGE('',*,*,#372,.F.);
#372 = EDGE_CURVE('',#267,#232,#373,.T.);
#373 = LINE('',#374,#375);
#374 = CARTESIAN_POINT('',(25.875,42.581117092034,-27.75));
#375 = VECTOR('',#376,1.);
#376 = DIRECTION('',(1.,9.216945864813E-16,0.));
#377 = ORIENTED_EDGE('',*,*,#266,.T.);
#378 = CYLINDRICAL_SURFACE('',#379,1.);
#379 = AXIS2_PLACEMENT_3D('',#380,#381,#382);
#380 = CARTESIAN_POINT('',(25.875,42.581117092034,-26.75));
#381 = DIRECTION('',(-1.,-9.216945864813E-16,0.));
#382 = DIRECTION('',(-6.373638399956E-16,0.691513055782,-0.72236396206)
  );
#383 = ADVANCED_FACE('',(#384),#412,.F.);
#384 = FACE_BOUND('',#385,.F.);
#385 = EDGE_LOOP('',(#386,#395,#396,#405));
#386 = ORIENTED_EDGE('',*,*,#387,.F.);
#387 = EDGE_CURVE('',#302,#388,#390,.T.);
#388 = VERTEX_POINT('',#389);
#389 = CARTESIAN_POINT('',(-54.75,37.830165313616,-26.79361938736));
#390 = CIRCLE('',#391,4.169834686384);
#391 = AXIS2_PLACEMENT_3D('',#392,#393,#394);
#392 = CARTESIAN_POINT('',(-54.75,42.,-26.79361938736));
#393 = DIRECTION('',(0.,0.,-1.));
#394 = DIRECTION('',(0.707106781187,-0.707106781187,0.));
#395 = ORIENTED_EDGE('',*,*,#318,.T.);
#396 = ORIENTED_EDGE('',*,*,#397,.F.);
#397 = EDGE_CURVE('',#398,#311,#400,.T.);
#398 = VERTEX_POINT('',#399);
#399 = CARTESIAN_POINT('',(-54.75,36.831117092034,-27.75));
#400 = CIRCLE('',#401,5.168882907966);
#401 = AXIS2_PLACEMENT_3D('',#402,#403,#404);
#402 = CARTESIAN_POINT('',(-54.75,42.,-27.75));
#403 = DIRECTION('',(0.,0.,1.));
#404 = DIRECTION('',(0.707106781187,-0.707106781187,0.));
#405 = ORIENTED_EDGE('',*,*,#406,.F.);
#406 = EDGE_CURVE('',#388,#398,#407,.T.);
#407 = CIRCLE('',#408,1.);
#408 = AXIS2_PLACEMENT_3D('',#409,#410,#411);
#409 = CARTESIAN_POINT('',(-54.75,36.831117092034,-26.75));
#410 = DIRECTION('',(-1.,8.89024574103E-15,0.));
#411 = DIRECTION('',(8.881784197001E-15,0.999048221582,
    -4.361938736533E-02));
#412 = TOROIDAL_SURFACE('',#413,5.168882907966,1.);
#413 = AXIS2_PLACEMENT_3D('',#414,#415,#416);
#414 = CARTESIAN_POINT('',(-54.75,42.,-26.75));
#415 = DIRECTION('',(0.,0.,-1.));
#416 = DIRECTION('',(-1.,0.,0.));
#417 = ADVANCED_FACE('',(#418),#444,.F.);
#418 = FACE_BOUND('',#419,.F.);
#419 = EDGE_LOOP('',(#420,#428,#429,#437));
#420 = ORIENTED_EDGE('',*,*,#421,.F.);
#421 = EDGE_CURVE('',#234,#422,#424,.T.);
#422 = VERTEX_POINT('',#423);
#423 = CARTESIAN_POINT('',(51.75,43.750951778418,-1.387778780781E-16));
#424 = LINE('',#425,#426);
#425 = CARTESIAN_POINT('',(51.749286053381,43.7502378318,
    -1.635206596875E-02));
#426 = VECTOR('',#427,1.);
#427 = DIRECTION('',(4.357795025175E-02,4.357795025175E-02,
    0.998099155647));
#428 = ORIENTED_EDGE('',*,*,#251,.T.);
#429 = ORIENTED_EDGE('',*,*,#430,.F.);
#430 = EDGE_CURVE('',#431,#243,#433,.T.);
#431 = VERTEX_POINT('',#432);
#432 = CARTESIAN_POINT('',(50.750951778418,44.75,0.));
#433 = LINE('',#434,#435);
#434 = CARTESIAN_POINT('',(50.750237831799,44.749286053381,
    -1.635206596875E-02));
#435 = VECTOR('',#436,1.);
#436 = DIRECTION('',(-4.357795025175E-02,-4.357795025175E-02,
    -0.998099155647));
#437 = ORIENTED_EDGE('',*,*,#438,.F.);
#438 = EDGE_CURVE('',#422,#431,#439,.T.);
#439 = ELLIPSE('',#440,1.001904464443,1.);
#440 = AXIS2_PLACEMENT_3D('',#441,#442,#443);
#441 = CARTESIAN_POINT('',(50.749047314837,43.749047314837,0.));
#442 = DIRECTION('',(0.,0.,1.));
#443 = DIRECTION('',(0.707106781187,0.707106781187,-0.));
#444 = CYLINDRICAL_SURFACE('',#445,1.);
#445 = AXIS2_PLACEMENT_3D('',#446,#447,#448);
#446 = CARTESIAN_POINT('',(50.750237831799,43.7502378318,
    2.726732139659E-02));
#447 = DIRECTION('',(-4.357795025175E-02,-4.357795025175E-02,
    -0.998099155647));
#448 = DIRECTION('',(0.705762681255,0.705762681255,-6.162852826644E-02)
  );
#449 = ADVANCED_FACE('',(#450),#476,.F.);
#450 = FACE_BOUND('',#451,.F.);
#451 = EDGE_LOOP('',(#452,#460,#461,#469));
#452 = ORIENTED_EDGE('',*,*,#453,.F.);
#453 = EDGE_CURVE('',#232,#454,#456,.T.);
#454 = VERTEX_POINT('',#455);
#455 = CARTESIAN_POINT('',(49.581117092034,42.,-27.75));
#456 = LINE('',#457,#458);
#457 = CARTESIAN_POINT('',(49.581117092034,21.,-27.75));
#458 = VECTOR('',#459,1.);
#459 = DIRECTION('',(3.229739708E-15,-1.,0.));
#460 = ORIENTED_EDGE('',*,*,#231,.T.);
#461 = ORIENTED_EDGE('',*,*,#462,.F.);
#462 = EDGE_CURVE('',#463,#234,#465,.T.);
#463 = VERTEX_POINT('',#464);
#464 = CARTESIAN_POINT('',(50.580165313616,42.,-26.79361938736));
#465 = LINE('',#466,#467);
#466 = CARTESIAN_POINT('',(50.580165313616,21.,-26.79361938736));
#467 = VECTOR('',#468,1.);
#468 = DIRECTION('',(-3.229739708E-15,1.,0.));
#469 = ORIENTED_EDGE('',*,*,#470,.F.);
#470 = EDGE_CURVE('',#454,#463,#471,.T.);
#471 = CIRCLE('',#472,1.);
#472 = AXIS2_PLACEMENT_3D('',#473,#474,#475);
#473 = CARTESIAN_POINT('',(49.581117092034,42.,-26.75));
#474 = DIRECTION('',(0.,-1.,0.));
#475 = DIRECTION('',(0.,0.,-1.));
#476 = CYLINDRICAL_SURFACE('',#477,1.);
#477 = AXIS2_PLACEMENT_3D('',#478,#479,#480);
#478 = CARTESIAN_POINT('',(49.581117092034,21.,-26.75));
#479 = DIRECTION('',(-3.229739708E-15,1.,0.));
#480 = DIRECTION('',(0.691513055782,2.233407174861E-15,-0.72236396206));
#481 = ADVANCED_FACE('',(#482),#498,.F.);
#482 = FACE_BOUND('',#483,.F.);
#483 = EDGE_LOOP('',(#484,#490,#491,#497));
#484 = ORIENTED_EDGE('',*,*,#485,.F.);
#485 = EDGE_CURVE('',#388,#197,#486,.T.);
#486 = LINE('',#487,#488);
#487 = CARTESIAN_POINT('',(-27.375,37.830165313616,-26.79361938736));
#488 = VECTOR('',#489,1.);
#489 = DIRECTION('',(-1.,-1.614869854E-15,0.));
#490 = ORIENTED_EDGE('',*,*,#406,.T.);
#491 = ORIENTED_EDGE('',*,*,#492,.F.);
#492 = EDGE_CURVE('',#208,#398,#493,.T.);
#493 = LINE('',#494,#495);
#494 = CARTESIAN_POINT('',(-27.375,36.831117092034,-27.75));
#495 = VECTOR('',#496,1.);
#496 = DIRECTION('',(1.,1.614869854E-15,0.));
#497 = ORIENTED_EDGE('',*,*,#207,.T.);
#498 = CYLINDRICAL_SURFACE('',#499,1.);
#499 = AXIS2_PLACEMENT_3D('',#500,#501,#502);
#500 = CARTESIAN_POINT('',(-27.375,36.831117092034,-26.75));
#501 = DIRECTION('',(-1.,-1.614869854E-15,0.));
#502 = DIRECTION('',(-1.11670358743E-15,0.691513055782,-0.72236396206));
#503 = ADVANCED_FACE('',(#504),#532,.F.);
#504 = FACE_BOUND('',#505,.F.);
#505 = EDGE_LOOP('',(#506,#515,#516,#525));
#506 = ORIENTED_EDGE('',*,*,#507,.F.);
#507 = EDGE_CURVE('',#454,#508,#510,.T.);
#508 = VERTEX_POINT('',#509);
#509 = CARTESIAN_POINT('',(54.75,36.831117092034,-27.75));
#510 = CIRCLE('',#511,5.168882907966);
#511 = AXIS2_PLACEMENT_3D('',#512,#513,#514);
#512 = CARTESIAN_POINT('',(54.75,42.,-27.75));
#513 = DIRECTION('',(0.,0.,1.));
#514 = DIRECTION('',(-0.707106781187,-0.707106781187,0.));
#515 = ORIENTED_EDGE('',*,*,#470,.T.);
#516 = ORIENTED_EDGE('',*,*,#517,.F.);
#517 = EDGE_CURVE('',#518,#463,#520,.T.);
#518 = VERTEX_POINT('',#519);
#519 = CARTESIAN_POINT('',(54.75,37.830165313616,-26.79361938736));
#520 = CIRCLE('',#521,4.169834686384);
#521 = AXIS2_PLACEMENT_3D('',#522,#523,#524);
#522 = CARTESIAN_POINT('',(54.75,42.,-26.79361938736));
#523 = DIRECTION('',(0.,0.,-1.));
#524 = DIRECTION('',(-0.707106781187,-0.707106781187,-0.));
#525 = ORIENTED_EDGE('',*,*,#526,.F.);
#526 = EDGE_CURVE('',#508,#518,#527,.T.);
#527 = CIRCLE('',#528,1.);
#528 = AXIS2_PLACEMENT_3D('',#529,#530,#531);
#529 = CARTESIAN_POINT('',(54.75,36.831117092034,-26.75));
#530 = DIRECTION('',(1.,0.,0.));
#531 = DIRECTION('',(0.,0.,-1.));
#532 = TOROIDAL_SURFACE('',#533,5.168882907966,1.);
#533 = AXIS2_PLACEMENT_3D('',#534,#535,#536);
#534 = CARTESIAN_POINT('',(54.75,42.,-26.75));
#535 = DIRECTION('',(0.,0.,-1.));
#536 = DIRECTION('',(-1.,0.,0.));
#537 = ADVANCED_FACE('',(#538),#564,.F.);
#538 = FACE_BOUND('',#539,.F.);
#539 = EDGE_LOOP('',(#540,#548,#549,#557));
#540 = ORIENTED_EDGE('',*,*,#541,.F.);
#541 = EDGE_CURVE('',#197,#542,#544,.T.);
#542 = VERTEX_POINT('',#543);
#543 = CARTESIAN_POINT('',(-56.50095177841,39.,0.));
#544 = LINE('',#545,#546);
#545 = CARTESIAN_POINT('',(-56.5002378318,38.999286053381,
    -1.635206596875E-02));
#546 = VECTOR('',#547,1.);
#547 = DIRECTION('',(-4.357795025175E-02,4.357795025175E-02,
    0.998099155647));
#548 = ORIENTED_EDGE('',*,*,#196,.T.);
#549 = ORIENTED_EDGE('',*,*,#550,.F.);
#550 = EDGE_CURVE('',#551,#199,#553,.T.);
#551 = VERTEX_POINT('',#552);
#552 = CARTESIAN_POINT('',(-57.5,38.000951778418,0.));
#553 = LINE('',#554,#555);
#554 = CARTESIAN_POINT('',(-57.49928605338,38.000237831799,
    -1.635206596875E-02));
#555 = VECTOR('',#556,1.);
#556 = DIRECTION('',(4.357795025175E-02,-4.357795025175E-02,
    -0.998099155647));
#557 = ORIENTED_EDGE('',*,*,#558,.F.);
#558 = EDGE_CURVE('',#542,#551,#559,.T.);
#559 = ELLIPSE('',#560,1.001904464443,1.);
#560 = AXIS2_PLACEMENT_3D('',#561,#562,#563);
#561 = CARTESIAN_POINT('',(-56.49904731483,37.999047314837,0.));
#562 = DIRECTION('',(0.,0.,1.));
#563 = DIRECTION('',(-0.707106781187,0.707106781187,0.));
#564 = CYLINDRICAL_SURFACE('',#565,1.);
#565 = AXIS2_PLACEMENT_3D('',#566,#567,#568);
#566 = CARTESIAN_POINT('',(-56.5002378318,38.000237831799,
    2.726732139659E-02));
#567 = DIRECTION('',(4.357795025175E-02,-4.357795025175E-02,
    -0.998099155647));
#568 = DIRECTION('',(-0.705762681255,0.705762681255,-6.162852826644E-02)
  );
#569 = ADVANCED_FACE('',(#570),#586,.F.);
#570 = FACE_BOUND('',#571,.F.);
#571 = EDGE_LOOP('',(#572,#578,#579,#585));
#572 = ORIENTED_EDGE('',*,*,#573,.F.);
#573 = EDGE_CURVE('',#199,#162,#574,.T.);
#574 = LINE('',#575,#576);
#575 = CARTESIAN_POINT('',(-56.33016531361,19.5,-26.79361938736));
#576 = VECTOR('',#577,1.);
#577 = DIRECTION('',(1.103327229441E-16,-1.,0.));
#578 = ORIENTED_EDGE('',*,*,#216,.T.);
#579 = ORIENTED_EDGE('',*,*,#580,.F.);
#580 = EDGE_CURVE('',#173,#208,#581,.T.);
#581 = LINE('',#582,#583);
#582 = CARTESIAN_POINT('',(-55.33111709203,19.5,-27.75));
#583 = VECTOR('',#584,1.);
#584 = DIRECTION('',(-1.103327229441E-16,1.,0.));
#585 = ORIENTED_EDGE('',*,*,#172,.T.);
#586 = CYLINDRICAL_SURFACE('',#587,1.);
#587 = AXIS2_PLACEMENT_3D('',#588,#589,#590);
#588 = CARTESIAN_POINT('',(-55.33111709203,19.5,-26.75));
#589 = DIRECTION('',(1.103327229441E-16,-1.,0.));
#590 = DIRECTION('',(-0.691513055782,-7.629651839586E-17,-0.72236396206)
  );
#591 = ADVANCED_FACE('',(#592),#608,.F.);
#592 = FACE_BOUND('',#593,.F.);
#593 = EDGE_LOOP('',(#594,#600,#601,#607));
#594 = ORIENTED_EDGE('',*,*,#595,.F.);
#595 = EDGE_CURVE('',#138,#518,#596,.T.);
#596 = LINE('',#597,#598);
#597 = CARTESIAN_POINT('',(28.75,37.830165313616,-26.79361938736));
#598 = VECTOR('',#599,1.);
#599 = DIRECTION('',(-1.,-1.614869854E-15,0.));
#600 = ORIENTED_EDGE('',*,*,#137,.T.);
#601 = ORIENTED_EDGE('',*,*,#602,.F.);
#602 = EDGE_CURVE('',#508,#127,#603,.T.);
#603 = LINE('',#604,#605);
#604 = CARTESIAN_POINT('',(28.75,36.831117092034,-27.75));
#605 = VECTOR('',#606,1.);
#606 = DIRECTION('',(1.,1.614869854E-15,0.));
#607 = ORIENTED_EDGE('',*,*,#526,.T.);
#608 = CYLINDRICAL_SURFACE('',#609,1.);
#609 = AXIS2_PLACEMENT_3D('',#610,#611,#612);
#610 = CARTESIAN_POINT('',(28.75,36.831117092034,-26.75));
#611 = DIRECTION('',(-1.,-1.614869854E-15,0.));
#612 = DIRECTION('',(-1.11670358743E-15,0.691513055782,-0.72236396206));
#613 = ADVANCED_FACE('',(#614),#640,.F.);
#614 = FACE_BOUND('',#615,.F.);
#615 = EDGE_LOOP('',(#616,#624,#625,#633));
#616 = ORIENTED_EDGE('',*,*,#617,.F.);
#617 = EDGE_CURVE('',#162,#618,#620,.T.);
#618 = VERTEX_POINT('',#619);
#619 = CARTESIAN_POINT('',(-57.5,-38.00095177841,0.));
#620 = LINE('',#621,#622);
#621 = CARTESIAN_POINT('',(-57.4278347581,-37.92878653652,
    -1.652855781054));
#622 = VECTOR('',#623,1.);
#623 = DIRECTION('',(-4.357795025175E-02,-4.357795025175E-02,
    0.998099155647));
#624 = ORIENTED_EDGE('',*,*,#161,.T.);
#625 = ORIENTED_EDGE('',*,*,#626,.F.);
#626 = EDGE_CURVE('',#627,#164,#629,.T.);
#627 = VERTEX_POINT('',#628);
#628 = CARTESIAN_POINT('',(-56.50095177841,-39.,0.));
#629 = LINE('',#630,#631);
#630 = CARTESIAN_POINT('',(-56.42878653652,-38.9278347581,
    -1.652855781054));
#631 = VECTOR('',#632,1.);
#632 = DIRECTION('',(4.357795025175E-02,4.357795025175E-02,
    -0.998099155647));
#633 = ORIENTED_EDGE('',*,*,#634,.F.);
#634 = EDGE_CURVE('',#618,#627,#635,.T.);
#635 = ELLIPSE('',#636,1.001904464443,1.);
#636 = AXIS2_PLACEMENT_3D('',#637,#638,#639);
#637 = CARTESIAN_POINT('',(-56.49904731483,-37.99904731483,0.));
#638 = DIRECTION('',(0.,0.,1.));
#639 = DIRECTION('',(-0.707106781187,-0.707106781187,0.));
#640 = CYLINDRICAL_SURFACE('',#641,1.);
#641 = AXIS2_PLACEMENT_3D('',#642,#643,#644);
#642 = CARTESIAN_POINT('',(-56.42878653652,-37.92878653652,
    -1.609236393689));
#643 = DIRECTION('',(4.357795025175E-02,4.357795025175E-02,
    -0.998099155647));
#644 = DIRECTION('',(-0.705762681255,-0.705762681255,-6.162852826644E-02
    ));
#645 = ADVANCED_FACE('',(#646),#672,.F.);
#646 = FACE_BOUND('',#647,.F.);
#647 = EDGE_LOOP('',(#648,#656,#657,#665));
#648 = ORIENTED_EDGE('',*,*,#649,.F.);
#649 = EDGE_CURVE('',#164,#650,#652,.T.);
#650 = VERTEX_POINT('',#651);
#651 = CARTESIAN_POINT('',(-54.75,-37.83016531361,-26.79361938736));
#652 = LINE('',#653,#654);
#653 = CARTESIAN_POINT('',(-28.75,-37.83016531361,-26.79361938736));
#654 = VECTOR('',#655,1.);
#655 = DIRECTION('',(1.,-1.614869854E-15,0.));
#656 = ORIENTED_EDGE('',*,*,#181,.T.);
#657 = ORIENTED_EDGE('',*,*,#658,.F.);
#658 = EDGE_CURVE('',#659,#173,#661,.T.);
#659 = VERTEX_POINT('',#660);
#660 = CARTESIAN_POINT('',(-54.75,-36.83111709203,-27.75));
#661 = LINE('',#662,#663);
#662 = CARTESIAN_POINT('',(-28.75,-36.83111709203,-27.75));
#663 = VECTOR('',#664,1.);
#664 = DIRECTION('',(-1.,1.614869854E-15,0.));
#665 = ORIENTED_EDGE('',*,*,#666,.F.);
#666 = EDGE_CURVE('',#650,#659,#667,.T.);
#667 = CIRCLE('',#668,1.);
#668 = AXIS2_PLACEMENT_3D('',#669,#670,#671);
#669 = CARTESIAN_POINT('',(-54.75,-36.83111709203,-26.75));
#670 = DIRECTION('',(1.,0.,0.));
#671 = DIRECTION('',(0.,-0.999048221582,-4.361938736533E-02));
#672 = CYLINDRICAL_SURFACE('',#673,1.);
#673 = AXIS2_PLACEMENT_3D('',#674,#675,#676);
#674 = CARTESIAN_POINT('',(-28.75,-36.83111709203,-26.75));
#675 = DIRECTION('',(1.,-1.614869854E-15,0.));
#676 = DIRECTION('',(-1.11670358743E-15,-0.691513055782,-0.72236396206)
  );
#677 = ADVANCED_FACE('',(#678),#704,.F.);
#678 = FACE_BOUND('',#679,.F.);
#679 = EDGE_LOOP('',(#680,#688,#689,#697));
#680 = ORIENTED_EDGE('',*,*,#681,.F.);
#681 = EDGE_CURVE('',#129,#682,#684,.T.);
#682 = VERTEX_POINT('',#683);
#683 = CARTESIAN_POINT('',(57.5,38.000951778418,0.));
#684 = LINE('',#685,#686);
#685 = CARTESIAN_POINT('',(57.427834758107,37.928786536526,
    -1.652855781054));
#686 = VECTOR('',#687,1.);
#687 = DIRECTION('',(4.357795025175E-02,4.357795025175E-02,
    0.998099155647));
#688 = ORIENTED_EDGE('',*,*,#146,.T.);
#689 = ORIENTED_EDGE('',*,*,#690,.F.);
#690 = EDGE_CURVE('',#691,#138,#693,.T.);
#691 = VERTEX_POINT('',#692);
#692 = CARTESIAN_POINT('',(56.500951778418,39.,0.));
#693 = LINE('',#694,#695);
#694 = CARTESIAN_POINT('',(56.428786536526,38.927834758107,
    -1.652855781054));
#695 = VECTOR('',#696,1.);
#696 = DIRECTION('',(-4.357795025175E-02,-4.357795025175E-02,
    -0.998099155647));
#697 = ORIENTED_EDGE('',*,*,#698,.F.);
#698 = EDGE_CURVE('',#682,#691,#699,.T.);
#699 = ELLIPSE('',#700,1.001904464443,1.);
#700 = AXIS2_PLACEMENT_3D('',#701,#702,#703);
#701 = CARTESIAN_POINT('',(56.499047314837,37.999047314837,0.));
#702 = DIRECTION('',(0.,0.,1.));
#703 = DIRECTION('',(0.707106781187,0.707106781187,-0.));
#704 = CYLINDRICAL_SURFACE('',#705,1.);
#705 = AXIS2_PLACEMENT_3D('',#706,#707,#708);
#706 = CARTESIAN_POINT('',(56.428786536526,37.928786536526,
    -1.609236393689));
#707 = DIRECTION('',(-4.357795025175E-02,-4.357795025175E-02,
    -0.998099155647));
#708 = DIRECTION('',(0.705762681255,0.705762681255,-6.162852826644E-02)
  );
#709 = ADVANCED_FACE('',(#710),#726,.F.);
#710 = FACE_BOUND('',#711,.F.);
#711 = EDGE_LOOP('',(#712,#718,#719,#725));
#712 = ORIENTED_EDGE('',*,*,#713,.F.);
#713 = EDGE_CURVE('',#103,#129,#714,.T.);
#714 = LINE('',#715,#716);
#715 = CARTESIAN_POINT('',(56.330165313616,-19.5,-26.79361938736));
#716 = VECTOR('',#717,1.);
#717 = DIRECTION('',(-6.619963376647E-16,1.,0.));
#718 = ORIENTED_EDGE('',*,*,#102,.T.);
#719 = ORIENTED_EDGE('',*,*,#720,.F.);
#720 = EDGE_CURVE('',#127,#92,#721,.T.);
#721 = LINE('',#722,#723);
#722 = CARTESIAN_POINT('',(55.331117092034,-19.5,-27.75));
#723 = VECTOR('',#724,1.);
#724 = DIRECTION('',(6.619963376647E-16,-1.,0.));
#725 = ORIENTED_EDGE('',*,*,#126,.T.);
#726 = CYLINDRICAL_SURFACE('',#727,1.);
#727 = AXIS2_PLACEMENT_3D('',#728,#729,#730);
#728 = CARTESIAN_POINT('',(55.331117092034,-19.5,-26.75));
#729 = DIRECTION('',(-6.619963376647E-16,1.,0.));
#730 = DIRECTION('',(0.691513055782,4.577791103752E-16,-0.72236396206));
#731 = ADVANCED_FACE('',(#732),#760,.F.);
#732 = FACE_BOUND('',#733,.F.);
#733 = EDGE_LOOP('',(#734,#743,#744,#753));
#734 = ORIENTED_EDGE('',*,*,#735,.F.);
#735 = EDGE_CURVE('',#650,#736,#738,.T.);
#736 = VERTEX_POINT('',#737);
#737 = CARTESIAN_POINT('',(-50.58016531361,-42.,-26.79361938736));
#738 = CIRCLE('',#739,4.169834686384);
#739 = AXIS2_PLACEMENT_3D('',#740,#741,#742);
#740 = CARTESIAN_POINT('',(-54.75,-42.,-26.79361938736));
#741 = DIRECTION('',(0.,0.,-1.));
#742 = DIRECTION('',(0.707106781187,0.707106781187,0.));
#743 = ORIENTED_EDGE('',*,*,#666,.T.);
#744 = ORIENTED_EDGE('',*,*,#745,.F.);
#745 = EDGE_CURVE('',#746,#659,#748,.T.);
#746 = VERTEX_POINT('',#747);
#747 = CARTESIAN_POINT('',(-49.58111709203,-42.,-27.75));
#748 = CIRCLE('',#749,5.168882907966);
#749 = AXIS2_PLACEMENT_3D('',#750,#751,#752);
#750 = CARTESIAN_POINT('',(-54.75,-42.,-27.75));
#751 = DIRECTION('',(0.,0.,1.));
#752 = DIRECTION('',(0.707106781187,0.707106781187,-0.));
#753 = ORIENTED_EDGE('',*,*,#754,.F.);
#754 = EDGE_CURVE('',#736,#746,#755,.T.);
#755 = CIRCLE('',#756,1.);
#756 = AXIS2_PLACEMENT_3D('',#757,#758,#759);
#757 = CARTESIAN_POINT('',(-49.58111709203,-42.,-26.75));
#758 = DIRECTION('',(8.89024574103E-15,-1.,0.));
#759 = DIRECTION('',(-0.999048221582,-8.881784197001E-15,
    -4.361938736533E-02));
#760 = TOROIDAL_SURFACE('',#761,5.168882907966,1.);
#761 = AXIS2_PLACEMENT_3D('',#762,#763,#764);
#762 = CARTESIAN_POINT('',(-54.75,-42.,-26.75));
#763 = DIRECTION('',(0.,0.,-1.));
#764 = DIRECTION('',(-1.,0.,0.));
#765 = ADVANCED_FACE('',(#766),#792,.F.);
#766 = FACE_BOUND('',#767,.F.);
#767 = EDGE_LOOP('',(#768,#776,#777,#785));
#768 = ORIENTED_EDGE('',*,*,#769,.F.);
#769 = EDGE_CURVE('',#94,#770,#772,.T.);
#770 = VERTEX_POINT('',#771);
#771 = CARTESIAN_POINT('',(56.500951778418,-39.,0.));
#772 = LINE('',#773,#774);
#773 = CARTESIAN_POINT('',(56.5002378318,-38.99928605338,
    -1.635206596875E-02));
#774 = VECTOR('',#775,1.);
#775 = DIRECTION('',(4.357795025175E-02,-4.357795025175E-02,
    0.998099155647));
#776 = ORIENTED_EDGE('',*,*,#111,.T.);
#777 = ORIENTED_EDGE('',*,*,#778,.F.);
#778 = EDGE_CURVE('',#779,#103,#781,.T.);
#779 = VERTEX_POINT('',#780);
#780 = CARTESIAN_POINT('',(57.5,-38.00095177841,0.));
#781 = LINE('',#782,#783);
#782 = CARTESIAN_POINT('',(57.499286053381,-38.00023783179,
    -1.635206596875E-02));
#783 = VECTOR('',#784,1.);
#784 = DIRECTION('',(-4.357795025175E-02,4.357795025175E-02,
    -0.998099155647));
#785 = ORIENTED_EDGE('',*,*,#786,.F.);
#786 = EDGE_CURVE('',#770,#779,#787,.T.);
#787 = ELLIPSE('',#788,1.001904464443,1.);
#788 = AXIS2_PLACEMENT_3D('',#789,#790,#791);
#789 = CARTESIAN_POINT('',(56.499047314837,-37.99904731483,0.));
#790 = DIRECTION('',(0.,0.,1.));
#791 = DIRECTION('',(0.707106781187,-0.707106781187,0.));
#792 = CYLINDRICAL_SURFACE('',#793,1.);
#793 = AXIS2_PLACEMENT_3D('',#794,#795,#796);
#794 = CARTESIAN_POINT('',(56.5002378318,-38.00023783179,
    2.726732139659E-02));
#795 = DIRECTION('',(-4.357795025175E-02,4.357795025175E-02,
    -0.998099155647));
#796 = DIRECTION('',(0.705762681255,-0.705762681255,-6.162852826644E-02)
  );
#797 = ADVANCED_FACE('',(#798),#824,.F.);
#798 = FACE_BOUND('',#799,.F.);
#799 = EDGE_LOOP('',(#800,#808,#809,#817));
#800 = ORIENTED_EDGE('',*,*,#801,.F.);
#801 = EDGE_CURVE('',#92,#802,#804,.T.);
#802 = VERTEX_POINT('',#803);
#803 = CARTESIAN_POINT('',(54.75,-36.83111709203,-27.75));
#804 = LINE('',#805,#806);
#805 = CARTESIAN_POINT('',(27.375,-36.83111709203,-27.75));
#806 = VECTOR('',#807,1.);
#807 = DIRECTION('',(-1.,1.614869854E-15,0.));
#808 = ORIENTED_EDGE('',*,*,#91,.T.);
#809 = ORIENTED_EDGE('',*,*,#810,.F.);
#810 = EDGE_CURVE('',#811,#94,#813,.T.);
#811 = VERTEX_POINT('',#812);
#812 = CARTESIAN_POINT('',(54.75,-37.83016531361,-26.79361938736));
#813 = LINE('',#814,#815);
#814 = CARTESIAN_POINT('',(27.375,-37.83016531361,-26.79361938736));
#815 = VECTOR('',#816,1.);
#816 = DIRECTION('',(1.,-1.614869854E-15,0.));
#817 = ORIENTED_EDGE('',*,*,#818,.F.);
#818 = EDGE_CURVE('',#802,#811,#819,.T.);
#819 = CIRCLE('',#820,1.);
#820 = AXIS2_PLACEMENT_3D('',#821,#822,#823);
#821 = CARTESIAN_POINT('',(54.75,-36.83111709203,-26.75));
#822 = DIRECTION('',(-1.,0.,0.));
#823 = DIRECTION('',(0.,0.,-1.));
#824 = CYLINDRICAL_SURFACE('',#825,1.);
#825 = AXIS2_PLACEMENT_3D('',#826,#827,#828);
#826 = CARTESIAN_POINT('',(27.375,-36.83111709203,-26.75));
#827 = DIRECTION('',(1.,-1.614869854E-15,0.));
#828 = DIRECTION('',(-1.11670358743E-15,-0.691513055782,-0.72236396206)
  );
#829 = ADVANCED_FACE('',(#830),#846,.F.);
#830 = FACE_BOUND('',#831,.F.);
#831 = EDGE_LOOP('',(#832,#838,#839,#845));
#832 = ORIENTED_EDGE('',*,*,#833,.F.);
#833 = EDGE_CURVE('',#736,#57,#834,.T.);
#834 = LINE('',#835,#836);
#835 = CARTESIAN_POINT('',(-50.58016531361,-21.,-26.79361938736));
#836 = VECTOR('',#837,1.);
#837 = DIRECTION('',(3.229739708E-15,-1.,0.));
#838 = ORIENTED_EDGE('',*,*,#754,.T.);
#839 = ORIENTED_EDGE('',*,*,#840,.F.);
#840 = EDGE_CURVE('',#68,#746,#841,.T.);
#841 = LINE('',#842,#843);
#842 = CARTESIAN_POINT('',(-49.58111709203,-21.,-27.75));
#843 = VECTOR('',#844,1.);
#844 = DIRECTION('',(-3.229739708E-15,1.,0.));
#845 = ORIENTED_EDGE('',*,*,#67,.T.);
#846 = CYLINDRICAL_SURFACE('',#847,1.);
#847 = AXIS2_PLACEMENT_3D('',#848,#849,#850);
#848 = CARTESIAN_POINT('',(-49.58111709203,-21.,-26.75));
#849 = DIRECTION('',(3.229739708E-15,-1.,0.));
#850 = DIRECTION('',(-0.691513055782,-2.233407174861E-15,-0.72236396206)
  );
#851 = ADVANCED_FACE('',(#852),#880,.F.);
#852 = FACE_BOUND('',#853,.F.);
#853 = EDGE_LOOP('',(#854,#863,#864,#873));
#854 = ORIENTED_EDGE('',*,*,#855,.F.);
#855 = EDGE_CURVE('',#802,#856,#858,.T.);
#856 = VERTEX_POINT('',#857);
#857 = CARTESIAN_POINT('',(49.581117092034,-42.,-27.75));
#858 = CIRCLE('',#859,5.168882907966);
#859 = AXIS2_PLACEMENT_3D('',#860,#861,#862);
#860 = CARTESIAN_POINT('',(54.75,-42.,-27.75));
#861 = DIRECTION('',(0.,0.,1.));
#862 = DIRECTION('',(-0.707106781187,0.707106781187,0.));
#863 = ORIENTED_EDGE('',*,*,#818,.T.);
#864 = ORIENTED_EDGE('',*,*,#865,.F.);
#865 = EDGE_CURVE('',#866,#811,#868,.T.);
#866 = VERTEX_POINT('',#867);
#867 = CARTESIAN_POINT('',(50.580165313616,-42.,-26.79361938736));
#868 = CIRCLE('',#869,4.169834686384);
#869 = AXIS2_PLACEMENT_3D('',#870,#871,#872);
#870 = CARTESIAN_POINT('',(54.75,-42.,-26.79361938736));
#871 = DIRECTION('',(0.,0.,-1.));
#872 = DIRECTION('',(-0.707106781187,0.707106781187,0.));
#873 = ORIENTED_EDGE('',*,*,#874,.F.);
#874 = EDGE_CURVE('',#856,#866,#875,.T.);
#875 = CIRCLE('',#876,1.);
#876 = AXIS2_PLACEMENT_3D('',#877,#878,#879);
#877 = CARTESIAN_POINT('',(49.581117092034,-42.,-26.75));
#878 = DIRECTION('',(0.,-1.,0.));
#879 = DIRECTION('',(0.,0.,-1.));
#880 = TOROIDAL_SURFACE('',#881,5.168882907966,1.);
#881 = AXIS2_PLACEMENT_3D('',#882,#883,#884);
#882 = CARTESIAN_POINT('',(54.75,-42.,-26.75));
#883 = DIRECTION('',(0.,0.,-1.));
#884 = DIRECTION('',(-1.,0.,0.));
#885 = ADVANCED_FACE('',(#886),#912,.F.);
#886 = FACE_BOUND('',#887,.F.);
#887 = EDGE_LOOP('',(#888,#896,#897,#905));
#888 = ORIENTED_EDGE('',*,*,#889,.F.);
#889 = EDGE_CURVE('',#57,#890,#892,.T.);
#890 = VERTEX_POINT('',#891);
#891 = CARTESIAN_POINT('',(-51.75,-43.75095177841,-1.387778780781E-16));
#892 = LINE('',#893,#894);
#893 = CARTESIAN_POINT('',(-51.74928605338,-43.7502378318,
    -1.635206596875E-02));
#894 = VECTOR('',#895,1.);
#895 = DIRECTION('',(-4.357795025175E-02,-4.357795025175E-02,
    0.998099155647));
#896 = ORIENTED_EDGE('',*,*,#56,.T.);
#897 = ORIENTED_EDGE('',*,*,#898,.F.);
#898 = EDGE_CURVE('',#899,#59,#901,.T.);
#899 = VERTEX_POINT('',#900);
#900 = CARTESIAN_POINT('',(-50.75095177841,-44.75,0.));
#901 = LINE('',#902,#903);
#902 = CARTESIAN_POINT('',(-50.75023783179,-44.74928605338,
    -1.635206596875E-02));
#903 = VECTOR('',#904,1.);
#904 = DIRECTION('',(4.357795025175E-02,4.357795025175E-02,
    -0.998099155647));
#905 = ORIENTED_EDGE('',*,*,#906,.F.);
#906 = EDGE_CURVE('',#890,#899,#907,.T.);
#907 = ELLIPSE('',#908,1.001904464443,1.);
#908 = AXIS2_PLACEMENT_3D('',#909,#910,#911);
#909 = CARTESIAN_POINT('',(-50.74904731483,-43.74904731483,0.));
#910 = DIRECTION('',(0.,0.,1.));
#911 = DIRECTION('',(-0.707106781187,-0.707106781187,0.));
#912 = CYLINDRICAL_SURFACE('',#913,1.);
#913 = AXIS2_PLACEMENT_3D('',#914,#915,#916);
#914 = CARTESIAN_POINT('',(-50.75023783179,-43.7502378318,
    2.726732139659E-02));
#915 = DIRECTION('',(4.357795025175E-02,4.357795025175E-02,
    -0.998099155647));
#916 = DIRECTION('',(-0.705762681255,-0.705762681255,-6.162852826644E-02
    ));
#917 = ADVANCED_FACE('',(#918),#934,.F.);
#918 = FACE_BOUND('',#919,.F.);
#919 = EDGE_LOOP('',(#920,#926,#927,#933));
#920 = ORIENTED_EDGE('',*,*,#921,.F.);
#921 = EDGE_CURVE('',#59,#22,#922,.T.);
#922 = LINE('',#923,#924);
#923 = CARTESIAN_POINT('',(-25.875,-43.58016531361,-26.79361938736));
#924 = VECTOR('',#925,1.);
#925 = DIRECTION('',(1.,3.351616678114E-16,0.));
#926 = ORIENTED_EDGE('',*,*,#76,.T.);
#927 = ORIENTED_EDGE('',*,*,#928,.F.);
#928 = EDGE_CURVE('',#33,#68,#929,.T.);
#929 = LINE('',#930,#931);
#930 = CARTESIAN_POINT('',(-25.875,-42.58111709203,-27.75));
#931 = VECTOR('',#932,1.);
#932 = DIRECTION('',(-1.,-3.351616678114E-16,0.));
#933 = ORIENTED_EDGE('',*,*,#32,.T.);
#934 = CYLINDRICAL_SURFACE('',#935,1.);
#935 = AXIS2_PLACEMENT_3D('',#936,#937,#938);
#936 = CARTESIAN_POINT('',(-25.875,-42.58111709203,-26.75));
#937 = DIRECTION('',(1.,3.351616678114E-16,0.));
#938 = DIRECTION('',(2.317686690893E-16,-0.691513055782,-0.72236396206)
  );
#939 = ADVANCED_FACE('',(#940),#956,.F.);
#940 = FACE_BOUND('',#941,.F.);
#941 = EDGE_LOOP('',(#942,#948,#949,#955));
#942 = ORIENTED_EDGE('',*,*,#943,.F.);
#943 = EDGE_CURVE('',#24,#866,#944,.T.);
#944 = LINE('',#945,#946);
#945 = CARTESIAN_POINT('',(50.580165313616,-22.375,-26.79361938736));
#946 = VECTOR('',#947,1.);
#947 = DIRECTION('',(-3.229739708E-15,1.,0.));
#948 = ORIENTED_EDGE('',*,*,#41,.T.);
#949 = ORIENTED_EDGE('',*,*,#950,.F.);
#950 = EDGE_CURVE('',#856,#33,#951,.T.);
#951 = LINE('',#952,#953);
#952 = CARTESIAN_POINT('',(49.581117092034,-22.375,-27.75));
#953 = VECTOR('',#954,1.);
#954 = DIRECTION('',(3.229739708E-15,-1.,0.));
#955 = ORIENTED_EDGE('',*,*,#874,.T.);
#956 = CYLINDRICAL_SURFACE('',#957,1.);
#957 = AXIS2_PLACEMENT_3D('',#958,#959,#960);
#958 = CARTESIAN_POINT('',(49.581117092034,-22.375,-26.75));
#959 = DIRECTION('',(-3.229739708E-15,1.,0.));
#960 = DIRECTION('',(0.691513055782,2.233407174861E-15,-0.72236396206));
#961 = ADVANCED_FACE('',(#962),#988,.F.);
#962 = FACE_BOUND('',#963,.F.);
#963 = EDGE_LOOP('',(#964,#972,#973,#981));
#964 = ORIENTED_EDGE('',*,*,#965,.F.);
#965 = EDGE_CURVE('',#22,#966,#968,.T.);
#966 = VERTEX_POINT('',#967);
#967 = CARTESIAN_POINT('',(50.750951778418,-44.75,0.));
#968 = LINE('',#969,#970);
#969 = CARTESIAN_POINT('',(50.654573805237,-44.65362202681,
    -2.207418501781));
#970 = VECTOR('',#971,1.);
#971 = DIRECTION('',(4.357795025175E-02,-4.357795025175E-02,
    0.998099155647));
#972 = ORIENTED_EDGE('',*,*,#21,.T.);
#973 = ORIENTED_EDGE('',*,*,#974,.F.);
#974 = EDGE_CURVE('',#975,#24,#977,.T.);
#975 = VERTEX_POINT('',#976);
#976 = CARTESIAN_POINT('',(51.75,-43.75095177841,-1.387778780781E-16));
#977 = LINE('',#978,#979);
#978 = CARTESIAN_POINT('',(51.653622026819,-43.65457380523,
    -2.207418501781));
#979 = VECTOR('',#980,1.);
#980 = DIRECTION('',(-4.357795025175E-02,4.357795025175E-02,
    -0.998099155647));
#981 = ORIENTED_EDGE('',*,*,#982,.F.);
#982 = EDGE_CURVE('',#966,#975,#983,.T.);
#983 = ELLIPSE('',#984,1.001904464443,1.);
#984 = AXIS2_PLACEMENT_3D('',#985,#986,#987);
#985 = CARTESIAN_POINT('',(50.749047314837,-43.74904731483,0.));
#986 = DIRECTION('',(0.,0.,1.));
#987 = DIRECTION('',(0.707106781187,-0.707106781187,0.));
#988 = CYLINDRICAL_SURFACE('',#989,1.);
#989 = AXIS2_PLACEMENT_3D('',#990,#991,#992);
#990 = CARTESIAN_POINT('',(50.654573805237,-43.65457380523,
    -2.163799114415));
#991 = DIRECTION('',(-4.357795025175E-02,4.357795025175E-02,
    -0.998099155647));
#992 = DIRECTION('',(0.705762681255,-0.705762681255,-6.162852826644E-02)
  );
#993 = ADVANCED_FACE('',(#994),#1012,.F.);
#994 = FACE_BOUND('',#995,.T.);
#995 = EDGE_LOOP('',(#996,#997,#998,#1006));
#996 = ORIENTED_EDGE('',*,*,#943,.F.);
#997 = ORIENTED_EDGE('',*,*,#974,.F.);
#998 = ORIENTED_EDGE('',*,*,#999,.F.);
#999 = EDGE_CURVE('',#1000,#975,#1002,.T.);
#1000 = VERTEX_POINT('',#1001);
#1001 = CARTESIAN_POINT('',(51.75,-42.,0.));
#1002 = LINE('',#1003,#1004);
#1003 = CARTESIAN_POINT('',(51.75,-22.375,-1.387778780781E-16));
#1004 = VECTOR('',#1005,1.);
#1005 = DIRECTION('',(3.229739708E-15,-1.,0.));
#1006 = ORIENTED_EDGE('',*,*,#1007,.T.);
#1007 = EDGE_CURVE('',#1000,#866,#1008,.T.);
#1008 = LINE('',#1009,#1010);
#1009 = CARTESIAN_POINT('',(51.75,-42.,0.));
#1010 = VECTOR('',#1011,1.);
#1011 = DIRECTION('',(-4.361938736534E-02,0.,-0.999048221582));
#1012 = PLANE('',#1013);
#1013 = AXIS2_PLACEMENT_3D('',#1014,#1015,#1016);
#1014 = CARTESIAN_POINT('',(51.75,-44.75,0.));
#1015 = DIRECTION('',(0.999048221582,3.22666571145E-15,
    -4.361938736534E-02));
#1016 = DIRECTION('',(3.230354214734E-15,-1.,1.407451815662E-17));
#1017 = ADVANCED_FACE('',(#1018),#1029,.F.);
#1018 = FACE_BOUND('',#1019,.T.);
#1019 = EDGE_LOOP('',(#1020,#1021,#1022,#1023));
#1020 = ORIENTED_EDGE('',*,*,#965,.F.);
#1021 = ORIENTED_EDGE('',*,*,#921,.F.);
#1022 = ORIENTED_EDGE('',*,*,#898,.F.);
#1023 = ORIENTED_EDGE('',*,*,#1024,.F.);
#1024 = EDGE_CURVE('',#966,#899,#1025,.T.);
#1025 = LINE('',#1026,#1027);
#1026 = CARTESIAN_POINT('',(-25.875,-44.75,0.));
#1027 = VECTOR('',#1028,1.);
#1028 = DIRECTION('',(-1.,-3.351616678114E-16,0.));
#1029 = PLANE('',#1030);
#1030 = AXIS2_PLACEMENT_3D('',#1031,#1032,#1033);
#1031 = CARTESIAN_POINT('',(-51.75,-44.75,0.));
#1032 = DIRECTION('',(3.348426681694E-16,-0.999048221582,
    -4.361938736534E-02));
#1033 = DIRECTION('',(-1.,-3.345239721443E-16,-1.460563204932E-17));
#1034 = ADVANCED_FACE('',(#1035),#1053,.F.);
#1035 = FACE_BOUND('',#1036,.T.);
#1036 = EDGE_LOOP('',(#1037,#1038,#1039,#1047));
#1037 = ORIENTED_EDGE('',*,*,#889,.F.);
#1038 = ORIENTED_EDGE('',*,*,#833,.F.);
#1039 = ORIENTED_EDGE('',*,*,#1040,.F.);
#1040 = EDGE_CURVE('',#1041,#736,#1043,.T.);
#1041 = VERTEX_POINT('',#1042);
#1042 = CARTESIAN_POINT('',(-51.75,-42.,0.));
#1043 = LINE('',#1044,#1045);
#1044 = CARTESIAN_POINT('',(-51.75,-42.,0.));
#1045 = VECTOR('',#1046,1.);
#1046 = DIRECTION('',(4.361938736534E-02,0.,-0.999048221582));
#1047 = ORIENTED_EDGE('',*,*,#1048,.F.);
#1048 = EDGE_CURVE('',#890,#1041,#1049,.T.);
#1049 = LINE('',#1050,#1051);
#1050 = CARTESIAN_POINT('',(-51.75,-21.,-1.387778780781E-16));
#1051 = VECTOR('',#1052,1.);
#1052 = DIRECTION('',(-3.229739708E-15,1.,0.));
#1053 = PLANE('',#1054);
#1054 = AXIS2_PLACEMENT_3D('',#1055,#1056,#1057);
#1055 = CARTESIAN_POINT('',(-51.75,-42.,0.));
#1056 = DIRECTION('',(-0.999048221582,-3.22666571145E-15,
    -4.361938736534E-02));
#1057 = DIRECTION('',(-3.230354214734E-15,1.,1.407451815662E-17));
#1058 = ADVANCED_FACE('',(#1059),#1078,.T.);
#1059 = FACE_BOUND('',#1060,.T.);
#1060 = EDGE_LOOP('',(#1061,#1062,#1070,#1077));
#1061 = ORIENTED_EDGE('',*,*,#735,.F.);
#1062 = ORIENTED_EDGE('',*,*,#1063,.F.);
#1063 = EDGE_CURVE('',#1064,#650,#1066,.T.);
#1064 = VERTEX_POINT('',#1065);
#1065 = CARTESIAN_POINT('',(-54.75,-39.,0.));
#1066 = LINE('',#1067,#1068);
#1067 = CARTESIAN_POINT('',(-54.75,-39.,0.));
#1068 = VECTOR('',#1069,1.);
#1069 = DIRECTION('',(0.,4.361938736534E-02,-0.999048221582));
#1070 = ORIENTED_EDGE('',*,*,#1071,.F.);
#1071 = EDGE_CURVE('',#1041,#1064,#1072,.T.);
#1072 = CIRCLE('',#1073,3.);
#1073 = AXIS2_PLACEMENT_3D('',#1074,#1075,#1076);
#1074 = CARTESIAN_POINT('',(-54.75,-42.,0.));
#1075 = DIRECTION('',(0.,0.,1.));
#1076 = DIRECTION('',(1.,0.,-0.));
#1077 = ORIENTED_EDGE('',*,*,#1040,.T.);
#1078 = CONICAL_SURFACE('',#1079,3.,4.36332313E-02);
#1079 = AXIS2_PLACEMENT_3D('',#1080,#1081,#1082);
#1080 = CARTESIAN_POINT('',(-54.75,-42.,0.));
#1081 = DIRECTION('',(0.,0.,-1.));
#1082 = DIRECTION('',(1.,0.,0.));
#1083 = ADVANCED_FACE('',(#1084),#1095,.F.);
#1084 = FACE_BOUND('',#1085,.T.);
#1085 = EDGE_LOOP('',(#1086,#1087,#1088,#1094));
#1086 = ORIENTED_EDGE('',*,*,#649,.F.);
#1087 = ORIENTED_EDGE('',*,*,#626,.F.);
#1088 = ORIENTED_EDGE('',*,*,#1089,.F.);
#1089 = EDGE_CURVE('',#1064,#627,#1090,.T.);
#1090 = LINE('',#1091,#1092);
#1091 = CARTESIAN_POINT('',(-28.75,-39.,0.));
#1092 = VECTOR('',#1093,1.);
#1093 = DIRECTION('',(-1.,1.614869854E-15,0.));
#1094 = ORIENTED_EDGE('',*,*,#1063,.T.);
#1095 = PLANE('',#1096);
#1096 = AXIS2_PLACEMENT_3D('',#1097,#1098,#1099);
#1097 = CARTESIAN_POINT('',(-57.5,-39.,0.));
#1098 = DIRECTION('',(-1.613332855725E-15,-0.999048221582,
    -4.361938736534E-02));
#1099 = DIRECTION('',(-1.,1.61450114996E-15,8.444710893971E-18));
#1100 = ADVANCED_FACE('',(#1101),#1112,.F.);
#1101 = FACE_BOUND('',#1102,.T.);
#1102 = EDGE_LOOP('',(#1103,#1104,#1105,#1106));
#1103 = ORIENTED_EDGE('',*,*,#617,.F.);
#1104 = ORIENTED_EDGE('',*,*,#573,.F.);
#1105 = ORIENTED_EDGE('',*,*,#550,.F.);
#1106 = ORIENTED_EDGE('',*,*,#1107,.F.);
#1107 = EDGE_CURVE('',#618,#551,#1108,.T.);
#1108 = LINE('',#1109,#1110);
#1109 = CARTESIAN_POINT('',(-57.5,19.5,0.));
#1110 = VECTOR('',#1111,1.);
#1111 = DIRECTION('',(-1.103327229441E-16,1.,0.));
#1112 = PLANE('',#1113);
#1113 = AXIS2_PLACEMENT_3D('',#1114,#1115,#1116);
#1114 = CARTESIAN_POINT('',(-57.5,39.,0.));
#1115 = DIRECTION('',(-0.999048221582,-1.102277106396E-16,
    -4.361938736534E-02));
#1116 = DIRECTION('',(-1.101227982835E-16,1.,-4.808065208783E-18));
#1117 = ADVANCED_FACE('',(#1118),#1136,.F.);
#1118 = FACE_BOUND('',#1119,.T.);
#1119 = EDGE_LOOP('',(#1120,#1121,#1122,#1130));
#1120 = ORIENTED_EDGE('',*,*,#541,.F.);
#1121 = ORIENTED_EDGE('',*,*,#485,.F.);
#1122 = ORIENTED_EDGE('',*,*,#1123,.F.);
#1123 = EDGE_CURVE('',#1124,#388,#1126,.T.);
#1124 = VERTEX_POINT('',#1125);
#1125 = CARTESIAN_POINT('',(-54.75,39.,0.));
#1126 = LINE('',#1127,#1128);
#1127 = CARTESIAN_POINT('',(-54.75,39.,0.));
#1128 = VECTOR('',#1129,1.);
#1129 = DIRECTION('',(0.,-4.361938736534E-02,-0.999048221582));
#1130 = ORIENTED_EDGE('',*,*,#1131,.F.);
#1131 = EDGE_CURVE('',#542,#1124,#1132,.T.);
#1132 = LINE('',#1133,#1134);
#1133 = CARTESIAN_POINT('',(-27.375,39.,0.));
#1134 = VECTOR('',#1135,1.);
#1135 = DIRECTION('',(1.,1.614869854E-15,0.));
#1136 = PLANE('',#1137);
#1137 = AXIS2_PLACEMENT_3D('',#1138,#1139,#1140);
#1138 = CARTESIAN_POINT('',(-54.75,39.,0.));
#1139 = DIRECTION('',(-1.613332855725E-15,0.999048221582,
    -4.361938736534E-02));
#1140 = DIRECTION('',(1.,1.61450114996E-15,-8.444710893971E-18));
#1141 = ADVANCED_FACE('',(#1142),#1161,.T.);
#1142 = FACE_BOUND('',#1143,.T.);
#1143 = EDGE_LOOP('',(#1144,#1145,#1153,#1160));
#1144 = ORIENTED_EDGE('',*,*,#387,.F.);
#1145 = ORIENTED_EDGE('',*,*,#1146,.F.);
#1146 = EDGE_CURVE('',#1147,#302,#1149,.T.);
#1147 = VERTEX_POINT('',#1148);
#1148 = CARTESIAN_POINT('',(-51.75,42.,0.));
#1149 = LINE('',#1150,#1151);
#1150 = CARTESIAN_POINT('',(-51.75,42.,0.));
#1151 = VECTOR('',#1152,1.);
#1152 = DIRECTION('',(4.361938736534E-02,0.,-0.999048221582));
#1153 = ORIENTED_EDGE('',*,*,#1154,.F.);
#1154 = EDGE_CURVE('',#1124,#1147,#1155,.T.);
#1155 = CIRCLE('',#1156,3.);
#1156 = AXIS2_PLACEMENT_3D('',#1157,#1158,#1159);
#1157 = CARTESIAN_POINT('',(-54.75,42.,0.));
#1158 = DIRECTION('',(0.,0.,1.));
#1159 = DIRECTION('',(0.,-1.,0.));
#1160 = ORIENTED_EDGE('',*,*,#1123,.T.);
#1161 = CONICAL_SURFACE('',#1162,3.,4.36332313E-02);
#1162 = AXIS2_PLACEMENT_3D('',#1163,#1164,#1165);
#1163 = CARTESIAN_POINT('',(-54.75,42.,0.));
#1164 = DIRECTION('',(0.,0.,-1.));
#1165 = DIRECTION('',(0.,-1.,0.));
#1166 = ADVANCED_FACE('',(#1167,#1232,#1330,#1396,#1518,#1640,#1681,
    #1763,#1826,#1886,#2022,#2116,#2165,#2230),#2248,.T.);
#1167 = FACE_BOUND('',#1168,.T.);
#1168 = EDGE_LOOP('',(#1169,#1180,#1189,#1200,#1208,#1216,#1224));
#1169 = ORIENTED_EDGE('',*,*,#1170,.T.);
#1170 = EDGE_CURVE('',#1171,#1173,#1175,.T.);
#1171 = VERTEX_POINT('',#1172);
#1172 = CARTESIAN_POINT('',(41.969245396001,-8.274939247827,-27.75));
#1173 = VERTEX_POINT('',#1174);
#1174 = CARTESIAN_POINT('',(41.227629554972,-7.78408559765,-27.75));
#1175 = B_SPLINE_CURVE_WITH_KNOTS('',2,(#1176,#1177,#1178,#1179),
  .UNSPECIFIED.,.F.,.F.,(3,1,3),(0.,1.,2.),.QUASI_UNIFORM_KNOTS.);
#1176 = CARTESIAN_POINT('',(41.969245396001,-8.274939247827,-27.75));
#1177 = CARTESIAN_POINT('',(41.745160033963,-8.274939247827,-27.75));
#1178 = CARTESIAN_POINT('',(41.350342967516,-8.03218010562,-27.75));
#1179 = CARTESIAN_POINT('',(41.227629554972,-7.78408559765,-27.75));
#1180 = ORIENTED_EDGE('',*,*,#1181,.T.);
#1181 = EDGE_CURVE('',#1173,#1182,#1184,.T.);
#1182 = VERTEX_POINT('',#1183);
#1183 = CARTESIAN_POINT('',(40.379306398687,-8.445670952237,-27.75));
#1184 = B_SPLINE_CURVE_WITH_KNOTS('',2,(#1185,#1186,#1187,#1188),
  .UNSPECIFIED.,.F.,.F.,(3,1,3),(0.,1.,2.),.QUASI_UNIFORM_KNOTS.);
#1185 = CARTESIAN_POINT('',(41.227629554972,-7.78408559765,-27.75));
#1186 = CARTESIAN_POINT('',(41.134260654123,-8.104207543418,-27.75));
#1187 = CARTESIAN_POINT('',(40.686089930048,-8.445670952237,-27.75));
#1188 = CARTESIAN_POINT('',(40.379306398687,-8.445670952237,-27.75));
#1189 = ORIENTED_EDGE('',*,*,#1190,.T.);
#1190 = EDGE_CURVE('',#1182,#1191,#1193,.T.);
#1191 = VERTEX_POINT('',#1192);
#1192 = CARTESIAN_POINT('',(39.365586903755,-7.13583865747,-27.75));
#1193 = B_SPLINE_CURVE_WITH_KNOTS('',2,(#1194,#1195,#1196,#1197,#1198,
    #1199),.UNSPECIFIED.,.F.,.F.,(3,1,1,1,3),(0.,1.,2.,3.,4.),
  .QUASI_UNIFORM_KNOTS.);
#1194 = CARTESIAN_POINT('',(40.379306398687,-8.445670952237,-27.75));
#1195 = CARTESIAN_POINT('',(40.133879573598,-8.445670952237,-27.75));
#1196 = CARTESIAN_POINT('',(39.712385678337,-8.237591687488,-27.75));
#1197 = CARTESIAN_POINT('',(39.482964950537,-7.933475839008,-27.75));
#1198 = CARTESIAN_POINT('',(39.365586903755,-7.471966700526,-27.75));
#1199 = CARTESIAN_POINT('',(39.365586903755,-7.13583865747,-27.75));
#1200 = ORIENTED_EDGE('',*,*,#1201,.T.);
#1201 = EDGE_CURVE('',#1191,#1202,#1204,.T.);
#1202 = VERTEX_POINT('',#1203);
#1203 = CARTESIAN_POINT('',(39.365586903755,-5.801997216771,-27.75));
#1204 = LINE('',#1205,#1206);
#1205 = CARTESIAN_POINT('',(39.365586903755,-2.900998608385,-27.75));
#1206 = VECTOR('',#1207,1.);
#1207 = DIRECTION('',(0.,1.,0.));
#1208 = ORIENTED_EDGE('',*,*,#1209,.T.);
#1209 = EDGE_CURVE('',#1202,#1210,#1212,.T.);
#1210 = VERTEX_POINT('',#1211);
#1211 = CARTESIAN_POINT('',(42.865586844151,-5.801997216771,-27.75));
#1212 = LINE('',#1213,#1214);
#1213 = CARTESIAN_POINT('',(21.432793422075,-5.801997216771,-27.75));
#1214 = VECTOR('',#1215,1.);
#1215 = DIRECTION('',(1.,0.,0.));
#1216 = ORIENTED_EDGE('',*,*,#1217,.T.);
#1217 = EDGE_CURVE('',#1210,#1218,#1220,.T.);
#1218 = VERTEX_POINT('',#1219);
#1219 = CARTESIAN_POINT('',(42.865586844151,-7.114497194419,-27.75));
#1220 = LINE('',#1221,#1222);
#1221 = CARTESIAN_POINT('',(42.865586844151,-3.557248597209,-27.75));
#1222 = VECTOR('',#1223,1.);
#1223 = DIRECTION('',(0.,-1.,0.));
#1224 = ORIENTED_EDGE('',*,*,#1225,.T.);
#1225 = EDGE_CURVE('',#1218,#1171,#1226,.T.);
#1226 = B_SPLINE_CURVE_WITH_KNOTS('',2,(#1227,#1228,#1229,#1230,#1231),
  .UNSPECIFIED.,.F.,.F.,(3,1,1,3),(0.,1.,2.,3.),.QUASI_UNIFORM_KNOTS.);
#1227 = CARTESIAN_POINT('',(42.865586844151,-7.114497194419,-27.75));
#1228 = CARTESIAN_POINT('',(42.865586844151,-7.514649626629,-27.75));
#1229 = CARTESIAN_POINT('',(42.652172213639,-8.000167911043,-27.75));
#1230 = CARTESIAN_POINT('',(42.212004538208,-8.274939247827,-27.75));
#1231 = CARTESIAN_POINT('',(41.969245396001,-8.274939247827,-27.75));
#1232 = FACE_BOUND('',#1233,.T.);
#1233 = EDGE_LOOP('',(#1234,#1244,#1252,#1260,#1268,#1276,#1284,#1292,
    #1300,#1308,#1316,#1324));
#1234 = ORIENTED_EDGE('',*,*,#1235,.T.);
#1235 = EDGE_CURVE('',#1236,#1238,#1240,.T.);
#1236 = VERTEX_POINT('',#1237);
#1237 = CARTESIAN_POINT('',(48.37354537553,9.759931812846,-27.75));
#1238 = VERTEX_POINT('',#1239);
#1239 = CARTESIAN_POINT('',(44.873545435135,9.759931812846,-27.75));
#1240 = LINE('',#1241,#1242);
#1241 = CARTESIAN_POINT('',(22.436772717568,9.759931812846,-27.75));
#1242 = VECTOR('',#1243,1.);
#1243 = DIRECTION('',(-1.,0.,0.));
#1244 = ORIENTED_EDGE('',*,*,#1245,.T.);
#1245 = EDGE_CURVE('',#1238,#1246,#1248,.T.);
#1246 = VERTEX_POINT('',#1247);
#1247 = CARTESIAN_POINT('',(44.873545435135,10.22410863421,-27.75));
#1248 = LINE('',#1249,#1250);
#1249 = CARTESIAN_POINT('',(44.873545435135,5.112054317105,-27.75));
#1250 = VECTOR('',#1251,1.);
#1251 = DIRECTION('',(0.,1.,0.));
#1252 = ORIENTED_EDGE('',*,*,#1253,.T.);
#1253 = EDGE_CURVE('',#1246,#1254,#1256,.T.);
#1254 = VERTEX_POINT('',#1255);
#1255 = CARTESIAN_POINT('',(46.522173455839,10.22410863421,-27.75));
#1256 = LINE('',#1257,#1258);
#1257 = CARTESIAN_POINT('',(23.26108672792,10.22410863421,-27.75));
#1258 = VECTOR('',#1259,1.);
#1259 = DIRECTION('',(1.,0.,0.));
#1260 = ORIENTED_EDGE('',*,*,#1261,.T.);
#1261 = EDGE_CURVE('',#1254,#1262,#1264,.T.);
#1262 = VERTEX_POINT('',#1263);
#1263 = CARTESIAN_POINT('',(46.522173455839,12.038132993561,-27.75));
#1264 = LINE('',#1265,#1266);
#1265 = CARTESIAN_POINT('',(46.522173455839,6.019066496781,-27.75));
#1266 = VECTOR('',#1267,1.);
#1267 = DIRECTION('',(0.,1.,0.));
#1268 = ORIENTED_EDGE('',*,*,#1269,.T.);
#1269 = EDGE_CURVE('',#1262,#1270,#1272,.T.);
#1270 = VERTEX_POINT('',#1271);
#1271 = CARTESIAN_POINT('',(44.873545435135,12.038132993561,-27.75));
#1272 = LINE('',#1273,#1274);
#1273 = CARTESIAN_POINT('',(22.436772717568,12.038132993561,-27.75));
#1274 = VECTOR('',#1275,1.);
#1275 = DIRECTION('',(-1.,0.,0.));
#1276 = ORIENTED_EDGE('',*,*,#1277,.T.);
#1277 = EDGE_CURVE('',#1270,#1278,#1280,.T.);
#1278 = VERTEX_POINT('',#1279);
#1279 = CARTESIAN_POINT('',(44.873545435135,12.502309814924,-27.75));
#1280 = LINE('',#1281,#1282);
#1281 = CARTESIAN_POINT('',(44.873545435135,6.251154907462,-27.75));
#1282 = VECTOR('',#1283,1.);
#1283 = DIRECTION('',(0.,1.,0.));
#1284 = ORIENTED_EDGE('',*,*,#1285,.T.);
#1285 = EDGE_CURVE('',#1278,#1286,#1288,.T.);
#1286 = VERTEX_POINT('',#1287);
#1287 = CARTESIAN_POINT('',(48.37354537553,12.502309814924,-27.75));
#1288 = LINE('',#1289,#1290);
#1289 = CARTESIAN_POINT('',(24.186772687765,12.502309814924,-27.75));
#1290 = VECTOR('',#1291,1.);
#1291 = DIRECTION('',(1.,0.,0.));
#1292 = ORIENTED_EDGE('',*,*,#1293,.T.);
#1293 = EDGE_CURVE('',#1286,#1294,#1296,.T.);
#1294 = VERTEX_POINT('',#1295);
#1295 = CARTESIAN_POINT('',(48.37354537553,12.038132993561,-27.75));
#1296 = LINE('',#1297,#1298);
#1297 = CARTESIAN_POINT('',(48.37354537553,6.019066496781,-27.75));
#1298 = VECTOR('',#1299,1.);
#1299 = DIRECTION('',(0.,-1.,0.));
#1300 = ORIENTED_EDGE('',*,*,#1301,.T.);
#1301 = EDGE_CURVE('',#1294,#1302,#1304,.T.);
#1302 = VERTEX_POINT('',#1303);
#1303 = CARTESIAN_POINT('',(46.935664302456,12.038132993561,-27.75));
#1304 = LINE('',#1305,#1306);
#1305 = CARTESIAN_POINT('',(23.467832151228,12.038132993561,-27.75));
#1306 = VECTOR('',#1307,1.);
#1307 = DIRECTION('',(-1.,0.,0.));
#1308 = ORIENTED_EDGE('',*,*,#1309,.T.);
#1309 = EDGE_CURVE('',#1302,#1310,#1312,.T.);
#1310 = VERTEX_POINT('',#1311);
#1311 = CARTESIAN_POINT('',(46.935664302456,10.22410863421,-27.75));
#1312 = LINE('',#1313,#1314);
#1313 = CARTESIAN_POINT('',(46.935664302456,5.112054317105,-27.75));
#1314 = VECTOR('',#1315,1.);
#1315 = DIRECTION('',(0.,-1.,0.));
#1316 = ORIENTED_EDGE('',*,*,#1317,.T.);
#1317 = EDGE_CURVE('',#1310,#1318,#1320,.T.);
#1318 = VERTEX_POINT('',#1319);
#1319 = CARTESIAN_POINT('',(48.37354537553,10.22410863421,-27.75));
#1320 = LINE('',#1321,#1322);
#1321 = CARTESIAN_POINT('',(24.186772687765,10.22410863421,-27.75));
#1322 = VECTOR('',#1323,1.);
#1323 = DIRECTION('',(1.,0.,0.));
#1324 = ORIENTED_EDGE('',*,*,#1325,.T.);
#1325 = EDGE_CURVE('',#1318,#1236,#1326,.T.);
#1326 = LINE('',#1327,#1328);
#1327 = CARTESIAN_POINT('',(48.37354537553,4.879965906423,-27.75));
#1328 = VECTOR('',#1329,1.);
#1329 = DIRECTION('',(0.,-1.,0.));
#1330 = FACE_BOUND('',#1331,.T.);
#1331 = EDGE_LOOP('',(#1332,#1342,#1350,#1358,#1366,#1374,#1382,#1390));
#1332 = ORIENTED_EDGE('',*,*,#1333,.T.);
#1333 = EDGE_CURVE('',#1334,#1336,#1338,.T.);
#1334 = VERTEX_POINT('',#1335);
#1335 = CARTESIAN_POINT('',(44.873545435135,6.622736744321,-27.75));
#1336 = VERTEX_POINT('',#1337);
#1337 = CARTESIAN_POINT('',(45.93261553905,7.028224542294,-27.75));
#1338 = LINE('',#1339,#1340);
#1339 = CARTESIAN_POINT('',(24.729091763023,-1.090001185555,-27.75));
#1340 = VECTOR('',#1341,1.);
#1341 = DIRECTION('',(0.933890180405,0.357559968316,0.));
#1342 = ORIENTED_EDGE('',*,*,#1343,.T.);
#1343 = EDGE_CURVE('',#1336,#1344,#1346,.T.);
#1344 = VERTEX_POINT('',#1345);
#1345 = CARTESIAN_POINT('',(45.93261553905,8.495450127063,-27.75));
#1346 = LINE('',#1347,#1348);
#1347 = CARTESIAN_POINT('',(45.93261553905,4.247725063532,-27.75));
#1348 = VECTOR('',#1349,1.);
#1349 = DIRECTION('',(0.,1.,0.));
#1350 = ORIENTED_EDGE('',*,*,#1351,.T.);
#1351 = EDGE_CURVE('',#1344,#1352,#1354,.T.);
#1352 = VERTEX_POINT('',#1353);
#1353 = CARTESIAN_POINT('',(44.873545435135,8.879596461985,-27.75));
#1354 = LINE('',#1355,#1356);
#1355 = CARTESIAN_POINT('',(26.46863962912,15.555431313537,-27.75));
#1356 = VECTOR('',#1357,1.);
#1357 = DIRECTION('',(-0.940069662776,0.340982446951,0.));
#1358 = ORIENTED_EDGE('',*,*,#1359,.T.);
#1359 = EDGE_CURVE('',#1352,#1360,#1362,.T.);
#1360 = VERTEX_POINT('',#1361);
#1361 = CARTESIAN_POINT('',(44.873545435135,9.370450112162,-27.75));
#1362 = LINE('',#1363,#1364);
#1363 = CARTESIAN_POINT('',(44.873545435135,4.685225056081,-27.75));
#1364 = VECTOR('',#1365,1.);
#1365 = DIRECTION('',(0.,1.,0.));
#1366 = ORIENTED_EDGE('',*,*,#1367,.T.);
#1367 = EDGE_CURVE('',#1360,#1368,#1370,.T.);
#1368 = VERTEX_POINT('',#1369);
#1369 = CARTESIAN_POINT('',(48.37354537553,8.025937939937,-27.75));
#1370 = LINE('',#1371,#1372);
#1371 = CARTESIAN_POINT('',(28.640338091797,15.606377323322,-27.75));
#1372 = VECTOR('',#1373,1.);
#1373 = DIRECTION('',(0.933492229962,-0.358597624924,0.));
#1374 = ORIENTED_EDGE('',*,*,#1375,.T.);
#1375 = EDGE_CURVE('',#1368,#1376,#1378,.T.);
#1376 = VERTEX_POINT('',#1377);
#1377 = CARTESIAN_POINT('',(48.37354537553,7.524413558234,-27.75));
#1378 = LINE('',#1379,#1380);
#1379 = CARTESIAN_POINT('',(48.37354537553,3.762206779117,-27.75));
#1380 = VECTOR('',#1381,1.);
#1381 = DIRECTION('',(0.,-1.,0.));
#1382 = ORIENTED_EDGE('',*,*,#1383,.T.);
#1383 = EDGE_CURVE('',#1376,#1384,#1386,.T.);
#1384 = VERTEX_POINT('',#1385);
#1385 = CARTESIAN_POINT('',(44.873545435135,6.094535533804,-27.75));
#1386 = LINE('',#1387,#1388);
#1387 = CARTESIAN_POINT('',(24.57904751465,-2.196509348345,-27.75));
#1388 = VECTOR('',#1389,1.);
#1389 = DIRECTION('',(-0.925726682166,-0.378193217714,0.));
#1390 = ORIENTED_EDGE('',*,*,#1391,.T.);
#1391 = EDGE_CURVE('',#1384,#1334,#1392,.T.);
#1392 = LINE('',#1393,#1394);
#1393 = CARTESIAN_POINT('',(44.873545435135,3.311368372161,-27.75));
#1394 = VECTOR('',#1395,1.);
#1395 = DIRECTION('',(0.,1.,0.));
#1396 = FACE_BOUND('',#1397,.T.);
#1397 = EDGE_LOOP('',(#1398,#1408,#1416,#1424,#1432,#1440,#1448,#1456,
    #1464,#1472,#1480,#1488,#1496,#1504,#1512));
#1398 = ORIENTED_EDGE('',*,*,#1399,.T.);
#1399 = EDGE_CURVE('',#1400,#1402,#1404,.T.);
#1400 = VERTEX_POINT('',#1401);
#1401 = CARTESIAN_POINT('',(48.37354537553,2.397127060185,-27.75));
#1402 = VERTEX_POINT('',#1403);
#1403 = CARTESIAN_POINT('',(44.873545435135,2.397127060185,-27.75));
#1404 = LINE('',#1405,#1406);
#1405 = CARTESIAN_POINT('',(22.436772717568,2.397127060185,-27.75));
#1406 = VECTOR('',#1407,1.);
#1407 = DIRECTION('',(-1.,0.,0.));
#1408 = ORIENTED_EDGE('',*,*,#1409,.T.);
#1409 = EDGE_CURVE('',#1402,#1410,#1412,.T.);
#1410 = VERTEX_POINT('',#1411);
#1411 = CARTESIAN_POINT('',(44.873545435135,2.842630101379,-27.75));
#1412 = LINE('',#1413,#1414);
#1413 = CARTESIAN_POINT('',(44.873545435135,1.42131505069,-27.75));
#1414 = VECTOR('',#1415,1.);
#1415 = DIRECTION('',(0.,1.,0.));
#1416 = ORIENTED_EDGE('',*,*,#1417,.T.);
#1417 = EDGE_CURVE('',#1410,#1418,#1420,.T.);
#1418 = VERTEX_POINT('',#1419);
#1419 = CARTESIAN_POINT('',(47.802661238911,2.842630101379,-27.75));
#1420 = LINE('',#1421,#1422);
#1421 = CARTESIAN_POINT('',(23.901330619455,2.842630101379,-27.75));
#1422 = VECTOR('',#1423,1.);
#1423 = DIRECTION('',(1.,0.,0.));
#1424 = ORIENTED_EDGE('',*,*,#1425,.T.);
#1425 = EDGE_CURVE('',#1418,#1426,#1428,.T.);
#1426 = VERTEX_POINT('',#1427);
#1427 = CARTESIAN_POINT('',(44.873545435135,3.864352644955,-27.75));
#1428 = LINE('',#1429,#1430);
#1429 = CARTESIAN_POINT('',(25.471450550525,10.632114339677,-27.75));
#1430 = VECTOR('',#1431,1.);
#1431 = DIRECTION('',(-0.944206400658,0.32935432737,0.));
#1432 = ORIENTED_EDGE('',*,*,#1433,.T.);
#1433 = EDGE_CURVE('',#1426,#1434,#1436,.T.);
#1434 = VERTEX_POINT('',#1435);
#1435 = CARTESIAN_POINT('',(44.873545435135,4.280511174453,-27.75));
#1436 = LINE('',#1437,#1438);
#1437 = CARTESIAN_POINT('',(44.873545435135,2.140255587227,-27.75));
#1438 = VECTOR('',#1439,1.);
#1439 = DIRECTION('',(0.,1.,0.));
#1440 = ORIENTED_EDGE('',*,*,#1441,.T.);
#1441 = EDGE_CURVE('',#1434,#1442,#1444,.T.);
#1442 = VERTEX_POINT('',#1443);
#1443 = CARTESIAN_POINT('',(47.853347213657,5.294230669385,-27.75));
#1444 = LINE('',#1445,#1446);
#1445 = CARTESIAN_POINT('',(25.60143512988,-2.275802089644,-27.75));
#1446 = VECTOR('',#1447,1.);
#1447 = DIRECTION('',(0.94671590243,0.322069868329,0.));
#1448 = ORIENTED_EDGE('',*,*,#1449,.T.);
#1449 = EDGE_CURVE('',#1442,#1450,#1452,.T.);
#1450 = VERTEX_POINT('',#1451);
#1451 = CARTESIAN_POINT('',(44.873545435135,5.294230669385,-27.75));
#1452 = LINE('',#1453,#1454);
#1453 = CARTESIAN_POINT('',(22.436772717568,5.294230669385,-27.75));
#1454 = VECTOR('',#1455,1.);
#1455 = DIRECTION('',(-1.,0.,0.));
#1456 = ORIENTED_EDGE('',*,*,#1457,.T.);
#1457 = EDGE_CURVE('',#1450,#1458,#1460,.T.);
#1458 = VERTEX_POINT('',#1459);
#1459 = CARTESIAN_POINT('',(44.873545435135,5.739733710578,-27.75));
#1460 = LINE('',#1461,#1462);
#1461 = CARTESIAN_POINT('',(44.873545435135,2.869866855289,-27.75));
#1462 = VECTOR('',#1463,1.);
#1463 = DIRECTION('',(0.,1.,0.));
#1464 = ORIENTED_EDGE('',*,*,#1465,.T.);
#1465 = EDGE_CURVE('',#1458,#1466,#1468,.T.);
#1466 = VERTEX_POINT('',#1467);
#1467 = CARTESIAN_POINT('',(48.37354537553,5.739733710578,-27.75));
#1468 = LINE('',#1469,#1470);
#1469 = CARTESIAN_POINT('',(24.186772687765,5.739733710578,-27.75));
#1470 = VECTOR('',#1471,1.);
#1471 = DIRECTION('',(1.,0.,0.));
#1472 = ORIENTED_EDGE('',*,*,#1473,.T.);
#1473 = EDGE_CURVE('',#1466,#1474,#1476,.T.);
#1474 = VERTEX_POINT('',#1475);
#1475 = CARTESIAN_POINT('',(48.37354537553,5.043468478533,-27.75));
#1476 = LINE('',#1477,#1478);
#1477 = CARTESIAN_POINT('',(48.37354537553,2.521734239267,-27.75));
#1478 = VECTOR('',#1479,1.);
#1479 = DIRECTION('',(0.,-1.,0.));
#1480 = ORIENTED_EDGE('',*,*,#1481,.T.);
#1481 = EDGE_CURVE('',#1474,#1482,#1484,.T.);
#1482 = VERTEX_POINT('',#1483);
#1483 = CARTESIAN_POINT('',(45.895267978711,4.213819102418,-27.75));
#1484 = LINE('',#1485,#1486);
#1485 = CARTESIAN_POINT('',(24.625958309821,-2.906477245294,-27.75));
#1486 = VECTOR('',#1487,1.);
#1487 = DIRECTION('',(-0.948274208379,-0.317452399145,0.));
#1488 = ORIENTED_EDGE('',*,*,#1489,.T.);
#1489 = EDGE_CURVE('',#1482,#1490,#1492,.T.);
#1490 = VERTEX_POINT('',#1491);
#1491 = CARTESIAN_POINT('',(45.377737499719,4.04575508089,-27.75));
#1492 = B_SPLINE_CURVE_WITH_KNOTS('',2,(#1493,#1494,#1495),
  .UNSPECIFIED.,.F.,.F.,(3,3),(0.,1.),.PIECEWISE_BEZIER_KNOTS.);
#1493 = CARTESIAN_POINT('',(45.895267978711,4.213819102418,-27.75));
#1494 = CARTESIAN_POINT('',(45.548469204129,4.099108738518,-27.75));
#1495 = CARTESIAN_POINT('',(45.377737499719,4.04575508089,-27.75));
#1496 = ORIENTED_EDGE('',*,*,#1497,.T.);
#1497 = EDGE_CURVE('',#1490,#1498,#1500,.T.);
#1498 = VERTEX_POINT('',#1499);
#1499 = CARTESIAN_POINT('',(45.937950904813,3.859017279192,-27.75));
#1500 = B_SPLINE_CURVE_WITH_KNOTS('',2,(#1501,#1502,#1503),
  .UNSPECIFIED.,.F.,.F.,(3,3),(0.,1.),.PIECEWISE_BEZIER_KNOTS.);
#1501 = CARTESIAN_POINT('',(45.377737499719,4.04575508089,-27.75));
#1502 = CARTESIAN_POINT('',(45.567142984299,3.987066057499,-27.75));
#1503 = CARTESIAN_POINT('',(45.937950904813,3.859017279192,-27.75));
#1504 = ORIENTED_EDGE('',*,*,#1505,.T.);
#1505 = EDGE_CURVE('',#1498,#1506,#1508,.T.);
#1506 = VERTEX_POINT('',#1507);
#1507 = CARTESIAN_POINT('',(48.37354537553,3.018697171551,-27.75));
#1508 = LINE('',#1509,#1510);
#1509 = CARTESIAN_POINT('',(27.22497150387,10.315302614676,-27.75));
#1510 = VECTOR('',#1511,1.);
#1511 = DIRECTION('',(0.945317952354,-0.326150224525,0.));
#1512 = ORIENTED_EDGE('',*,*,#1513,.T.);
#1513 = EDGE_CURVE('',#1506,#1400,#1514,.T.);
#1514 = LINE('',#1515,#1516);
#1515 = CARTESIAN_POINT('',(48.37354537553,1.198563530093,-27.75));
#1516 = VECTOR('',#1517,1.);
#1517 = DIRECTION('',(0.,-1.,0.));
#1518 = FACE_BOUND('',#1519,.T.);
#1519 = EDGE_LOOP('',(#1520,#1530,#1538,#1546,#1554,#1562,#1570,#1578,
    #1586,#1594,#1602,#1610,#1618,#1626,#1634));
#1520 = ORIENTED_EDGE('',*,*,#1521,.T.);
#1521 = EDGE_CURVE('',#1522,#1524,#1526,.T.);
#1522 = VERTEX_POINT('',#1523);
#1523 = CARTESIAN_POINT('',(48.37354537553,-1.676424699711,-27.75));
#1524 = VERTEX_POINT('',#1525);
#1525 = CARTESIAN_POINT('',(44.873545435135,-1.676424699711,-27.75));
#1526 = LINE('',#1527,#1528);
#1527 = CARTESIAN_POINT('',(22.436772717568,-1.676424699711,-27.75));
#1528 = VECTOR('',#1529,1.);
#1529 = DIRECTION('',(-1.,0.,0.));
#1530 = ORIENTED_EDGE('',*,*,#1531,.T.);
#1531 = EDGE_CURVE('',#1524,#1532,#1534,.T.);
#1532 = VERTEX_POINT('',#1533);
#1533 = CARTESIAN_POINT('',(44.873545435135,-1.230921658517,-27.75));
#1534 = LINE('',#1535,#1536);
#1535 = CARTESIAN_POINT('',(44.873545435135,-0.615460829259,-27.75));
#1536 = VECTOR('',#1537,1.);
#1537 = DIRECTION('',(0.,1.,0.));
#1538 = ORIENTED_EDGE('',*,*,#1539,.T.);
#1539 = EDGE_CURVE('',#1532,#1540,#1542,.T.);
#1540 = VERTEX_POINT('',#1541);
#1541 = CARTESIAN_POINT('',(47.802661238911,-1.230921658517,-27.75));
#1542 = LINE('',#1543,#1544);
#1543 = CARTESIAN_POINT('',(23.901330619455,-1.230921658517,-27.75));
#1544 = VECTOR('',#1545,1.);
#1545 = DIRECTION('',(1.,4.737876116036E-17,0.));
#1546 = ORIENTED_EDGE('',*,*,#1547,.T.);
#1547 = EDGE_CURVE('',#1540,#1548,#1550,.T.);
#1548 = VERTEX_POINT('',#1549);
#1549 = CARTESIAN_POINT('',(44.873545435135,-0.209199114941,-27.75));
#1550 = LINE('',#1551,#1552);
#1551 = CARTESIAN_POINT('',(24.838057115894,6.779500362535,-27.75));
#1552 = VECTOR('',#1553,1.);
#1553 = DIRECTION('',(-0.944206400658,0.32935432737,0.));
#1554 = ORIENTED_EDGE('',*,*,#1555,.T.);
#1555 = EDGE_CURVE('',#1548,#1556,#1558,.T.);
#1556 = VERTEX_POINT('',#1557);
#1557 = CARTESIAN_POINT('',(44.873545435135,0.206959414557,-27.75));
#1558 = LINE('',#1559,#1560);
#1559 = CARTESIAN_POINT('',(44.873545435135,0.103479707278,-27.75));
#1560 = VECTOR('',#1561,1.);
#1561 = DIRECTION('',(0.,1.,0.));
#1562 = ORIENTED_EDGE('',*,*,#1563,.T.);
#1563 = EDGE_CURVE('',#1556,#1564,#1566,.T.);
#1564 = VERTEX_POINT('',#1565);
#1565 = CARTESIAN_POINT('',(47.853347213657,1.220678909489,-27.75));
#1566 = LINE('',#1567,#1568);
#1567 = CARTESIAN_POINT('',(26.222465746459,-6.138081124115,-27.75));
#1568 = VECTOR('',#1569,1.);
#1569 = DIRECTION('',(0.94671590243,0.322069868329,0.));
#1570 = ORIENTED_EDGE('',*,*,#1571,.T.);
#1571 = EDGE_CURVE('',#1564,#1572,#1574,.T.);
#1572 = VERTEX_POINT('',#1573);
#1573 = CARTESIAN_POINT('',(44.873545435135,1.220678909489,-27.75));
#1574 = LINE('',#1575,#1576);
#1575 = CARTESIAN_POINT('',(22.436772717568,1.220678909489,-27.75));
#1576 = VECTOR('',#1577,1.);
#1577 = DIRECTION('',(-1.,-4.657285564376E-17,0.));
#1578 = ORIENTED_EDGE('',*,*,#1579,.T.);
#1579 = EDGE_CURVE('',#1572,#1580,#1582,.T.);
#1580 = VERTEX_POINT('',#1581);
#1581 = CARTESIAN_POINT('',(44.873545435135,1.666181950682,-27.75));
#1582 = LINE('',#1583,#1584);
#1583 = CARTESIAN_POINT('',(44.873545435135,0.833090975341,-27.75));
#1584 = VECTOR('',#1585,1.);
#1585 = DIRECTION('',(0.,1.,0.));
#1586 = ORIENTED_EDGE('',*,*,#1587,.T.);
#1587 = EDGE_CURVE('',#1580,#1588,#1590,.T.);
#1588 = VERTEX_POINT('',#1589);
#1589 = CARTESIAN_POINT('',(48.37354537553,1.666181950682,-27.75));
#1590 = LINE('',#1591,#1592);
#1591 = CARTESIAN_POINT('',(24.186772687765,1.666181950682,-27.75));
#1592 = VECTOR('',#1593,1.);
#1593 = DIRECTION('',(1.,0.,0.));
#1594 = ORIENTED_EDGE('',*,*,#1595,.T.);
#1595 = EDGE_CURVE('',#1588,#1596,#1598,.T.);
#1596 = VERTEX_POINT('',#1597);
#1597 = CARTESIAN_POINT('',(48.37354537553,0.969916718637,-27.75));
#1598 = LINE('',#1599,#1600);
#1599 = CARTESIAN_POINT('',(48.37354537553,0.484958359318,-27.75));
#1600 = VECTOR('',#1601,1.);
#1601 = DIRECTION('',(0.,-1.,0.));
#1602 = ORIENTED_EDGE('',*,*,#1603,.T.);
#1603 = EDGE_CURVE('',#1596,#1604,#1606,.T.);
#1604 = VERTEX_POINT('',#1605);
#1605 = CARTESIAN_POINT('',(45.895267978711,0.140267342522,-27.75));
#1606 = LINE('',#1607,#1608);
#1607 = CARTESIAN_POINT('',(25.239092868658,-6.774770826721,-27.75));
#1608 = VECTOR('',#1609,1.);
#1609 = DIRECTION('',(-0.948274208379,-0.317452399145,0.));
#1610 = ORIENTED_EDGE('',*,*,#1611,.T.);
#1611 = EDGE_CURVE('',#1604,#1612,#1614,.T.);
#1612 = VERTEX_POINT('',#1613);
#1613 = CARTESIAN_POINT('',(45.377737499719,-2.779667900618E-02,-27.75)
  );
#1614 = B_SPLINE_CURVE_WITH_KNOTS('',2,(#1615,#1616,#1617),
  .UNSPECIFIED.,.F.,.F.,(3,3),(0.,1.),.PIECEWISE_BEZIER_KNOTS.);
#1615 = CARTESIAN_POINT('',(45.895267978711,0.140267342522,-27.75));
#1616 = CARTESIAN_POINT('',(45.548469204129,2.55569786218E-02,-27.75));
#1617 = CARTESIAN_POINT('',(45.377737499719,-2.779667900618E-02,-27.75)
  );
#1618 = ORIENTED_EDGE('',*,*,#1619,.T.);
#1619 = EDGE_CURVE('',#1612,#1620,#1622,.T.);
#1620 = VERTEX_POINT('',#1621);
#1621 = CARTESIAN_POINT('',(45.937950904813,-0.214534480704,-27.75));
#1622 = B_SPLINE_CURVE_WITH_KNOTS('',2,(#1623,#1624,#1625),
  .UNSPECIFIED.,.F.,.F.,(3,3),(0.,1.),.PIECEWISE_BEZIER_KNOTS.);
#1623 = CARTESIAN_POINT('',(45.377737499719,-2.779667900618E-02,-27.75)
  );
#1624 = CARTESIAN_POINT('',(45.567142984299,-8.648570239695E-02,-27.75)
  );
#1625 = CARTESIAN_POINT('',(45.937950904813,-0.214534480704,-27.75));
#1626 = ORIENTED_EDGE('',*,*,#1627,.T.);
#1627 = EDGE_CURVE('',#1620,#1628,#1630,.T.);
#1628 = VERTEX_POINT('',#1629);
#1629 = CARTESIAN_POINT('',(48.37354537553,-1.054854588345,-27.75));
#1630 = LINE('',#1631,#1632);
#1631 = CARTESIAN_POINT('',(26.597001599268,6.458410789008,-27.75));
#1632 = VECTOR('',#1633,1.);
#1633 = DIRECTION('',(0.945317952354,-0.326150224525,0.));
#1634 = ORIENTED_EDGE('',*,*,#1635,.T.);
#1635 = EDGE_CURVE('',#1628,#1522,#1636,.T.);
#1636 = LINE('',#1637,#1638);
#1637 = CARTESIAN_POINT('',(48.37354537553,-0.838212349855,-27.75));
#1638 = VECTOR('',#1639,1.);
#1639 = DIRECTION('',(0.,-1.,0.));
#1640 = FACE_BOUND('',#1641,.T.);
#1641 = EDGE_LOOP('',(#1642,#1654,#1664,#1673));
#1642 = ORIENTED_EDGE('',*,*,#1643,.T.);
#1643 = EDGE_CURVE('',#1644,#1646,#1648,.T.);
#1644 = VERTEX_POINT('',#1645);
#1645 = CARTESIAN_POINT('',(46.61821003957,-5.629930729944,-27.75));
#1646 = VERTEX_POINT('',#1647);
#1647 = CARTESIAN_POINT('',(44.814856411744,-3.957293563307,-27.75));
#1648 = B_SPLINE_CURVE_WITH_KNOTS('',2,(#1649,#1650,#1651,#1652,#1653),
  .UNSPECIFIED.,.F.,.F.,(3,1,1,3),(0.,1.,2.,3.),.QUASI_UNIFORM_KNOTS.);
#1649 = CARTESIAN_POINT('',(46.61821003957,-5.629930729944,-27.75));
#1650 = CARTESIAN_POINT('',(46.087341146171,-5.629930729944,-27.75));
#1651 = CARTESIAN_POINT('',(45.247021038531,-5.200433786039,-27.75));
#1652 = CARTESIAN_POINT('',(44.814856411744,-4.410799653145,-27.75));
#1653 = CARTESIAN_POINT('',(44.814856411744,-3.957293563307,-27.75));
#1654 = ORIENTED_EDGE('',*,*,#1655,.T.);
#1655 = EDGE_CURVE('',#1646,#1656,#1658,.T.);
#1656 = VERTEX_POINT('',#1657);
#1657 = CARTESIAN_POINT('',(46.578194796349,-2.281988713788,-27.75));
#1658 = B_SPLINE_CURVE_WITH_KNOTS('',2,(#1659,#1660,#1661,#1662,#1663),
  .UNSPECIFIED.,.F.,.F.,(3,1,1,3),(0.,1.,2.,3.),.QUASI_UNIFORM_KNOTS.);
#1659 = CARTESIAN_POINT('',(44.814856411744,-3.957293563307,-27.75));
#1660 = CARTESIAN_POINT('',(44.814856411744,-3.461104547367,-27.75));
#1661 = CARTESIAN_POINT('',(45.292371647514,-2.682141145998,-27.75));
#1662 = CARTESIAN_POINT('',(46.116685657867,-2.281988713788,-27.75));
#1663 = CARTESIAN_POINT('',(46.578194796349,-2.281988713788,-27.75));
#1664 = ORIENTED_EDGE('',*,*,#1665,.T.);
#1665 = EDGE_CURVE('',#1656,#1666,#1668,.T.);
#1666 = VERTEX_POINT('',#1667);
#1667 = CARTESIAN_POINT('',(48.434902081802,-3.957293563307,-27.75));
#1668 = B_SPLINE_CURVE_WITH_KNOTS('',2,(#1669,#1670,#1671,#1672),
  .UNSPECIFIED.,.F.,.F.,(3,1,3),(0.,1.,2.),.QUASI_UNIFORM_KNOTS.);
#1669 = CARTESIAN_POINT('',(46.578194796349,-2.281988713788,-27.75));
#1670 = CARTESIAN_POINT('',(47.450527098566,-2.281988713788,-27.75));
#1671 = CARTESIAN_POINT('',(48.434902081802,-3.218345405159,-27.75));
#1672 = CARTESIAN_POINT('',(48.434902081802,-3.957293563307,-27.75));
#1673 = ORIENTED_EDGE('',*,*,#1674,.T.);
#1674 = EDGE_CURVE('',#1666,#1644,#1675,.T.);
#1675 = B_SPLINE_CURVE_WITH_KNOTS('',2,(#1676,#1677,#1678,#1679,#1680),
  .UNSPECIFIED.,.F.,.F.,(3,1,1,3),(0.,1.,2.,3.),.QUASI_UNIFORM_KNOTS.);
#1676 = CARTESIAN_POINT('',(48.434902081802,-3.957293563307,-27.75));
#1677 = CARTESIAN_POINT('',(48.434902081802,-4.442811847721,-27.75));
#1678 = CARTESIAN_POINT('',(47.970725260439,-5.22177524909,-27.75));
#1679 = CARTESIAN_POINT('',(47.143743567205,-5.629930729944,-27.75));
#1680 = CARTESIAN_POINT('',(46.61821003957,-5.629930729944,-27.75));
#1681 = FACE_BOUND('',#1682,.T.);
#1682 = EDGE_LOOP('',(#1683,#1693,#1701,#1709,#1717,#1725,#1733,#1741,
    #1749,#1757));
#1683 = ORIENTED_EDGE('',*,*,#1684,.T.);
#1684 = EDGE_CURVE('',#1685,#1687,#1689,.T.);
#1685 = VERTEX_POINT('',#1686);
#1686 = CARTESIAN_POINT('',(48.37354537553,-8.980540428981,-27.75));
#1687 = VERTEX_POINT('',#1688);
#1688 = CARTESIAN_POINT('',(44.873545435135,-8.980540428981,-27.75));
#1689 = LINE('',#1690,#1691);
#1690 = CARTESIAN_POINT('',(22.436772717568,-8.980540428981,-27.75));
#1691 = VECTOR('',#1692,1.);
#1692 = DIRECTION('',(-1.,0.,0.));
#1693 = ORIENTED_EDGE('',*,*,#1694,.T.);
#1694 = EDGE_CURVE('',#1687,#1695,#1697,.T.);
#1695 = VERTEX_POINT('',#1696);
#1696 = CARTESIAN_POINT('',(44.873545435135,-8.505692876092,-27.75));
#1697 = LINE('',#1698,#1699);
#1698 = CARTESIAN_POINT('',(44.873545435135,-4.252846438046,-27.75));
#1699 = VECTOR('',#1700,1.);
#1700 = DIRECTION('',(0.,1.,0.));
#1701 = ORIENTED_EDGE('',*,*,#1702,.T.);
#1702 = EDGE_CURVE('',#1695,#1703,#1705,.T.);
#1703 = VERTEX_POINT('',#1704);
#1704 = CARTESIAN_POINT('',(47.621258802976,-6.664991687927,-27.75));
#1705 = LINE('',#1706,#1707);
#1706 = CARTESIAN_POINT('',(32.727119612518,-16.6426189126,-27.75));
#1707 = VECTOR('',#1708,1.);
#1708 = DIRECTION('',(0.830807275301,0.556560213551,0.));
#1709 = ORIENTED_EDGE('',*,*,#1710,.T.);
#1710 = EDGE_CURVE('',#1703,#1711,#1713,.T.);
#1711 = VERTEX_POINT('',#1712);
#1712 = CARTESIAN_POINT('',(44.873545435135,-6.664991687927,-27.75));
#1713 = LINE('',#1714,#1715);
#1714 = CARTESIAN_POINT('',(22.436772717568,-6.664991687927,-27.75));
#1715 = VECTOR('',#1716,1.);
#1716 = DIRECTION('',(-1.,0.,0.));
#1717 = ORIENTED_EDGE('',*,*,#1718,.T.);
#1718 = EDGE_CURVE('',#1711,#1719,#1721,.T.);
#1719 = VERTEX_POINT('',#1720);
#1720 = CARTESIAN_POINT('',(44.873545435135,-6.222156329614,-27.75));
#1721 = LINE('',#1722,#1723);
#1722 = CARTESIAN_POINT('',(44.873545435135,-3.111078164807,-27.75));
#1723 = VECTOR('',#1724,1.);
#1724 = DIRECTION('',(0.,1.,0.));
#1725 = ORIENTED_EDGE('',*,*,#1726,.T.);
#1726 = EDGE_CURVE('',#1719,#1727,#1729,.T.);
#1727 = VERTEX_POINT('',#1728);
#1728 = CARTESIAN_POINT('',(48.37354537553,-6.222156329614,-27.75));
#1729 = LINE('',#1730,#1731);
#1730 = CARTESIAN_POINT('',(24.186772687765,-6.222156329614,-27.75));
#1731 = VECTOR('',#1732,1.);
#1732 = DIRECTION('',(1.,0.,0.));
#1733 = ORIENTED_EDGE('',*,*,#1734,.T.);
#1734 = EDGE_CURVE('',#1727,#1735,#1737,.T.);
#1735 = VERTEX_POINT('',#1736);
#1736 = CARTESIAN_POINT('',(48.37354537553,-6.697003882503,-27.75));
#1737 = LINE('',#1738,#1739);
#1738 = CARTESIAN_POINT('',(48.37354537553,-3.348501941252,-27.75));
#1739 = VECTOR('',#1740,1.);
#1740 = DIRECTION('',(0.,-1.,0.));
#1741 = ORIENTED_EDGE('',*,*,#1742,.T.);
#1742 = EDGE_CURVE('',#1735,#1743,#1745,.T.);
#1743 = VERTEX_POINT('',#1744);
#1744 = CARTESIAN_POINT('',(45.625832007689,-8.537705070669,-27.75));
#1745 = LINE('',#1746,#1747);
#1746 = CARTESIAN_POINT('',(31.853321212884,-17.76395016621,-27.75));
#1747 = VECTOR('',#1748,1.);
#1748 = DIRECTION('',(-0.830807275301,-0.556560213551,0.));
#1749 = ORIENTED_EDGE('',*,*,#1750,.T.);
#1750 = EDGE_CURVE('',#1743,#1751,#1753,.T.);
#1751 = VERTEX_POINT('',#1752);
#1752 = CARTESIAN_POINT('',(48.37354537553,-8.537705070669,-27.75));
#1753 = LINE('',#1754,#1755);
#1754 = CARTESIAN_POINT('',(24.186772687765,-8.537705070669,-27.75));
#1755 = VECTOR('',#1756,1.);
#1756 = DIRECTION('',(1.,0.,0.));
#1757 = ORIENTED_EDGE('',*,*,#1758,.T.);
#1758 = EDGE_CURVE('',#1751,#1685,#1759,.T.);
#1759 = LINE('',#1760,#1761);
#1760 = CARTESIAN_POINT('',(48.37354537553,-4.49027021449,-27.75));
#1761 = VECTOR('',#1762,1.);
#1762 = DIRECTION('',(0.,-1.,0.));
#1763 = FACE_BOUND('',#1764,.T.);
#1764 = EDGE_LOOP('',(#1765,#1775,#1784,#1796,#1804,#1812,#1820));
#1765 = ORIENTED_EDGE('',*,*,#1766,.T.);
#1766 = EDGE_CURVE('',#1767,#1769,#1771,.T.);
#1767 = VERTEX_POINT('',#1768);
#1768 = CARTESIAN_POINT('',(48.322859400784,-11.5868666041,-27.75));
#1769 = VERTEX_POINT('',#1770);
#1770 = CARTESIAN_POINT('',(48.072097209932,-12.09906171733,-27.75));
#1771 = B_SPLINE_CURVE_WITH_KNOTS('',2,(#1772,#1773,#1774),
  .UNSPECIFIED.,.F.,.F.,(3,3),(0.,1.),.PIECEWISE_BEZIER_KNOTS.);
#1772 = CARTESIAN_POINT('',(48.322859400784,-11.5868666041,-27.75));
#1773 = CARTESIAN_POINT('',(48.253499645867,-11.8883147697,-27.75));
#1774 = CARTESIAN_POINT('',(48.072097209932,-12.09906171733,-27.75));
#1775 = ORIENTED_EDGE('',*,*,#1776,.T.);
#1776 = EDGE_CURVE('',#1769,#1777,#1779,.T.);
#1777 = VERTEX_POINT('',#1778);
#1778 = CARTESIAN_POINT('',(46.642219185502,-12.65127207378,-27.75));
#1779 = B_SPLINE_CURVE_WITH_KNOTS('',2,(#1780,#1781,#1782,#1783),
  .UNSPECIFIED.,.F.,.F.,(3,1,3),(0.,1.,2.),.QUASI_UNIFORM_KNOTS.);
#1780 = CARTESIAN_POINT('',(48.072097209932,-12.09906171733,-27.75));
#1781 = CARTESIAN_POINT('',(47.84000879925,-12.376500737,-27.75));
#1782 = CARTESIAN_POINT('',(47.111731372629,-12.65127207378,-27.75));
#1783 = CARTESIAN_POINT('',(46.642219185502,-12.65127207378,-27.75));
#1784 = ORIENTED_EDGE('',*,*,#1785,.T.);
#1785 = EDGE_CURVE('',#1777,#1786,#1788,.T.);
#1786 = VERTEX_POINT('',#1787);
#1787 = CARTESIAN_POINT('',(44.873545435135,-11.02131783325,-27.75));
#1788 = B_SPLINE_CURVE_WITH_KNOTS('',2,(#1789,#1790,#1791,#1792,#1793,
    #1794,#1795),.UNSPECIFIED.,.F.,.F.,(3,1,1,1,1,3),(0.,1.,2.,3.,4.,5.)
  ,.QUASI_UNIFORM_KNOTS.);
#1789 = CARTESIAN_POINT('',(46.642219185502,-12.65127207378,-27.75));
#1790 = CARTESIAN_POINT('',(46.244734436174,-12.65127207378,-27.75));
#1791 = CARTESIAN_POINT('',(45.628499690571,-12.46453427208,-27.75));
#1792 = CARTESIAN_POINT('',(45.22567957548,-12.17375683801,-27.75));
#1793 = CARTESIAN_POINT('',(44.993591164798,-11.82695806343,-27.75));
#1794 = CARTESIAN_POINT('',(44.873545435135,-11.33877209613,-27.75));
#1795 = CARTESIAN_POINT('',(44.873545435135,-11.02131783325,-27.75));
#1796 = ORIENTED_EDGE('',*,*,#1797,.T.);
#1797 = EDGE_CURVE('',#1786,#1798,#1800,.T.);
#1798 = VERTEX_POINT('',#1799);
#1799 = CARTESIAN_POINT('',(44.873545435135,-9.756836147468,-27.75));
#1800 = LINE('',#1801,#1802);
#1801 = CARTESIAN_POINT('',(44.873545435135,-4.878418073734,-27.75));
#1802 = VECTOR('',#1803,1.);
#1803 = DIRECTION('',(0.,1.,0.));
#1804 = ORIENTED_EDGE('',*,*,#1805,.T.);
#1805 = EDGE_CURVE('',#1798,#1806,#1808,.T.);
#1806 = VERTEX_POINT('',#1807);
#1807 = CARTESIAN_POINT('',(48.37354537553,-9.756836147468,-27.75));
#1808 = LINE('',#1809,#1810);
#1809 = CARTESIAN_POINT('',(24.186772687765,-9.756836147468,-27.75));
#1810 = VECTOR('',#1811,1.);
#1811 = DIRECTION('',(1.,0.,0.));
#1812 = ORIENTED_EDGE('',*,*,#1813,.T.);
#1813 = EDGE_CURVE('',#1806,#1814,#1816,.T.);
#1814 = VERTEX_POINT('',#1815);
#1815 = CARTESIAN_POINT('',(48.37354537553,-10.96262880986,-27.75));
#1816 = LINE('',#1817,#1818);
#1817 = CARTESIAN_POINT('',(48.37354537553,-5.48131440493,-27.75));
#1818 = VECTOR('',#1819,1.);
#1819 = DIRECTION('',(0.,-1.,0.));
#1820 = ORIENTED_EDGE('',*,*,#1821,.T.);
#1821 = EDGE_CURVE('',#1814,#1767,#1822,.T.);
#1822 = B_SPLINE_CURVE_WITH_KNOTS('',2,(#1823,#1824,#1825),
  .UNSPECIFIED.,.F.,.F.,(3,3),(0.,1.),.PIECEWISE_BEZIER_KNOTS.);
#1823 = CARTESIAN_POINT('',(48.37354537553,-10.96262880986,-27.75));
#1824 = CARTESIAN_POINT('',(48.37354537553,-11.37078429071,-27.75));
#1825 = CARTESIAN_POINT('',(48.322859400784,-11.5868666041,-27.75));
#1826 = FACE_BOUND('',#1827,.T.);
#1827 = EDGE_LOOP('',(#1828,#1838,#1847,#1855,#1863,#1871,#1879));
#1828 = ORIENTED_EDGE('',*,*,#1829,.T.);
#1829 = EDGE_CURVE('',#1830,#1832,#1834,.T.);
#1830 = VERTEX_POINT('',#1831);
#1831 = CARTESIAN_POINT('',(41.585099061079,8.160654984471,-27.75));
#1832 = VERTEX_POINT('',#1833);
#1833 = CARTESIAN_POINT('',(42.001257590577,8.160654984471,-27.75));
#1834 = LINE('',#1835,#1836);
#1835 = CARTESIAN_POINT('',(21.000628795289,8.160654984471,-27.75));
#1836 = VECTOR('',#1837,1.);
#1837 = DIRECTION('',(1.,0.,0.));
#1838 = ORIENTED_EDGE('',*,*,#1839,.T.);
#1839 = EDGE_CURVE('',#1832,#1840,#1842,.T.);
#1840 = VERTEX_POINT('',#1841);
#1841 = CARTESIAN_POINT('',(42.878925258558,7.149603172421,-27.75));
#1842 = B_SPLINE_CURVE_WITH_KNOTS('',2,(#1843,#1844,#1845,#1846),
  .UNSPECIFIED.,.F.,.F.,(3,1,3),(0.,1.,2.),.QUASI_UNIFORM_KNOTS.);
#1843 = CARTESIAN_POINT('',(42.001257590577,8.160654984471,-27.75));
#1844 = CARTESIAN_POINT('',(42.169321612105,7.800517795482,-27.75));
#1845 = CARTESIAN_POINT('',(42.652172213639,7.26164585344,-27.75));
#1846 = CARTESIAN_POINT('',(42.878925258558,7.149603172421,-27.75));
#1847 = ORIENTED_EDGE('',*,*,#1848,.T.);
#1848 = EDGE_CURVE('',#1840,#1849,#1851,.T.);
#1849 = VERTEX_POINT('',#1850);
#1850 = CARTESIAN_POINT('',(42.878925258558,6.872164152756,-27.75));
#1851 = LINE('',#1852,#1853);
#1852 = CARTESIAN_POINT('',(42.878925258558,3.436082076378,-27.75));
#1853 = VECTOR('',#1854,1.);
#1854 = DIRECTION('',(0.,-1.,0.));
#1855 = ORIENTED_EDGE('',*,*,#1856,.T.);
#1856 = EDGE_CURVE('',#1849,#1857,#1859,.T.);
#1857 = VERTEX_POINT('',#1858);
#1858 = CARTESIAN_POINT('',(39.365586903755,6.872164152756,-27.75));
#1859 = LINE('',#1860,#1861);
#1860 = CARTESIAN_POINT('',(19.682793451878,6.872164152756,-27.75));
#1861 = VECTOR('',#1862,1.);
#1862 = DIRECTION('',(-1.,0.,0.));
#1863 = ORIENTED_EDGE('',*,*,#1864,.T.);
#1864 = EDGE_CURVE('',#1857,#1865,#1867,.T.);
#1865 = VERTEX_POINT('',#1866);
#1866 = CARTESIAN_POINT('',(39.365586903755,7.301661096661,-27.75));
#1867 = LINE('',#1868,#1869);
#1868 = CARTESIAN_POINT('',(39.365586903755,3.65083054833,-27.75));
#1869 = VECTOR('',#1870,1.);
#1870 = DIRECTION('',(0.,1.,0.));
#1871 = ORIENTED_EDGE('',*,*,#1872,.T.);
#1872 = EDGE_CURVE('',#1865,#1873,#1875,.T.);
#1873 = VERTEX_POINT('',#1874);
#1874 = CARTESIAN_POINT('',(42.102629540071,7.301661096661,-27.75));
#1875 = LINE('',#1876,#1877);
#1876 = CARTESIAN_POINT('',(21.051314770035,7.301661096661,-27.75));
#1877 = VECTOR('',#1878,1.);
#1878 = DIRECTION('',(1.,0.,0.));
#1879 = ORIENTED_EDGE('',*,*,#1880,.T.);
#1880 = EDGE_CURVE('',#1873,#1830,#1881,.T.);
#1881 = B_SPLINE_CURVE_WITH_KNOTS('',2,(#1882,#1883,#1884,#1885),
  .UNSPECIFIED.,.F.,.F.,(3,1,3),(0.,1.,2.),.QUASI_UNIFORM_KNOTS.);
#1882 = CARTESIAN_POINT('',(42.102629540071,7.301661096661,-27.75));
#1883 = CARTESIAN_POINT('',(41.955906981594,7.456386703782,-27.75));
#1884 = CARTESIAN_POINT('',(41.659794181758,7.960578768366,-27.75));
#1885 = CARTESIAN_POINT('',(41.585099061079,8.160654984471,-27.75));
#1886 = FACE_BOUND('',#1887,.T.);
#1887 = EDGE_LOOP('',(#1888,#1898,#1906,#1914,#1922,#1931,#1939,#1947,
    #1956,#1964,#1973,#1982,#1991,#2000,#2008,#2016));
#1888 = ORIENTED_EDGE('',*,*,#1889,.T.);
#1889 = EDGE_CURVE('',#1890,#1892,#1894,.T.);
#1890 = VERTEX_POINT('',#1891);
#1891 = CARTESIAN_POINT('',(42.820236235167,3.614923354567,-27.75));
#1892 = VERTEX_POINT('',#1893);
#1893 = CARTESIAN_POINT('',(42.409413071431,3.614923354567,-27.75));
#1894 = LINE('',#1895,#1896);
#1895 = CARTESIAN_POINT('',(21.204706535716,3.614923354567,-27.75));
#1896 = VECTOR('',#1897,1.);
#1897 = DIRECTION('',(-1.,0.,0.));
#1898 = ORIENTED_EDGE('',*,*,#1899,.T.);
#1899 = EDGE_CURVE('',#1892,#1900,#1902,.T.);
#1900 = VERTEX_POINT('',#1901);
#1901 = CARTESIAN_POINT('',(42.409413071431,5.010121501539,-27.75));
#1902 = LINE('',#1903,#1904);
#1903 = CARTESIAN_POINT('',(42.409413071431,2.50506075077,-27.75));
#1904 = VECTOR('',#1905,1.);
#1905 = DIRECTION('',(0.,1.,0.));
#1906 = ORIENTED_EDGE('',*,*,#1907,.T.);
#1907 = EDGE_CURVE('',#1900,#1908,#1910,.T.);
#1908 = VERTEX_POINT('',#1909);
#1909 = CARTESIAN_POINT('',(41.470388697179,5.199526986118,-27.75));
#1910 = LINE('',#1911,#1912);
#1911 = CARTESIAN_POINT('',(22.049703665971,9.116767432754,-27.75));
#1912 = VECTOR('',#1913,1.);
#1913 = DIRECTION('',(-0.98025803366,0.197722501108,0.));
#1914 = ORIENTED_EDGE('',*,*,#1915,.T.);
#1915 = EDGE_CURVE('',#1908,#1916,#1918,.T.);
#1916 = VERTEX_POINT('',#1917);
#1917 = CARTESIAN_POINT('',(41.689138693454,4.537941631532,-27.75));
#1918 = B_SPLINE_CURVE_WITH_KNOTS('',2,(#1919,#1920,#1921),
  .UNSPECIFIED.,.F.,.F.,(3,3),(0.,1.),.PIECEWISE_BEZIER_KNOTS.);
#1919 = CARTESIAN_POINT('',(41.470388697179,5.199526986118,-27.75));
#1920 = CARTESIAN_POINT('',(41.689138693454,4.884740406113,-27.75));
#1921 = CARTESIAN_POINT('',(41.689138693454,4.537941631532,-27.75));
#1922 = ORIENTED_EDGE('',*,*,#1923,.T.);
#1923 = EDGE_CURVE('',#1916,#1924,#1926,.T.);
#1924 = VERTEX_POINT('',#1925);
#1925 = CARTESIAN_POINT('',(40.555373468859,3.449527015921,-27.75));
#1926 = B_SPLINE_CURVE_WITH_KNOTS('',2,(#1927,#1928,#1929,#1930),
  .UNSPECIFIED.,.F.,.F.,(3,1,3),(0.,1.,2.),.QUASI_UNIFORM_KNOTS.);
#1927 = CARTESIAN_POINT('',(41.689138693454,4.537941631532,-27.75));
#1928 = CARTESIAN_POINT('',(41.689138693454,4.079100175931,-27.75));
#1929 = CARTESIAN_POINT('',(41.054230167681,3.449527015921,-27.75));
#1930 = CARTESIAN_POINT('',(40.555373468859,3.449527015921,-27.75));
#1931 = ORIENTED_EDGE('',*,*,#1932,.T.);
#1932 = EDGE_CURVE('',#1924,#1933,#1935,.T.);
#1933 = VERTEX_POINT('',#1934);
#1934 = CARTESIAN_POINT('',(39.731059458507,3.726966035586,-27.75));
#1935 = B_SPLINE_CURVE_WITH_KNOTS('',2,(#1936,#1937,#1938),
  .UNSPECIFIED.,.F.,.F.,(3,3),(0.,1.),.PIECEWISE_BEZIER_KNOTS.);
#1936 = CARTESIAN_POINT('',(40.555373468859,3.449527015921,-27.75));
#1937 = CARTESIAN_POINT('',(40.077858233089,3.449527015921,-27.75));
#1938 = CARTESIAN_POINT('',(39.731059458507,3.726966035586,-27.75));
#1939 = ORIENTED_EDGE('',*,*,#1940,.T.);
#1940 = EDGE_CURVE('',#1933,#1941,#1943,.T.);
#1941 = VERTEX_POINT('',#1942);
#1942 = CARTESIAN_POINT('',(39.306897880364,4.644648946787,-27.75));
#1943 = B_SPLINE_CURVE_WITH_KNOTS('',2,(#1944,#1945,#1946),
  .UNSPECIFIED.,.F.,.F.,(3,3),(0.,1.),.PIECEWISE_BEZIER_KNOTS.);
#1944 = CARTESIAN_POINT('',(39.731059458507,3.726966035586,-27.75));
#1945 = CARTESIAN_POINT('',(39.306897880364,4.063094078643,-27.75));
#1946 = CARTESIAN_POINT('',(39.306897880364,4.644648946787,-27.75));
#1947 = ORIENTED_EDGE('',*,*,#1948,.T.);
#1948 = EDGE_CURVE('',#1941,#1949,#1951,.T.);
#1949 = VERTEX_POINT('',#1950);
#1950 = CARTESIAN_POINT('',(40.283269814956,5.770411122738,-27.75));
#1951 = B_SPLINE_CURVE_WITH_KNOTS('',2,(#1952,#1953,#1954,#1955),
  .UNSPECIFIED.,.F.,.F.,(3,1,3),(0.,1.,2.),.QUASI_UNIFORM_KNOTS.);
#1952 = CARTESIAN_POINT('',(39.306897880364,4.644648946787,-27.75));
#1953 = CARTESIAN_POINT('',(39.306897880364,5.122164182558,-27.75));
#1954 = CARTESIAN_POINT('',(39.840434456644,5.727728196635,-27.75));
#1955 = CARTESIAN_POINT('',(40.283269814956,5.770411122738,-27.75));
#1956 = ORIENTED_EDGE('',*,*,#1957,.T.);
#1957 = EDGE_CURVE('',#1949,#1958,#1960,.T.);
#1958 = VERTEX_POINT('',#1959);
#1959 = CARTESIAN_POINT('',(40.320617375296,5.319572715781,-27.75));
#1960 = LINE('',#1961,#1962);
#1961 = CARTESIAN_POINT('',(40.402045689097,4.336616642035,-27.75));
#1962 = VECTOR('',#1963,1.);
#1963 = DIRECTION('',(8.25574455868E-02,-0.996586307441,0.));
#1964 = ORIENTED_EDGE('',*,*,#1965,.T.);
#1965 = EDGE_CURVE('',#1958,#1966,#1968,.T.);
#1966 = VERTEX_POINT('',#1967);
#1967 = CARTESIAN_POINT('',(39.659032020709,4.647316629669,-27.75));
#1968 = B_SPLINE_CURVE_WITH_KNOTS('',2,(#1969,#1970,#1971,#1972),
  .UNSPECIFIED.,.F.,.F.,(3,1,3),(0.,1.,2.),.QUASI_UNIFORM_KNOTS.);
#1969 = CARTESIAN_POINT('',(40.320617375296,5.319572715781,-27.75));
#1970 = CARTESIAN_POINT('',(39.989824698003,5.268886741035,-27.75));
#1971 = CARTESIAN_POINT('',(39.659032020709,4.906081869165,-27.75));
#1972 = CARTESIAN_POINT('',(39.659032020709,4.647316629669,-27.75));
#1973 = ORIENTED_EDGE('',*,*,#1974,.T.);
#1974 = EDGE_CURVE('',#1966,#1975,#1977,.T.);
#1975 = VERTEX_POINT('',#1976);
#1976 = CARTESIAN_POINT('',(40.515358225638,3.90570078864,-27.75));
#1977 = B_SPLINE_CURVE_WITH_KNOTS('',2,(#1978,#1979,#1980,#1981),
  .UNSPECIFIED.,.F.,.F.,(3,1,3),(0.,1.,2.),.QUASI_UNIFORM_KNOTS.);
#1978 = CARTESIAN_POINT('',(39.659032020709,4.647316629669,-27.75));
#1979 = CARTESIAN_POINT('',(39.659032020709,4.332530049664,-27.75));
#1980 = CARTESIAN_POINT('',(40.128544207835,3.90570078864,-27.75));
#1981 = CARTESIAN_POINT('',(40.515358225638,3.90570078864,-27.75));
#1982 = ORIENTED_EDGE('',*,*,#1983,.T.);
#1983 = EDGE_CURVE('',#1975,#1984,#1986,.T.);
#1984 = VERTEX_POINT('',#1985);
#1985 = CARTESIAN_POINT('',(41.310327724295,4.652651995432,-27.75));
#1986 = B_SPLINE_CURVE_WITH_KNOTS('',2,(#1987,#1988,#1989,#1990),
  .UNSPECIFIED.,.F.,.F.,(3,1,3),(0.,1.,2.),.QUASI_UNIFORM_KNOTS.);
#1987 = CARTESIAN_POINT('',(40.515358225638,3.90570078864,-27.75));
#1988 = CARTESIAN_POINT('',(40.883498463271,3.90570078864,-27.75));
#1989 = CARTESIAN_POINT('',(41.310327724295,4.316523952375,-27.75));
#1990 = CARTESIAN_POINT('',(41.310327724295,4.652651995432,-27.75));
#1991 = ORIENTED_EDGE('',*,*,#1992,.T.);
#1992 = EDGE_CURVE('',#1984,#1993,#1995,.T.);
#1993 = VERTEX_POINT('',#1994);
#1994 = CARTESIAN_POINT('',(40.968864315476,5.290228204086,-27.75));
#1995 = B_SPLINE_CURVE_WITH_KNOTS('',2,(#1996,#1997,#1998,#1999),
  .UNSPECIFIED.,.F.,.F.,(3,1,3),(0.,1.,2.),.QUASI_UNIFORM_KNOTS.);
#1996 = CARTESIAN_POINT('',(41.310327724295,4.652651995432,-27.75));
#1997 = CARTESIAN_POINT('',(41.310327724295,4.860731260181,-27.75));
#1998 = CARTESIAN_POINT('',(41.120922239716,5.194191620356,-27.75));
#1999 = CARTESIAN_POINT('',(40.968864315476,5.290228204086,-27.75));
#2000 = ORIENTED_EDGE('',*,*,#2001,.T.);
#2001 = EDGE_CURVE('',#1993,#2002,#2004,.T.);
#2002 = VERTEX_POINT('',#2003);
#2003 = CARTESIAN_POINT('',(41.022217973104,5.693048319177,-27.75));
#2004 = LINE('',#2005,#2006);
#2005 = CARTESIAN_POINT('',(40.298070455472,0.225734561056,-27.75));
#2006 = VECTOR('',#2007,1.);
#2007 = DIRECTION('',(0.131303603071,0.991342203187,0.));
#2008 = ORIENTED_EDGE('',*,*,#2009,.T.);
#2009 = EDGE_CURVE('',#2002,#2010,#2012,.T.);
#2010 = VERTEX_POINT('',#2011);
#2011 = CARTESIAN_POINT('',(42.820236235167,5.35425259324,-27.75));
#2012 = LINE('',#2013,#2014);
#2013 = CARTESIAN_POINT('',(22.631364600628,9.158387159392,-27.75));
#2014 = VECTOR('',#2015,1.);
#2015 = DIRECTION('',(0.982706733626,-0.185168776217,0.));
#2016 = ORIENTED_EDGE('',*,*,#2017,.T.);
#2017 = EDGE_CURVE('',#2010,#1890,#2018,.T.);
#2018 = LINE('',#2019,#2020);
#2019 = CARTESIAN_POINT('',(42.820236235167,1.807461677284,-27.75));
#2020 = VECTOR('',#2021,1.);
#2021 = DIRECTION('',(0.,-1.,0.));
#2022 = FACE_BOUND('',#2023,.T.);
#2023 = EDGE_LOOP('',(#2024,#2035,#2044,#2054,#2064,#2073,#2081,#2090,
    #2101,#2109));
#2024 = ORIENTED_EDGE('',*,*,#2025,.T.);
#2025 = EDGE_CURVE('',#2026,#2028,#2030,.T.);
#2026 = VERTEX_POINT('',#2027);
#2027 = CARTESIAN_POINT('',(40.552705785978,2.01698130861,-27.75));
#2028 = VERTEX_POINT('',#2029);
#2029 = CARTESIAN_POINT('',(41.697141742098,3.052042266592,-27.75));
#2030 = B_SPLINE_CURVE_WITH_KNOTS('',2,(#2031,#2032,#2033,#2034),
  .UNSPECIFIED.,.F.,.F.,(3,1,3),(0.,1.,2.),.QUASI_UNIFORM_KNOTS.);
#2031 = CARTESIAN_POINT('',(40.552705785978,2.01698130861,-27.75));
#2032 = CARTESIAN_POINT('',(40.552705785978,2.451813618278,-27.75));
#2033 = CARTESIAN_POINT('',(41.182278945988,3.052042266592,-27.75));
#2034 = CARTESIAN_POINT('',(41.697141742098,3.052042266592,-27.75));
#2035 = ORIENTED_EDGE('',*,*,#2036,.T.);
#2036 = EDGE_CURVE('',#2028,#2037,#2039,.T.);
#2037 = VERTEX_POINT('',#2038);
#2038 = CARTESIAN_POINT('',(42.878925258558,1.952956919456,-27.75));
#2039 = B_SPLINE_CURVE_WITH_KNOTS('',2,(#2040,#2041,#2042,#2043),
  .UNSPECIFIED.,.F.,.F.,(3,1,3),(0.,1.,2.),.QUASI_UNIFORM_KNOTS.);
#2040 = CARTESIAN_POINT('',(41.697141742098,3.052042266592,-27.75));
#2041 = CARTESIAN_POINT('',(42.230678318378,3.052042266592,-27.75));
#2042 = CARTESIAN_POINT('',(42.878925258558,2.425136789464,-27.75));
#2043 = CARTESIAN_POINT('',(42.878925258558,1.952956919456,-27.75));
#2044 = ORIENTED_EDGE('',*,*,#2045,.T.);
#2045 = EDGE_CURVE('',#2037,#2046,#2048,.T.);
#2046 = VERTEX_POINT('',#2047);
#2047 = CARTESIAN_POINT('',(41.187614311751,0.752499622826,-27.75));
#2048 = B_SPLINE_CURVE_WITH_KNOTS('',2,(#2049,#2050,#2051,#2052,#2053),
  .UNSPECIFIED.,.F.,.F.,(3,1,1,3),(0.,1.,2.,3.),.QUASI_UNIFORM_KNOTS.);
#2049 = CARTESIAN_POINT('',(42.878925258558,1.952956919456,-27.75));
#2050 = CARTESIAN_POINT('',(42.878925258558,1.611493510637,-27.75));
#2051 = CARTESIAN_POINT('',(42.510785020925,1.04594473978,-27.75));
#2052 = CARTESIAN_POINT('',(41.830525886168,0.752499622826,-27.75));
#2053 = CARTESIAN_POINT('',(41.187614311751,0.752499622826,-27.75));
#2054 = ORIENTED_EDGE('',*,*,#2055,.T.);
#2055 = EDGE_CURVE('',#2046,#2056,#2058,.T.);
#2056 = VERTEX_POINT('',#2057);
#2057 = CARTESIAN_POINT('',(39.306897880364,2.006310577084,-27.75));
#2058 = B_SPLINE_CURVE_WITH_KNOTS('',2,(#2059,#2060,#2061,#2062,#2063),
  .UNSPECIFIED.,.F.,.F.,(3,1,1,3),(0.,1.,2.,3.),.QUASI_UNIFORM_KNOTS.);
#2059 = CARTESIAN_POINT('',(41.187614311751,0.752499622826,-27.75));
#2060 = CARTESIAN_POINT('',(40.515358225638,0.752499622826,-27.75));
#2061 = CARTESIAN_POINT('',(39.723056409863,1.043277056899,-27.75));
#2062 = CARTESIAN_POINT('',(39.306897880364,1.619496559281,-27.75));
#2063 = CARTESIAN_POINT('',(39.306897880364,2.006310577084,-27.75));
#2064 = ORIENTED_EDGE('',*,*,#2065,.T.);
#2065 = EDGE_CURVE('',#2056,#2066,#2068,.T.);
#2066 = VERTEX_POINT('',#2067);
#2067 = CARTESIAN_POINT('',(40.176562499701,2.988017877439,-27.75));
#2068 = B_SPLINE_CURVE_WITH_KNOTS('',2,(#2069,#2070,#2071,#2072),
  .UNSPECIFIED.,.F.,.F.,(3,1,3),(0.,1.,2.),.QUASI_UNIFORM_KNOTS.);
#2069 = CARTESIAN_POINT('',(39.306897880364,2.006310577084,-27.75));
#2070 = CARTESIAN_POINT('',(39.306897880364,2.414466057938,-27.75));
#2071 = CARTESIAN_POINT('',(39.763071653084,2.934664219811,-27.75));
#2072 = CARTESIAN_POINT('',(40.176562499701,2.988017877439,-27.75));
#2073 = ORIENTED_EDGE('',*,*,#2074,.T.);
#2074 = EDGE_CURVE('',#2066,#2075,#2077,.T.);
#2075 = VERTEX_POINT('',#2076);
#2076 = CARTESIAN_POINT('',(40.21391006004,2.574527030822,-27.75));
#2077 = LINE('',#2078,#2079);
#2078 = CARTESIAN_POINT('',(40.166529631592,3.099096060069,-27.75));
#2079 = VECTOR('',#2080,1.);
#2080 = DIRECTION('',(8.995638631488E-02,-0.995945705629,0.));
#2081 = ORIENTED_EDGE('',*,*,#2082,.T.);
#2082 = EDGE_CURVE('',#2075,#2083,#2085,.T.);
#2083 = VERTEX_POINT('',#2084);
#2084 = CARTESIAN_POINT('',(39.659032020709,1.995639845558,-27.75));
#2085 = B_SPLINE_CURVE_WITH_KNOTS('',2,(#2086,#2087,#2088,#2089),
  .UNSPECIFIED.,.F.,.F.,(3,1,3),(0.,1.,2.),.QUASI_UNIFORM_KNOTS.);
#2086 = CARTESIAN_POINT('',(40.21391006004,2.574527030822,-27.75));
#2087 = CARTESIAN_POINT('',(39.923132625968,2.521173373194,-27.75));
#2088 = CARTESIAN_POINT('',(39.659032020709,2.225060573359,-27.75));
#2089 = CARTESIAN_POINT('',(39.659032020709,1.995639845558,-27.75));
#2090 = ORIENTED_EDGE('',*,*,#2091,.T.);
#2091 = EDGE_CURVE('',#2083,#2092,#2094,.T.);
#2092 = VERTEX_POINT('',#2093);
#2093 = CARTESIAN_POINT('',(40.928849072255,1.17932888385,-27.75));
#2094 = B_SPLINE_CURVE_WITH_KNOTS('',2,(#2095,#2096,#2097,#2098,#2099,
    #2100),.UNSPECIFIED.,.F.,.F.,(3,1,1,1,3),(0.,1.,2.,3.,4.),
  .QUASI_UNIFORM_KNOTS.);
#2095 = CARTESIAN_POINT('',(39.659032020709,1.995639845558,-27.75));
#2096 = CARTESIAN_POINT('',(39.659032020709,1.798231312335,-27.75));
#2097 = CARTESIAN_POINT('',(39.840434456644,1.496783146737,-27.75));
#2098 = CARTESIAN_POINT('',(40.144550305124,1.307377662157,-27.75));
#2099 = CARTESIAN_POINT('',(40.659413101234,1.17932888385,-27.75));
#2100 = CARTESIAN_POINT('',(40.928849072255,1.17932888385,-27.75));
#2101 = ORIENTED_EDGE('',*,*,#2102,.T.);
#2102 = EDGE_CURVE('',#2092,#2103,#2105,.T.);
#2103 = VERTEX_POINT('',#2104);
#2104 = CARTESIAN_POINT('',(41.01421492446,1.181996566732,-27.75));
#2105 = B_SPLINE_CURVE_WITH_KNOTS('',2,(#2106,#2107,#2108),
  .UNSPECIFIED.,.F.,.F.,(3,3),(0.,1.),.PIECEWISE_BEZIER_KNOTS.);
#2106 = CARTESIAN_POINT('',(40.928849072255,1.17932888385,-27.75));
#2107 = CARTESIAN_POINT('',(40.955525901069,1.17932888385,-27.75));
#2108 = CARTESIAN_POINT('',(41.01421492446,1.181996566732,-27.75));
#2109 = ORIENTED_EDGE('',*,*,#2110,.T.);
#2110 = EDGE_CURVE('',#2103,#2026,#2111,.T.);
#2111 = B_SPLINE_CURVE_WITH_KNOTS('',2,(#2112,#2113,#2114,#2115),
  .UNSPECIFIED.,.F.,.F.,(3,1,3),(0.,1.,2.),.QUASI_UNIFORM_KNOTS.);
#2112 = CARTESIAN_POINT('',(41.01421492446,1.181996566732,-27.75));
#2113 = CARTESIAN_POINT('',(40.808803342592,1.310045345039,-27.75));
#2114 = CARTESIAN_POINT('',(40.552705785978,1.755548386232,-27.75));
#2115 = CARTESIAN_POINT('',(40.552705785978,2.01698130861,-27.75));
#2116 = FACE_BOUND('',#2117,.T.);
#2117 = EDGE_LOOP('',(#2118,#2130,#2138,#2146,#2156));
#2118 = ORIENTED_EDGE('',*,*,#2119,.T.);
#2119 = EDGE_CURVE('',#2120,#2122,#2124,.T.);
#2120 = VERTEX_POINT('',#2121);
#2121 = CARTESIAN_POINT('',(41.09157772802,-1.947195453149,-27.75));
#2122 = VERTEX_POINT('',#2123);
#2123 = CARTESIAN_POINT('',(39.306897880364,-0.808094862792,-27.75));
#2124 = B_SPLINE_CURVE_WITH_KNOTS('',2,(#2125,#2126,#2127,#2128,#2129),
  .UNSPECIFIED.,.F.,.F.,(3,1,1,3),(0.,1.,2.,3.),.QUASI_UNIFORM_KNOTS.);
#2125 = CARTESIAN_POINT('',(41.09157772802,-1.947195453149,-27.75));
#2126 = CARTESIAN_POINT('',(40.475342982417,-1.947195453149,-27.75));
#2127 = CARTESIAN_POINT('',(39.7177210441,-1.693765579416,-27.75));
#2128 = CARTESIAN_POINT('',(39.306897880364,-1.189573514832,-27.75));
#2129 = CARTESIAN_POINT('',(39.306897880364,-0.808094862792,-27.75));
#2130 = ORIENTED_EDGE('',*,*,#2131,.T.);
#2131 = EDGE_CURVE('',#2122,#2132,#2134,.T.);
#2132 = VERTEX_POINT('',#2133);
#2133 = CARTESIAN_POINT('',(39.667035069353,-1.312536413501E-02,-27.75)
  );
#2134 = B_SPLINE_CURVE_WITH_KNOTS('',2,(#2135,#2136,#2137),
  .UNSPECIFIED.,.F.,.F.,(3,3),(0.,1.),.PIECEWISE_BEZIER_KNOTS.);
#2135 = CARTESIAN_POINT('',(39.306897880364,-0.808094862792,-27.75));
#2136 = CARTESIAN_POINT('',(39.306897880364,-0.301235115326,-27.75));
#2137 = CARTESIAN_POINT('',(39.667035069353,-1.312536413501E-02,-27.75)
  );
#2138 = ORIENTED_EDGE('',*,*,#2139,.T.);
#2139 = EDGE_CURVE('',#2132,#2140,#2142,.T.);
#2140 = VERTEX_POINT('',#2141);
#2141 = CARTESIAN_POINT('',(41.09157772802,0.333673410447,-27.75));
#2142 = B_SPLINE_CURVE_WITH_KNOTS('',2,(#2143,#2144,#2145),
  .UNSPECIFIED.,.F.,.F.,(3,3),(0.,1.),.PIECEWISE_BEZIER_KNOTS.);
#2143 = CARTESIAN_POINT('',(39.667035069353,-1.312536413501E-02,-27.75)
  );
#2144 = CARTESIAN_POINT('',(40.107202744784,0.333673410447,-27.75));
#2145 = CARTESIAN_POINT('',(41.09157772802,0.333673410447,-27.75));
#2146 = ORIENTED_EDGE('',*,*,#2147,.T.);
#2147 = EDGE_CURVE('',#2140,#2148,#2150,.T.);
#2148 = VERTEX_POINT('',#2149);
#2149 = CARTESIAN_POINT('',(42.878925258558,-0.808094862792,-27.75));
#2150 = B_SPLINE_CURVE_WITH_KNOTS('',2,(#2151,#2152,#2153,#2154,#2155),
  .UNSPECIFIED.,.F.,.F.,(3,1,1,3),(0.,1.,2.,3.),.QUASI_UNIFORM_KNOTS.);
#2151 = CARTESIAN_POINT('',(41.09157772802,0.333673410447,-27.75));
#2152 = CARTESIAN_POINT('',(41.713147839386,0.333673410447,-27.75));
#2153 = CARTESIAN_POINT('',(42.470769777704,7.757585383255E-02,-27.75));
#2154 = CARTESIAN_POINT('',(42.878925258558,-0.42394852787,-27.75));
#2155 = CARTESIAN_POINT('',(42.878925258558,-0.808094862792,-27.75));
#2156 = ORIENTED_EDGE('',*,*,#2157,.T.);
#2157 = EDGE_CURVE('',#2148,#2120,#2158,.T.);
#2158 = B_SPLINE_CURVE_WITH_KNOTS('',2,(#2159,#2160,#2161,#2162,#2163,
    #2164),.UNSPECIFIED.,.F.,.F.,(3,1,1,1,3),(0.,1.,2.,3.,4.),
  .QUASI_UNIFORM_KNOTS.);
#2159 = CARTESIAN_POINT('',(42.878925258558,-0.808094862792,-27.75));
#2160 = CARTESIAN_POINT('',(42.878925258558,-1.088201565339,-27.75));
#2161 = CARTESIAN_POINT('',(42.652172213639,-1.515030826363,-27.75));
#2162 = CARTESIAN_POINT('',(42.225342952615,-1.789802163147,-27.75));
#2163 = CARTESIAN_POINT('',(41.611775889893,-1.947195453149,-27.75));
#2164 = CARTESIAN_POINT('',(41.09157772802,-1.947195453149,-27.75));
#2165 = FACE_BOUND('',#2166,.T.);
#2166 = EDGE_LOOP('',(#2167,#2178,#2187,#2198,#2206,#2214,#2222));
#2167 = ORIENTED_EDGE('',*,*,#2168,.T.);
#2168 = EDGE_CURVE('',#2169,#2171,#2173,.T.);
#2169 = VERTEX_POINT('',#2170);
#2170 = CARTESIAN_POINT('',(41.969245396001,-5.012363083877,-27.75));
#2171 = VERTEX_POINT('',#2172);
#2172 = CARTESIAN_POINT('',(41.227629554972,-4.521509433699,-27.75));
#2173 = B_SPLINE_CURVE_WITH_KNOTS('',2,(#2174,#2175,#2176,#2177),
  .UNSPECIFIED.,.F.,.F.,(3,1,3),(0.,1.,2.),.QUASI_UNIFORM_KNOTS.);
#2174 = CARTESIAN_POINT('',(41.969245396001,-5.012363083877,-27.75));
#2175 = CARTESIAN_POINT('',(41.745160033963,-5.012363083877,-27.75));
#2176 = CARTESIAN_POINT('',(41.350342967516,-4.769603941669,-27.75));
#2177 = CARTESIAN_POINT('',(41.227629554972,-4.521509433699,-27.75));
#2178 = ORIENTED_EDGE('',*,*,#2179,.T.);
#2179 = EDGE_CURVE('',#2171,#2180,#2182,.T.);
#2180 = VERTEX_POINT('',#2181);
#2181 = CARTESIAN_POINT('',(40.379306398687,-5.183094788286,-27.75));
#2182 = B_SPLINE_CURVE_WITH_KNOTS('',2,(#2183,#2184,#2185,#2186),
  .UNSPECIFIED.,.F.,.F.,(3,1,3),(0.,1.,2.),.QUASI_UNIFORM_KNOTS.);
#2183 = CARTESIAN_POINT('',(41.227629554972,-4.521509433699,-27.75));
#2184 = CARTESIAN_POINT('',(41.134260654123,-4.841631379467,-27.75));
#2185 = CARTESIAN_POINT('',(40.686089930048,-5.183094788286,-27.75));
#2186 = CARTESIAN_POINT('',(40.379306398687,-5.183094788286,-27.75));
#2187 = ORIENTED_EDGE('',*,*,#2188,.T.);
#2188 = EDGE_CURVE('',#2180,#2189,#2191,.T.);
#2189 = VERTEX_POINT('',#2190);
#2190 = CARTESIAN_POINT('',(39.365586903755,-3.873262493519,-27.75));
#2191 = B_SPLINE_CURVE_WITH_KNOTS('',2,(#2192,#2193,#2194,#2195,#2196,
    #2197),.UNSPECIFIED.,.F.,.F.,(3,1,1,1,3),(0.,1.,2.,3.,4.),
  .QUASI_UNIFORM_KNOTS.);
#2192 = CARTESIAN_POINT('',(40.379306398687,-5.183094788286,-27.75));
#2193 = CARTESIAN_POINT('',(40.133879573598,-5.183094788286,-27.75));
#2194 = CARTESIAN_POINT('',(39.712385678337,-4.975015523537,-27.75));
#2195 = CARTESIAN_POINT('',(39.482964950537,-4.670899675057,-27.75));
#2196 = CARTESIAN_POINT('',(39.365586903755,-4.209390536575,-27.75));
#2197 = CARTESIAN_POINT('',(39.365586903755,-3.873262493519,-27.75));
#2198 = ORIENTED_EDGE('',*,*,#2199,.T.);
#2199 = EDGE_CURVE('',#2189,#2200,#2202,.T.);
#2200 = VERTEX_POINT('',#2201);
#2201 = CARTESIAN_POINT('',(39.365586903755,-2.53942105282,-27.75));
#2202 = LINE('',#2203,#2204);
#2203 = CARTESIAN_POINT('',(39.365586903755,-1.26971052641,-27.75));
#2204 = VECTOR('',#2205,1.);
#2205 = DIRECTION('',(0.,1.,0.));
#2206 = ORIENTED_EDGE('',*,*,#2207,.T.);
#2207 = EDGE_CURVE('',#2200,#2208,#2210,.T.);
#2208 = VERTEX_POINT('',#2209);
#2209 = CARTESIAN_POINT('',(42.865586844151,-2.53942105282,-27.75));
#2210 = LINE('',#2211,#2212);
#2211 = CARTESIAN_POINT('',(21.432793422075,-2.53942105282,-27.75));
#2212 = VECTOR('',#2213,1.);
#2213 = DIRECTION('',(1.,1.586032919332E-16,0.));
#2214 = ORIENTED_EDGE('',*,*,#2215,.T.);
#2215 = EDGE_CURVE('',#2208,#2216,#2218,.T.);
#2216 = VERTEX_POINT('',#2217);
#2217 = CARTESIAN_POINT('',(42.865586844151,-3.851921030468,-27.75));
#2218 = LINE('',#2219,#2220);
#2219 = CARTESIAN_POINT('',(42.865586844151,-1.925960515234,-27.75));
#2220 = VECTOR('',#2221,1.);
#2221 = DIRECTION('',(0.,-1.,0.));
#2222 = ORIENTED_EDGE('',*,*,#2223,.T.);
#2223 = EDGE_CURVE('',#2216,#2169,#2224,.T.);
#2224 = B_SPLINE_CURVE_WITH_KNOTS('',2,(#2225,#2226,#2227,#2228,#2229),
  .UNSPECIFIED.,.F.,.F.,(3,1,1,3),(0.,1.,2.,3.),.QUASI_UNIFORM_KNOTS.);
#2225 = CARTESIAN_POINT('',(42.865586844151,-3.851921030468,-27.75));
#2226 = CARTESIAN_POINT('',(42.865586844151,-4.252073462678,-27.75));
#2227 = CARTESIAN_POINT('',(42.652172213639,-4.737591747092,-27.75));
#2228 = CARTESIAN_POINT('',(42.212004538208,-5.012363083877,-27.75));
#2229 = CARTESIAN_POINT('',(41.969245396001,-5.012363083877,-27.75));
#2230 = FACE_BOUND('',#2231,.T.);
#2231 = EDGE_LOOP('',(#2232,#2233,#2234,#2235,#2236,#2237,#2238,#2239,
    #2240,#2241,#2242,#2243,#2244,#2245,#2246,#2247));
#2232 = ORIENTED_EDGE('',*,*,#310,.F.);
#2233 = ORIENTED_EDGE('',*,*,#397,.F.);
#2234 = ORIENTED_EDGE('',*,*,#492,.F.);
#2235 = ORIENTED_EDGE('',*,*,#580,.F.);
#2236 = ORIENTED_EDGE('',*,*,#658,.F.);
#2237 = ORIENTED_EDGE('',*,*,#745,.F.);
#2238 = ORIENTED_EDGE('',*,*,#840,.F.);
#2239 = ORIENTED_EDGE('',*,*,#928,.F.);
#2240 = ORIENTED_EDGE('',*,*,#950,.F.);
#2241 = ORIENTED_EDGE('',*,*,#855,.F.);
#2242 = ORIENTED_EDGE('',*,*,#801,.F.);
#2243 = ORIENTED_EDGE('',*,*,#720,.F.);
#2244 = ORIENTED_EDGE('',*,*,#602,.F.);
#2245 = ORIENTED_EDGE('',*,*,#507,.F.);
#2246 = ORIENTED_EDGE('',*,*,#453,.F.);
#2247 = ORIENTED_EDGE('',*,*,#372,.F.);
#2248 = PLANE('',#2249);
#2249 = AXIS2_PLACEMENT_3D('',#2250,#2251,#2252);
#2250 = CARTESIAN_POINT('',(-5.551115123126E-16,-2.314121116953E-14,
    -27.75));
#2251 = DIRECTION('',(0.,0.,1.));
#2252 = DIRECTION('',(1.,0.,-0.));
#2253 = ADVANCED_FACE('',(#2254),#2273,.F.);
#2254 = FACE_BOUND('',#2255,.F.);
#2255 = EDGE_LOOP('',(#2256,#2265,#2272));
#2256 = ORIENTED_EDGE('',*,*,#2257,.F.);
#2257 = EDGE_CURVE('',#2258,#2258,#2260,.T.);
#2258 = VERTEX_POINT('',#2259);
#2259 = CARTESIAN_POINT('',(-56.071,42.,-13.));
#2260 = CIRCLE('',#2261,1.321);
#2261 = AXIS2_PLACEMENT_3D('',#2262,#2263,#2264);
#2262 = CARTESIAN_POINT('',(-54.75,42.,-13.));
#2263 = DIRECTION('',(0.,0.,1.));
#2264 = DIRECTION('',(-1.,0.,0.));
#2265 = ORIENTED_EDGE('',*,*,#2266,.F.);
#2266 = EDGE_CURVE('',#2267,#2258,#2269,.T.);
#2267 = VERTEX_POINT('',#2268);
#2268 = CARTESIAN_POINT('',(-54.75,42.,-13.79373687773));
#2269 = B_SPLINE_CURVE_WITH_KNOTS('',1,(#2270,#2271),.UNSPECIFIED.,.F.,
  .F.,(2,2),(-0.770561358859,0.770561358861),.PIECEWISE_BEZIER_KNOTS.);
#2270 = CARTESIAN_POINT('',(-54.75,42.,-13.79373687773));
#2271 = CARTESIAN_POINT('',(-56.071,42.,-13.));
#2272 = ORIENTED_EDGE('',*,*,#2266,.T.);
#2273 = CONICAL_SURFACE('',#2274,0.6605,1.02974425868);
#2274 = AXIS2_PLACEMENT_3D('',#2275,#2276,#2277);
#2275 = CARTESIAN_POINT('',(-54.75,42.,-13.39686843886));
#2276 = DIRECTION('',(0.,0.,1.));
#2277 = DIRECTION('',(-1.,0.,0.));
#2278 = ADVANCED_FACE('',(#2279,#2290),#2310,.T.);
#2279 = FACE_BOUND('',#2280,.T.);
#2280 = EDGE_LOOP('',(#2281));
#2281 = ORIENTED_EDGE('',*,*,#2282,.T.);
#2282 = EDGE_CURVE('',#2283,#2283,#2285,.T.);
#2283 = VERTEX_POINT('',#2284);
#2284 = CARTESIAN_POINT('',(-56.5,42.,-3.));
#2285 = CIRCLE('',#2286,1.75);
#2286 = AXIS2_PLACEMENT_3D('',#2287,#2288,#2289);
#2287 = CARTESIAN_POINT('',(-54.75,42.,-3.));
#2288 = DIRECTION('',(0.,0.,1.));
#2289 = DIRECTION('',(-1.,0.,0.));
#2290 = FACE_BOUND('',#2291,.T.);
#2291 = EDGE_LOOP('',(#2292,#2303));
#2292 = ORIENTED_EDGE('',*,*,#2293,.F.);
#2293 = EDGE_CURVE('',#2294,#2296,#2298,.T.);
#2294 = VERTEX_POINT('',#2295);
#2295 = CARTESIAN_POINT('',(-53.429,42.,-3.));
#2296 = VERTEX_POINT('',#2297);
#2297 = CARTESIAN_POINT('',(-56.071,42.,-3.));
#2298 = CIRCLE('',#2299,1.321);
#2299 = AXIS2_PLACEMENT_3D('',#2300,#2301,#2302);
#2300 = CARTESIAN_POINT('',(-54.75,42.,-3.));
#2301 = DIRECTION('',(0.,0.,1.));
#2302 = DIRECTION('',(-1.,0.,0.));
#2303 = ORIENTED_EDGE('',*,*,#2304,.F.);
#2304 = EDGE_CURVE('',#2296,#2294,#2305,.T.);
#2305 = CIRCLE('',#2306,1.321);
#2306 = AXIS2_PLACEMENT_3D('',#2307,#2308,#2309);
#2307 = CARTESIAN_POINT('',(-54.75,42.,-3.));
#2308 = DIRECTION('',(0.,0.,1.));
#2309 = DIRECTION('',(-1.,0.,0.));
#2310 = PLANE('',#2311);
#2311 = AXIS2_PLACEMENT_3D('',#2312,#2313,#2314);
#2312 = CARTESIAN_POINT('',(-54.75,42.,-3.));
#2313 = DIRECTION('',(0.,0.,1.));
#2314 = DIRECTION('',(-1.,0.,0.));
#2315 = ADVANCED_FACE('',(#2316),#2334,.F.);
#2316 = FACE_BOUND('',#2317,.F.);
#2317 = EDGE_LOOP('',(#2318,#2327,#2332,#2333));
#2318 = ORIENTED_EDGE('',*,*,#2319,.T.);
#2319 = EDGE_CURVE('',#2320,#2320,#2322,.T.);
#2320 = VERTEX_POINT('',#2321);
#2321 = CARTESIAN_POINT('',(-56.5,42.,0.));
#2322 = CIRCLE('',#2323,1.75);
#2323 = AXIS2_PLACEMENT_3D('',#2324,#2325,#2326);
#2324 = CARTESIAN_POINT('',(-54.75,42.,0.));
#2325 = DIRECTION('',(0.,0.,-1.));
#2326 = DIRECTION('',(-1.,0.,0.));
#2327 = ORIENTED_EDGE('',*,*,#2328,.F.);
#2328 = EDGE_CURVE('',#2283,#2320,#2329,.T.);
#2329 = B_SPLINE_CURVE_WITH_KNOTS('',1,(#2330,#2331),.UNSPECIFIED.,.F.,
  .F.,(2,2),(-1.5,1.5),.PIECEWISE_BEZIER_KNOTS.);
#2330 = CARTESIAN_POINT('',(-56.5,42.,-3.));
#2331 = CARTESIAN_POINT('',(-56.5,42.,0.));
#2332 = ORIENTED_EDGE('',*,*,#2282,.T.);
#2333 = ORIENTED_EDGE('',*,*,#2328,.T.);
#2334 = CYLINDRICAL_SURFACE('',#2335,1.75);
#2335 = AXIS2_PLACEMENT_3D('',#2336,#2337,#2338);
#2336 = CARTESIAN_POINT('',(-54.75,42.,-1.5));
#2337 = DIRECTION('',(0.,0.,1.));
#2338 = DIRECTION('',(-1.,0.,0.));
#2339 = ADVANCED_FACE('',(#2340),#2351,.F.);
#2340 = FACE_BOUND('',#2341,.F.);
#2341 = EDGE_LOOP('',(#2342,#2343,#2348,#2349,#2350));
#2342 = ORIENTED_EDGE('',*,*,#2304,.F.);
#2343 = ORIENTED_EDGE('',*,*,#2344,.F.);
#2344 = EDGE_CURVE('',#2258,#2296,#2345,.T.);
#2345 = B_SPLINE_CURVE_WITH_KNOTS('',1,(#2346,#2347),.UNSPECIFIED.,.F.,
  .F.,(2,2),(-6.5,3.5),.PIECEWISE_BEZIER_KNOTS.);
#2346 = CARTESIAN_POINT('',(-56.071,42.,-13.));
#2347 = CARTESIAN_POINT('',(-56.071,42.,-3.));
#2348 = ORIENTED_EDGE('',*,*,#2257,.T.);
#2349 = ORIENTED_EDGE('',*,*,#2344,.T.);
#2350 = ORIENTED_EDGE('',*,*,#2293,.F.);
#2351 = CYLINDRICAL_SURFACE('',#2352,1.321);
#2352 = AXIS2_PLACEMENT_3D('',#2353,#2354,#2355);
#2353 = CARTESIAN_POINT('',(-54.75,42.,-6.5));
#2354 = DIRECTION('',(0.,0.,1.));
#2355 = DIRECTION('',(-1.,0.,0.));
#2356 = ADVANCED_FACE('',(#2357),#2376,.F.);
#2357 = FACE_BOUND('',#2358,.F.);
#2358 = EDGE_LOOP('',(#2359,#2368,#2375));
#2359 = ORIENTED_EDGE('',*,*,#2360,.F.);
#2360 = EDGE_CURVE('',#2361,#2361,#2363,.T.);
#2361 = VERTEX_POINT('',#2362);
#2362 = CARTESIAN_POINT('',(53.429,-42.,-13.));
#2363 = CIRCLE('',#2364,1.321);
#2364 = AXIS2_PLACEMENT_3D('',#2365,#2366,#2367);
#2365 = CARTESIAN_POINT('',(54.75,-42.,-13.));
#2366 = DIRECTION('',(0.,0.,1.));
#2367 = DIRECTION('',(-1.,0.,0.));
#2368 = ORIENTED_EDGE('',*,*,#2369,.F.);
#2369 = EDGE_CURVE('',#2370,#2361,#2372,.T.);
#2370 = VERTEX_POINT('',#2371);
#2371 = CARTESIAN_POINT('',(54.75,-42.,-13.79373687773));
#2372 = B_SPLINE_CURVE_WITH_KNOTS('',1,(#2373,#2374),.UNSPECIFIED.,.F.,
  .F.,(2,2),(-0.770561358859,0.770561358861),.PIECEWISE_BEZIER_KNOTS.);
#2373 = CARTESIAN_POINT('',(54.75,-42.,-13.79373687773));
#2374 = CARTESIAN_POINT('',(53.428999999999,-42.,-13.));
#2375 = ORIENTED_EDGE('',*,*,#2369,.T.);
#2376 = CONICAL_SURFACE('',#2377,0.6605,1.02974425868);
#2377 = AXIS2_PLACEMENT_3D('',#2378,#2379,#2380);
#2378 = CARTESIAN_POINT('',(54.75,-42.,-13.39686843886));
#2379 = DIRECTION('',(0.,0.,1.));
#2380 = DIRECTION('',(-1.,0.,0.));
#2381 = ADVANCED_FACE('',(#2382,#2393),#2413,.T.);
#2382 = FACE_BOUND('',#2383,.T.);
#2383 = EDGE_LOOP('',(#2384));
#2384 = ORIENTED_EDGE('',*,*,#2385,.T.);
#2385 = EDGE_CURVE('',#2386,#2386,#2388,.T.);
#2386 = VERTEX_POINT('',#2387);
#2387 = CARTESIAN_POINT('',(53.,-42.,-3.));
#2388 = CIRCLE('',#2389,1.75);
#2389 = AXIS2_PLACEMENT_3D('',#2390,#2391,#2392);
#2390 = CARTESIAN_POINT('',(54.75,-42.,-3.));
#2391 = DIRECTION('',(0.,0.,1.));
#2392 = DIRECTION('',(-1.,0.,0.));
#2393 = FACE_BOUND('',#2394,.T.);
#2394 = EDGE_LOOP('',(#2395,#2406));
#2395 = ORIENTED_EDGE('',*,*,#2396,.F.);
#2396 = EDGE_CURVE('',#2397,#2399,#2401,.T.);
#2397 = VERTEX_POINT('',#2398);
#2398 = CARTESIAN_POINT('',(56.071,-42.,-3.));
#2399 = VERTEX_POINT('',#2400);
#2400 = CARTESIAN_POINT('',(53.429,-42.,-3.));
#2401 = CIRCLE('',#2402,1.321);
#2402 = AXIS2_PLACEMENT_3D('',#2403,#2404,#2405);
#2403 = CARTESIAN_POINT('',(54.75,-42.,-3.));
#2404 = DIRECTION('',(0.,0.,1.));
#2405 = DIRECTION('',(-1.,0.,0.));
#2406 = ORIENTED_EDGE('',*,*,#2407,.F.);
#2407 = EDGE_CURVE('',#2399,#2397,#2408,.T.);
#2408 = CIRCLE('',#2409,1.321);
#2409 = AXIS2_PLACEMENT_3D('',#2410,#2411,#2412);
#2410 = CARTESIAN_POINT('',(54.75,-42.,-3.));
#2411 = DIRECTION('',(0.,0.,1.));
#2412 = DIRECTION('',(-1.,0.,0.));
#2413 = PLANE('',#2414);
#2414 = AXIS2_PLACEMENT_3D('',#2415,#2416,#2417);
#2415 = CARTESIAN_POINT('',(54.75,-42.,-3.));
#2416 = DIRECTION('',(0.,0.,1.));
#2417 = DIRECTION('',(-1.,0.,0.));
#2418 = ADVANCED_FACE('',(#2419),#2437,.F.);
#2419 = FACE_BOUND('',#2420,.F.);
#2420 = EDGE_LOOP('',(#2421,#2430,#2435,#2436));
#2421 = ORIENTED_EDGE('',*,*,#2422,.T.);
#2422 = EDGE_CURVE('',#2423,#2423,#2425,.T.);
#2423 = VERTEX_POINT('',#2424);
#2424 = CARTESIAN_POINT('',(53.,-42.,0.));
#2425 = CIRCLE('',#2426,1.75);
#2426 = AXIS2_PLACEMENT_3D('',#2427,#2428,#2429);
#2427 = CARTESIAN_POINT('',(54.75,-42.,0.));
#2428 = DIRECTION('',(0.,0.,-1.));
#2429 = DIRECTION('',(-1.,0.,0.));
#2430 = ORIENTED_EDGE('',*,*,#2431,.F.);
#2431 = EDGE_CURVE('',#2386,#2423,#2432,.T.);
#2432 = B_SPLINE_CURVE_WITH_KNOTS('',1,(#2433,#2434),.UNSPECIFIED.,.F.,
  .F.,(2,2),(-1.5,1.5),.PIECEWISE_BEZIER_KNOTS.);
#2433 = CARTESIAN_POINT('',(53.,-42.,-3.));
#2434 = CARTESIAN_POINT('',(53.,-42.,0.));
#2435 = ORIENTED_EDGE('',*,*,#2385,.T.);
#2436 = ORIENTED_EDGE('',*,*,#2431,.T.);
#2437 = CYLINDRICAL_SURFACE('',#2438,1.75);
#2438 = AXIS2_PLACEMENT_3D('',#2439,#2440,#2441);
#2439 = CARTESIAN_POINT('',(54.75,-42.,-1.5));
#2440 = DIRECTION('',(0.,0.,1.));
#2441 = DIRECTION('',(-1.,0.,0.));
#2442 = ADVANCED_FACE('',(#2443),#2454,.F.);
#2443 = FACE_BOUND('',#2444,.F.);
#2444 = EDGE_LOOP('',(#2445,#2446,#2451,#2452,#2453));
#2445 = ORIENTED_EDGE('',*,*,#2407,.F.);
#2446 = ORIENTED_EDGE('',*,*,#2447,.F.);
#2447 = EDGE_CURVE('',#2361,#2399,#2448,.T.);
#2448 = B_SPLINE_CURVE_WITH_KNOTS('',1,(#2449,#2450),.UNSPECIFIED.,.F.,
  .F.,(2,2),(-6.5,3.5),.PIECEWISE_BEZIER_KNOTS.);
#2449 = CARTESIAN_POINT('',(53.429,-42.,-13.));
#2450 = CARTESIAN_POINT('',(53.429,-42.,-3.));
#2451 = ORIENTED_EDGE('',*,*,#2360,.T.);
#2452 = ORIENTED_EDGE('',*,*,#2447,.T.);
#2453 = ORIENTED_EDGE('',*,*,#2396,.F.);
#2454 = CYLINDRICAL_SURFACE('',#2455,1.321);
#2455 = AXIS2_PLACEMENT_3D('',#2456,#2457,#2458);
#2456 = CARTESIAN_POINT('',(54.75,-42.,-6.5));
#2457 = DIRECTION('',(0.,0.,1.));
#2458 = DIRECTION('',(-1.,0.,0.));
#2459 = ADVANCED_FACE('',(#2460),#2479,.F.);
#2460 = FACE_BOUND('',#2461,.F.);
#2461 = EDGE_LOOP('',(#2462,#2471,#2478));
#2462 = ORIENTED_EDGE('',*,*,#2463,.F.);
#2463 = EDGE_CURVE('',#2464,#2464,#2466,.T.);
#2464 = VERTEX_POINT('',#2465);
#2465 = CARTESIAN_POINT('',(-56.071,-42.,-13.));
#2466 = CIRCLE('',#2467,1.321);
#2467 = AXIS2_PLACEMENT_3D('',#2468,#2469,#2470);
#2468 = CARTESIAN_POINT('',(-54.75,-42.,-13.));
#2469 = DIRECTION('',(0.,0.,1.));
#2470 = DIRECTION('',(-1.,0.,0.));
#2471 = ORIENTED_EDGE('',*,*,#2472,.F.);
#2472 = EDGE_CURVE('',#2473,#2464,#2475,.T.);
#2473 = VERTEX_POINT('',#2474);
#2474 = CARTESIAN_POINT('',(-54.75,-42.,-13.79373687773));
#2475 = B_SPLINE_CURVE_WITH_KNOTS('',1,(#2476,#2477),.UNSPECIFIED.,.F.,
  .F.,(2,2),(-0.770561358859,0.770561358861),.PIECEWISE_BEZIER_KNOTS.);
#2476 = CARTESIAN_POINT('',(-54.75,-42.,-13.79373687773));
#2477 = CARTESIAN_POINT('',(-56.071,-42.,-13.));
#2478 = ORIENTED_EDGE('',*,*,#2472,.T.);
#2479 = CONICAL_SURFACE('',#2480,0.6605,1.02974425868);
#2480 = AXIS2_PLACEMENT_3D('',#2481,#2482,#2483);
#2481 = CARTESIAN_POINT('',(-54.75,-42.,-13.39686843886));
#2482 = DIRECTION('',(0.,0.,1.));
#2483 = DIRECTION('',(-1.,0.,0.));
#2484 = ADVANCED_FACE('',(#2485,#2496),#2516,.T.);
#2485 = FACE_BOUND('',#2486,.T.);
#2486 = EDGE_LOOP('',(#2487));
#2487 = ORIENTED_EDGE('',*,*,#2488,.T.);
#2488 = EDGE_CURVE('',#2489,#2489,#2491,.T.);
#2489 = VERTEX_POINT('',#2490);
#2490 = CARTESIAN_POINT('',(-56.5,-42.,-3.));
#2491 = CIRCLE('',#2492,1.75);
#2492 = AXIS2_PLACEMENT_3D('',#2493,#2494,#2495);
#2493 = CARTESIAN_POINT('',(-54.75,-42.,-3.));
#2494 = DIRECTION('',(0.,0.,1.));
#2495 = DIRECTION('',(-1.,0.,0.));
#2496 = FACE_BOUND('',#2497,.T.);
#2497 = EDGE_LOOP('',(#2498,#2509));
#2498 = ORIENTED_EDGE('',*,*,#2499,.F.);
#2499 = EDGE_CURVE('',#2500,#2502,#2504,.T.);
#2500 = VERTEX_POINT('',#2501);
#2501 = CARTESIAN_POINT('',(-53.429,-42.,-3.));
#2502 = VERTEX_POINT('',#2503);
#2503 = CARTESIAN_POINT('',(-56.071,-42.,-3.));
#2504 = CIRCLE('',#2505,1.321);
#2505 = AXIS2_PLACEMENT_3D('',#2506,#2507,#2508);
#2506 = CARTESIAN_POINT('',(-54.75,-42.,-3.));
#2507 = DIRECTION('',(0.,0.,1.));
#2508 = DIRECTION('',(-1.,0.,0.));
#2509 = ORIENTED_EDGE('',*,*,#2510,.F.);
#2510 = EDGE_CURVE('',#2502,#2500,#2511,.T.);
#2511 = CIRCLE('',#2512,1.321);
#2512 = AXIS2_PLACEMENT_3D('',#2513,#2514,#2515);
#2513 = CARTESIAN_POINT('',(-54.75,-42.,-3.));
#2514 = DIRECTION('',(0.,0.,1.));
#2515 = DIRECTION('',(-1.,0.,0.));
#2516 = PLANE('',#2517);
#2517 = AXIS2_PLACEMENT_3D('',#2518,#2519,#2520);
#2518 = CARTESIAN_POINT('',(-54.75,-42.,-3.));
#2519 = DIRECTION('',(0.,0.,1.));
#2520 = DIRECTION('',(-1.,0.,0.));
#2521 = ADVANCED_FACE('',(#2522),#2540,.F.);
#2522 = FACE_BOUND('',#2523,.F.);
#2523 = EDGE_LOOP('',(#2524,#2533,#2538,#2539));
#2524 = ORIENTED_EDGE('',*,*,#2525,.T.);
#2525 = EDGE_CURVE('',#2526,#2526,#2528,.T.);
#2526 = VERTEX_POINT('',#2527);
#2527 = CARTESIAN_POINT('',(-56.5,-42.,0.));
#2528 = CIRCLE('',#2529,1.75);
#2529 = AXIS2_PLACEMENT_3D('',#2530,#2531,#2532);
#2530 = CARTESIAN_POINT('',(-54.75,-42.,0.));
#2531 = DIRECTION('',(0.,0.,-1.));
#2532 = DIRECTION('',(-1.,0.,0.));
#2533 = ORIENTED_EDGE('',*,*,#2534,.F.);
#2534 = EDGE_CURVE('',#2489,#2526,#2535,.T.);
#2535 = B_SPLINE_CURVE_WITH_KNOTS('',1,(#2536,#2537),.UNSPECIFIED.,.F.,
  .F.,(2,2),(-1.5,1.5),.PIECEWISE_BEZIER_KNOTS.);
#2536 = CARTESIAN_POINT('',(-56.5,-42.,-3.));
#2537 = CARTESIAN_POINT('',(-56.5,-42.,0.));
#2538 = ORIENTED_EDGE('',*,*,#2488,.T.);
#2539 = ORIENTED_EDGE('',*,*,#2534,.T.);
#2540 = CYLINDRICAL_SURFACE('',#2541,1.75);
#2541 = AXIS2_PLACEMENT_3D('',#2542,#2543,#2544);
#2542 = CARTESIAN_POINT('',(-54.75,-42.,-1.5));
#2543 = DIRECTION('',(0.,0.,1.));
#2544 = DIRECTION('',(-1.,0.,0.));
#2545 = ADVANCED_FACE('',(#2546),#2557,.F.);
#2546 = FACE_BOUND('',#2547,.F.);
#2547 = EDGE_LOOP('',(#2548,#2549,#2554,#2555,#2556));
#2548 = ORIENTED_EDGE('',*,*,#2510,.F.);
#2549 = ORIENTED_EDGE('',*,*,#2550,.F.);
#2550 = EDGE_CURVE('',#2464,#2502,#2551,.T.);
#2551 = B_SPLINE_CURVE_WITH_KNOTS('',1,(#2552,#2553),.UNSPECIFIED.,.F.,
  .F.,(2,2),(-6.5,3.5),.PIECEWISE_BEZIER_KNOTS.);
#2552 = CARTESIAN_POINT('',(-56.071,-42.,-13.));
#2553 = CARTESIAN_POINT('',(-56.071,-42.,-3.));
#2554 = ORIENTED_EDGE('',*,*,#2463,.T.);
#2555 = ORIENTED_EDGE('',*,*,#2550,.T.);
#2556 = ORIENTED_EDGE('',*,*,#2499,.F.);
#2557 = CYLINDRICAL_SURFACE('',#2558,1.321);
#2558 = AXIS2_PLACEMENT_3D('',#2559,#2560,#2561);
#2559 = CARTESIAN_POINT('',(-54.75,-42.,-6.5));
#2560 = DIRECTION('',(0.,0.,1.));
#2561 = DIRECTION('',(-1.,0.,0.));
#2562 = ADVANCED_FACE('',(#2563),#2582,.F.);
#2563 = FACE_BOUND('',#2564,.F.);
#2564 = EDGE_LOOP('',(#2565,#2574,#2581));
#2565 = ORIENTED_EDGE('',*,*,#2566,.F.);
#2566 = EDGE_CURVE('',#2567,#2567,#2569,.T.);
#2567 = VERTEX_POINT('',#2568);
#2568 = CARTESIAN_POINT('',(53.429,42.,-13.));
#2569 = CIRCLE('',#2570,1.321);
#2570 = AXIS2_PLACEMENT_3D('',#2571,#2572,#2573);
#2571 = CARTESIAN_POINT('',(54.75,42.,-13.));
#2572 = DIRECTION('',(0.,0.,1.));
#2573 = DIRECTION('',(-1.,0.,0.));
#2574 = ORIENTED_EDGE('',*,*,#2575,.F.);
#2575 = EDGE_CURVE('',#2576,#2567,#2578,.T.);
#2576 = VERTEX_POINT('',#2577);
#2577 = CARTESIAN_POINT('',(54.75,42.,-13.79373687773));
#2578 = B_SPLINE_CURVE_WITH_KNOTS('',1,(#2579,#2580),.UNSPECIFIED.,.F.,
  .F.,(2,2),(-0.770561358859,0.770561358861),.PIECEWISE_BEZIER_KNOTS.);
#2579 = CARTESIAN_POINT('',(54.75,42.,-13.79373687773));
#2580 = CARTESIAN_POINT('',(53.428999999999,42.,-13.));
#2581 = ORIENTED_EDGE('',*,*,#2575,.T.);
#2582 = CONICAL_SURFACE('',#2583,0.6605,1.02974425868);
#2583 = AXIS2_PLACEMENT_3D('',#2584,#2585,#2586);
#2584 = CARTESIAN_POINT('',(54.75,42.,-13.39686843886));
#2585 = DIRECTION('',(0.,0.,1.));
#2586 = DIRECTION('',(-1.,0.,0.));
#2587 = ADVANCED_FACE('',(#2588,#2599),#2619,.T.);
#2588 = FACE_BOUND('',#2589,.T.);
#2589 = EDGE_LOOP('',(#2590));
#2590 = ORIENTED_EDGE('',*,*,#2591,.T.);
#2591 = EDGE_CURVE('',#2592,#2592,#2594,.T.);
#2592 = VERTEX_POINT('',#2593);
#2593 = CARTESIAN_POINT('',(53.,42.,-3.));
#2594 = CIRCLE('',#2595,1.75);
#2595 = AXIS2_PLACEMENT_3D('',#2596,#2597,#2598);
#2596 = CARTESIAN_POINT('',(54.75,42.,-3.));
#2597 = DIRECTION('',(0.,0.,1.));
#2598 = DIRECTION('',(-1.,0.,0.));
#2599 = FACE_BOUND('',#2600,.T.);
#2600 = EDGE_LOOP('',(#2601,#2612));
#2601 = ORIENTED_EDGE('',*,*,#2602,.F.);
#2602 = EDGE_CURVE('',#2603,#2605,#2607,.T.);
#2603 = VERTEX_POINT('',#2604);
#2604 = CARTESIAN_POINT('',(56.071,42.,-3.));
#2605 = VERTEX_POINT('',#2606);
#2606 = CARTESIAN_POINT('',(53.429,42.,-3.));
#2607 = CIRCLE('',#2608,1.321);
#2608 = AXIS2_PLACEMENT_3D('',#2609,#2610,#2611);
#2609 = CARTESIAN_POINT('',(54.75,42.,-3.));
#2610 = DIRECTION('',(0.,0.,1.));
#2611 = DIRECTION('',(-1.,0.,0.));
#2612 = ORIENTED_EDGE('',*,*,#2613,.F.);
#2613 = EDGE_CURVE('',#2605,#2603,#2614,.T.);
#2614 = CIRCLE('',#2615,1.321);
#2615 = AXIS2_PLACEMENT_3D('',#2616,#2617,#2618);
#2616 = CARTESIAN_POINT('',(54.75,42.,-3.));
#2617 = DIRECTION('',(0.,0.,1.));
#2618 = DIRECTION('',(-1.,0.,0.));
#2619 = PLANE('',#2620);
#2620 = AXIS2_PLACEMENT_3D('',#2621,#2622,#2623);
#2621 = CARTESIAN_POINT('',(54.75,42.,-3.));
#2622 = DIRECTION('',(0.,0.,1.));
#2623 = DIRECTION('',(-1.,0.,0.));
#2624 = ADVANCED_FACE('',(#2625),#2643,.F.);
#2625 = FACE_BOUND('',#2626,.F.);
#2626 = EDGE_LOOP('',(#2627,#2636,#2641,#2642));
#2627 = ORIENTED_EDGE('',*,*,#2628,.T.);
#2628 = EDGE_CURVE('',#2629,#2629,#2631,.T.);
#2629 = VERTEX_POINT('',#2630);
#2630 = CARTESIAN_POINT('',(53.,42.,0.));
#2631 = CIRCLE('',#2632,1.75);
#2632 = AXIS2_PLACEMENT_3D('',#2633,#2634,#2635);
#2633 = CARTESIAN_POINT('',(54.75,42.,0.));
#2634 = DIRECTION('',(0.,0.,-1.));
#2635 = DIRECTION('',(-1.,0.,0.));
#2636 = ORIENTED_EDGE('',*,*,#2637,.F.);
#2637 = EDGE_CURVE('',#2592,#2629,#2638,.T.);
#2638 = B_SPLINE_CURVE_WITH_KNOTS('',1,(#2639,#2640),.UNSPECIFIED.,.F.,
  .F.,(2,2),(-1.5,1.5),.PIECEWISE_BEZIER_KNOTS.);
#2639 = CARTESIAN_POINT('',(53.,42.,-3.));
#2640 = CARTESIAN_POINT('',(53.,42.,0.));
#2641 = ORIENTED_EDGE('',*,*,#2591,.T.);
#2642 = ORIENTED_EDGE('',*,*,#2637,.T.);
#2643 = CYLINDRICAL_SURFACE('',#2644,1.75);
#2644 = AXIS2_PLACEMENT_3D('',#2645,#2646,#2647);
#2645 = CARTESIAN_POINT('',(54.75,42.,-1.5));
#2646 = DIRECTION('',(0.,0.,1.));
#2647 = DIRECTION('',(-1.,0.,0.));
#2648 = ADVANCED_FACE('',(#2649),#2660,.F.);
#2649 = FACE_BOUND('',#2650,.F.);
#2650 = EDGE_LOOP('',(#2651,#2652,#2657,#2658,#2659));
#2651 = ORIENTED_EDGE('',*,*,#2613,.F.);
#2652 = ORIENTED_EDGE('',*,*,#2653,.F.);
#2653 = EDGE_CURVE('',#2567,#2605,#2654,.T.);
#2654 = B_SPLINE_CURVE_WITH_KNOTS('',1,(#2655,#2656),.UNSPECIFIED.,.F.,
  .F.,(2,2),(-6.5,3.5),.PIECEWISE_BEZIER_KNOTS.);
#2655 = CARTESIAN_POINT('',(53.429,42.,-13.));
#2656 = CARTESIAN_POINT('',(53.429,42.,-3.));
#2657 = ORIENTED_EDGE('',*,*,#2566,.T.);
#2658 = ORIENTED_EDGE('',*,*,#2653,.T.);
#2659 = ORIENTED_EDGE('',*,*,#2602,.F.);
#2660 = CYLINDRICAL_SURFACE('',#2661,1.321);
#2661 = AXIS2_PLACEMENT_3D('',#2662,#2663,#2664);
#2662 = CARTESIAN_POINT('',(54.75,42.,-6.5));
#2663 = DIRECTION('',(0.,0.,1.));
#2664 = DIRECTION('',(-1.,0.,0.));
#2665 = ADVANCED_FACE('',(#2666,#2728,#2793),#2876,.T.);
#2666 = FACE_BOUND('',#2667,.T.);
#2667 = EDGE_LOOP('',(#2668,#2679,#2687,#2695,#2703,#2718));
#2668 = ORIENTED_EDGE('',*,*,#2669,.T.);
#2669 = EDGE_CURVE('',#2670,#2672,#2674,.T.);
#2670 = VERTEX_POINT('',#2671);
#2671 = CARTESIAN_POINT('',(41.435708819721,-7.463963651882,-27.25));
#2672 = VERTEX_POINT('',#2673);
#2673 = CARTESIAN_POINT('',(41.3956935765,-7.02112829357,-27.25));
#2674 = B_SPLINE_CURVE_WITH_KNOTS('',3,(#2675,#2676,#2677,#2678),
  .UNSPECIFIED.,.F.,.F.,(4,4),(-4.420404600646E-02,0.),
  .PIECEWISE_BEZIER_KNOTS.);
#2675 = CARTESIAN_POINT('',(41.435708819721,-7.463963651882,-27.25));
#2676 = CARTESIAN_POINT('',(41.409031990907,-7.375040889169,-27.25));
#2677 = CARTESIAN_POINT('',(41.3956935765,-7.227429103065,-27.25));
#2678 = CARTESIAN_POINT('',(41.3956935765,-7.02112829357,-27.25));
#2679 = ORIENTED_EDGE('',*,*,#2680,.T.);
#2680 = EDGE_CURVE('',#2672,#2681,#2683,.T.);
#2681 = VERTEX_POINT('',#2682);
#2682 = CARTESIAN_POINT('',(41.3956935765,-6.266174038134,-27.25));
#2683 = LINE('',#2684,#2685);
#2684 = CARTESIAN_POINT('',(41.3956935765,-3.133087019067,-27.25));
#2685 = VECTOR('',#2686,1.);
#2686 = DIRECTION('',(0.,1.,0.));
#2687 = ORIENTED_EDGE('',*,*,#2688,.T.);
#2688 = EDGE_CURVE('',#2681,#2689,#2691,.T.);
#2689 = VERTEX_POINT('',#2690);
#2690 = CARTESIAN_POINT('',(42.452095997534,-6.266174038134,-27.25));
#2691 = LINE('',#2692,#2693);
#2692 = CARTESIAN_POINT('',(21.226047998767,-6.266174038134,-27.25));
#2693 = VECTOR('',#2694,1.);
#2694 = DIRECTION('',(1.,0.,0.));
#2695 = ORIENTED_EDGE('',*,*,#2696,.T.);
#2696 = EDGE_CURVE('',#2689,#2697,#2699,.T.);
#2697 = VERTEX_POINT('',#2698);
#2698 = CARTESIAN_POINT('',(42.452095997534,-6.965106953061,-27.25));
#2699 = LINE('',#2700,#2701);
#2700 = CARTESIAN_POINT('',(42.452095997534,-3.48255347653,-27.25));
#2701 = VECTOR('',#2702,1.);
#2702 = DIRECTION('',(0.,-1.,0.));
#2703 = ORIENTED_EDGE('',*,*,#2704,.T.);
#2704 = EDGE_CURVE('',#2697,#2705,#2707,.T.);
#2705 = VERTEX_POINT('',#2706);
#2706 = CARTESIAN_POINT('',(41.915891738373,-7.818765475108,-27.25));
#2707 = B_SPLINE_CURVE_WITH_KNOTS('',3,(#2708,#2709,#2710,#2711,#2712,
    #2713,#2714,#2715,#2716,#2717),.UNSPECIFIED.,.F.,.F.,(4,3,3,4),(
    -8.194524947104E-02,-5.463016631403E-02,-2.731508315701E-02,0.),
  .UNSPECIFIED.);
#2708 = CARTESIAN_POINT('',(42.452095997534,-6.965106953061,-27.25));
#2709 = CARTESIAN_POINT('',(42.452095997534,-7.215869143912,-27.25));
#2710 = CARTESIAN_POINT('',(42.435645286432,-7.392825441711,-27.25));
#2711 = CARTESIAN_POINT('',(42.402743864228,-7.495975846459,-27.25));
#2712 = CARTESIAN_POINT('',(42.369842442024,-7.599126251206,-27.25));
#2713 = CARTESIAN_POINT('',(42.309374963379,-7.678712123835,-27.25));
#2714 = CARTESIAN_POINT('',(42.221341428293,-7.734733464344,-27.25));
#2715 = CARTESIAN_POINT('',(42.133307893207,-7.790754804854,-27.25));
#2716 = CARTESIAN_POINT('',(42.0314913299,-7.818765475108,-27.25));
#2717 = CARTESIAN_POINT('',(41.915891738373,-7.818765475108,-27.25));
#2718 = ORIENTED_EDGE('',*,*,#2719,.T.);
#2719 = EDGE_CURVE('',#2705,#2670,#2720,.T.);
#2720 = B_SPLINE_CURVE_WITH_KNOTS('',3,(#2721,#2722,#2723,#2724,#2725,
    #2726,#2727),.UNSPECIFIED.,.F.,.F.,(4,3,4),(-8.381673113556E-02,
    -4.190836556778E-02,0.),.PIECEWISE_BEZIER_KNOTS.);
#2721 = CARTESIAN_POINT('',(41.915891738373,-7.818765475108,-27.25));
#2722 = CARTESIAN_POINT('',(41.793178325828,-7.818765475108,-27.25));
#2723 = CARTESIAN_POINT('',(41.691361762522,-7.788976349599,-27.25));
#2724 = CARTESIAN_POINT('',(41.610442048452,-7.729398098581,-27.25));
#2725 = CARTESIAN_POINT('',(41.529522334383,-7.669819847563,-27.25));
#2726 = CARTESIAN_POINT('',(41.471277924806,-7.581341698664,-27.25));
#2727 = CARTESIAN_POINT('',(41.435708819721,-7.463963651882,-27.25));
#2728 = FACE_BOUND('',#2729,.T.);
#2729 = EDGE_LOOP('',(#2730,#2741,#2749,#2757,#2765,#2780));
#2730 = ORIENTED_EDGE('',*,*,#2731,.T.);
#2731 = EDGE_CURVE('',#2732,#2734,#2736,.T.);
#2732 = VERTEX_POINT('',#2733);
#2733 = CARTESIAN_POINT('',(39.79508384766,-7.453292920357,-27.25));
#2734 = VERTEX_POINT('',#2735);
#2735 = CARTESIAN_POINT('',(39.779077750372,-7.138506340351,-27.25));
#2736 = B_SPLINE_CURVE_WITH_KNOTS('',3,(#2737,#2738,#2739,#2740),
  .UNSPECIFIED.,.F.,.F.,(4,4),(-2.954504623281E-02,0.),
  .PIECEWISE_BEZIER_KNOTS.);
#2737 = CARTESIAN_POINT('',(39.79508384766,-7.453292920357,-27.25));
#2738 = CARTESIAN_POINT('',(39.784413116135,-7.392825441711,-27.25));
#2739 = CARTESIAN_POINT('',(39.779077750372,-7.28789658171,-27.25));
#2740 = CARTESIAN_POINT('',(39.779077750372,-7.138506340351,-27.25));
#2741 = ORIENTED_EDGE('',*,*,#2742,.T.);
#2742 = EDGE_CURVE('',#2734,#2743,#2745,.T.);
#2743 = VERTEX_POINT('',#2744);
#2744 = CARTESIAN_POINT('',(39.779077750372,-6.266174038134,-27.25));
#2745 = LINE('',#2746,#2747);
#2746 = CARTESIAN_POINT('',(39.779077750372,-3.133087019067,-27.25));
#2747 = VECTOR('',#2748,1.);
#2748 = DIRECTION('',(0.,1.,0.));
#2749 = ORIENTED_EDGE('',*,*,#2750,.T.);
#2750 = EDGE_CURVE('',#2743,#2751,#2753,.T.);
#2751 = VERTEX_POINT('',#2752);
#2752 = CARTESIAN_POINT('',(40.982202729883,-6.266174038134,-27.25));
#2753 = LINE('',#2754,#2755);
#2754 = CARTESIAN_POINT('',(20.491101364941,-6.266174038134,-27.25));
#2755 = VECTOR('',#2756,1.);
#2756 = DIRECTION('',(1.,0.,0.));
#2757 = ORIENTED_EDGE('',*,*,#2758,.T.);
#2758 = EDGE_CURVE('',#2751,#2759,#2761,.T.);
#2759 = VERTEX_POINT('',#2760);
#2760 = CARTESIAN_POINT('',(40.982202729883,-7.074481951198,-27.25));
#2761 = LINE('',#2762,#2763);
#2762 = CARTESIAN_POINT('',(40.982202729883,-3.537240975599,-27.25));
#2763 = VECTOR('',#2764,1.);
#2764 = DIRECTION('',(0.,-1.,0.));
#2765 = ORIENTED_EDGE('',*,*,#2766,.T.);
#2766 = EDGE_CURVE('',#2759,#2767,#2769,.T.);
#2767 = VERTEX_POINT('',#2768);
#2768 = CARTESIAN_POINT('',(40.381974081568,-7.968155716467,-27.25));
#2769 = B_SPLINE_CURVE_WITH_KNOTS('',3,(#2770,#2771,#2772,#2773,#2774,
    #2775,#2776,#2777,#2778,#2779),.UNSPECIFIED.,.F.,.F.,(4,3,3,4),(
    -0.10828366996,-7.218911330656E-02,-3.609455665328E-02,0.),
  .UNSPECIFIED.);
#2770 = CARTESIAN_POINT('',(40.982202729883,-7.074481951198,-27.25));
#2771 = CARTESIAN_POINT('',(40.982202729883,-7.296788857981,-27.25));
#2772 = CARTESIAN_POINT('',(40.962639722086,-7.467075948577,-27.25));
#2773 = CARTESIAN_POINT('',(40.923513706492,-7.585343222986,-27.25));
#2774 = CARTESIAN_POINT('',(40.884387690898,-7.703610497394,-27.25));
#2775 = CARTESIAN_POINT('',(40.816806391236,-7.796979398243,-27.25));
#2776 = CARTESIAN_POINT('',(40.720769807506,-7.865449925533,-27.25));
#2777 = CARTESIAN_POINT('',(40.624733223776,-7.933920452822,-27.25));
#2778 = CARTESIAN_POINT('',(40.51180131513,-7.968155716467,-27.25));
#2779 = CARTESIAN_POINT('',(40.381974081568,-7.968155716467,-27.25));
#2780 = ORIENTED_EDGE('',*,*,#2781,.T.);
#2781 = EDGE_CURVE('',#2767,#2732,#2782,.T.);
#2782 = B_SPLINE_CURVE_WITH_KNOTS('',3,(#2783,#2784,#2785,#2786,#2787,
    #2788,#2789,#2790,#2791,#2792),.UNSPECIFIED.,.F.,.F.,(4,3,3,4),(
    -5.168644472343E-02,-3.445762981562E-02,-1.722881490781E-02,0.),
  .UNSPECIFIED.);
#2783 = CARTESIAN_POINT('',(40.381974081568,-7.968155716467,-27.25));
#2784 = CARTESIAN_POINT('',(40.269931400549,-7.968155716467,-27.25));
#2785 = CARTESIAN_POINT('',(40.171227133938,-7.945035798161,-27.25));
#2786 = CARTESIAN_POINT('',(40.085861281733,-7.89879596155,-27.25));
#2787 = CARTESIAN_POINT('',(40.000495429528,-7.852556124939,-27.25));
#2788 = CARTESIAN_POINT('',(39.935581812748,-7.793422487735,-27.25));
#2789 = CARTESIAN_POINT('',(39.891120431391,-7.721395049937,-27.25));
#2790 = CARTESIAN_POINT('',(39.846659050034,-7.649367612139,-27.25));
#2791 = CARTESIAN_POINT('',(39.814646855457,-7.560000235612,-27.25));
#2792 = CARTESIAN_POINT('',(39.79508384766,-7.453292920357,-27.25));
#2793 = FACE_BOUND('',#2794,.T.);
#2794 = EDGE_LOOP('',(#2795,#2805,#2823,#2835,#2847,#2862,#2870));
#2795 = ORIENTED_EDGE('',*,*,#2796,.T.);
#2796 = EDGE_CURVE('',#2797,#2799,#2801,.T.);
#2797 = VERTEX_POINT('',#2798);
#2798 = CARTESIAN_POINT('',(39.365586903755,-5.801997216771,-27.25));
#2799 = VERTEX_POINT('',#2800);
#2800 = CARTESIAN_POINT('',(39.365586903755,-7.13583865747,-27.25));
#2801 = LINE('',#2802,#2803);
#2802 = CARTESIAN_POINT('',(39.365586903755,-2.900998608385,-27.25));
#2803 = VECTOR('',#2804,1.);
#2804 = DIRECTION('',(0.,-1.,0.));
#2805 = ORIENTED_EDGE('',*,*,#2806,.T.);
#2806 = EDGE_CURVE('',#2799,#2807,#2809,.T.);
#2807 = VERTEX_POINT('',#2808);
#2808 = CARTESIAN_POINT('',(40.379306398687,-8.445670952237,-27.25));
#2809 = B_SPLINE_CURVE_WITH_KNOTS('',3,(#2810,#2811,#2812,#2813,#2814,
    #2815,#2816,#2817,#2818,#2819,#2820,#2821,#2822),.UNSPECIFIED.,.F.,
  .F.,(4,3,3,3,4),(-7.172134754024E-02,-5.379101065518E-02,
    -3.586067377012E-02,-1.793033688506E-02,0.),.UNSPECIFIED.);
#2810 = CARTESIAN_POINT('',(39.365586903755,-7.13583865747,-27.25));
#2811 = CARTESIAN_POINT('',(39.365586903755,-7.359924019508,-27.25));
#2812 = CARTESIAN_POINT('',(39.385149911552,-7.548884890273,-27.25));
#2813 = CARTESIAN_POINT('',(39.424275927146,-7.702721269767,-27.25));
#2814 = CARTESIAN_POINT('',(39.46340194274,-7.856557649261,-27.25));
#2815 = CARTESIAN_POINT('',(39.521201738503,-7.984161813755,-27.25));
#2816 = CARTESIAN_POINT('',(39.597675314437,-8.085533763248,-27.25));
#2817 = CARTESIAN_POINT('',(39.67414889037,-8.186905712741,-27.25));
#2818 = CARTESIAN_POINT('',(39.782634660881,-8.272271564946,-27.25));
#2819 = CARTESIAN_POINT('',(39.923132625968,-8.341631319862,-27.25));
#2820 = CARTESIAN_POINT('',(40.063630591055,-8.410991074779,-27.25));
#2821 = CARTESIAN_POINT('',(40.215688515294,-8.445670952237,-27.25));
#2822 = CARTESIAN_POINT('',(40.379306398687,-8.445670952237,-27.25));
#2823 = ORIENTED_EDGE('',*,*,#2824,.T.);
#2824 = EDGE_CURVE('',#2807,#2825,#2827,.T.);
#2825 = VERTEX_POINT('',#2826);
#2826 = CARTESIAN_POINT('',(41.227629554972,-7.78408559765,-27.25));
#2827 = B_SPLINE_CURVE_WITH_KNOTS('',3,(#2828,#2829,#2830,#2831,#2832,
    #2833,#2834),.UNSPECIFIED.,.F.,.F.,(4,3,4),(-0.173066510205,
    -8.653325510249E-02,0.),.UNSPECIFIED.);
#2828 = CARTESIAN_POINT('',(40.379306398687,-8.445670952237,-27.25));
#2829 = CARTESIAN_POINT('',(40.583828752927,-8.445670952237,-27.25));
#2830 = CARTESIAN_POINT('',(40.760785050727,-8.3887603841,-27.25));
#2831 = CARTESIAN_POINT('',(40.910175292085,-8.274939247827,-27.25));
#2832 = CARTESIAN_POINT('',(41.059565533443,-8.161118111554,-27.25));
#2833 = CARTESIAN_POINT('',(41.165383621072,-7.997500228162,-27.25));
#2834 = CARTESIAN_POINT('',(41.227629554972,-7.78408559765,-27.25));
#2835 = ORIENTED_EDGE('',*,*,#2836,.T.);
#2836 = EDGE_CURVE('',#2825,#2837,#2839,.T.);
#2837 = VERTEX_POINT('',#2838);
#2838 = CARTESIAN_POINT('',(41.969245396001,-8.274939247827,-27.25));
#2839 = B_SPLINE_CURVE_WITH_KNOTS('',3,(#2840,#2841,#2842,#2843,#2844,
    #2845,#2846),.UNSPECIFIED.,.F.,.F.,(4,3,4),(-8.006861128726E-02,
    -4.003430564363E-02,0.),.UNSPECIFIED.);
#2840 = CARTESIAN_POINT('',(41.227629554972,-7.78408559765,-27.25));
#2841 = CARTESIAN_POINT('',(41.309438496668,-7.949481936297,-27.25));
#2842 = CARTESIAN_POINT('',(41.416145811924,-8.072639962655,-27.25));
#2843 = CARTESIAN_POINT('',(41.54775150074,-8.153559676724,-27.25));
#2844 = CARTESIAN_POINT('',(41.679357189555,-8.234479390793,-27.25));
#2845 = CARTESIAN_POINT('',(41.819855154642,-8.274939247827,-27.25));
#2846 = CARTESIAN_POINT('',(41.969245396001,-8.274939247827,-27.25));
#2847 = ORIENTED_EDGE('',*,*,#2848,.T.);
#2848 = EDGE_CURVE('',#2837,#2849,#2851,.T.);
#2849 = VERTEX_POINT('',#2850);
#2850 = CARTESIAN_POINT('',(42.865586844151,-7.114497194419,-27.25));
#2851 = B_SPLINE_CURVE_WITH_KNOTS('',3,(#2852,#2853,#2854,#2855,#2856,
    #2857,#2858,#2859,#2860,#2861),.UNSPECIFIED.,.F.,.F.,(4,3,3,4),(
    -0.250328904608,-0.166885936405,-8.344296820255E-02,0.),
  .UNSPECIFIED.);
#2852 = CARTESIAN_POINT('',(41.969245396001,-8.274939247827,-27.25));
#2853 = CARTESIAN_POINT('',(42.131084824139,-8.274939247827,-27.25));
#2854 = CARTESIAN_POINT('',(42.285365817446,-8.22914402503,-27.25));
#2855 = CARTESIAN_POINT('',(42.432088375923,-8.137553579435,-27.25));
#2856 = CARTESIAN_POINT('',(42.5788109344,-8.045963133841,-27.25));
#2857 = CARTESIAN_POINT('',(42.687741318724,-7.919248196974,-27.25));
#2858 = CARTESIAN_POINT('',(42.758879528895,-7.757408768836,-27.25));
#2859 = CARTESIAN_POINT('',(42.830017739065,-7.595569340698,-27.25));
#2860 = CARTESIAN_POINT('',(42.865586844151,-7.381265482559,-27.25));
#2861 = CARTESIAN_POINT('',(42.865586844151,-7.114497194419,-27.25));
#2862 = ORIENTED_EDGE('',*,*,#2863,.T.);
#2863 = EDGE_CURVE('',#2849,#2864,#2866,.T.);
#2864 = VERTEX_POINT('',#2865);
#2865 = CARTESIAN_POINT('',(42.865586844151,-5.801997216771,-27.25));
#2866 = LINE('',#2867,#2868);
#2867 = CARTESIAN_POINT('',(42.865586844151,-3.557248597209,-27.25));
#2868 = VECTOR('',#2869,1.);
#2869 = DIRECTION('',(0.,1.,0.));
#2870 = ORIENTED_EDGE('',*,*,#2871,.T.);
#2871 = EDGE_CURVE('',#2864,#2797,#2872,.T.);
#2872 = LINE('',#2873,#2874);
#2873 = CARTESIAN_POINT('',(21.432793422075,-5.801997216771,-27.25));
#2874 = VECTOR('',#2875,1.);
#2875 = DIRECTION('',(-1.,0.,0.));
#2876 = PLANE('',#2877);
#2877 = AXIS2_PLACEMENT_3D('',#2878,#2879,#2880);
#2878 = CARTESIAN_POINT('',(-5.551115123126E-16,-2.314121116953E-14,
    -27.25));
#2879 = DIRECTION('',(0.,0.,1.));
#2880 = DIRECTION('',(1.,0.,-0.));
#2881 = ADVANCED_FACE('',(#2882),#2907,.F.);
#2882 = FACE_BOUND('',#2883,.T.);
#2883 = EDGE_LOOP('',(#2884,#2885,#2893,#2901));
#2884 = ORIENTED_EDGE('',*,*,#2688,.F.);
#2885 = ORIENTED_EDGE('',*,*,#2886,.T.);
#2886 = EDGE_CURVE('',#2681,#2887,#2889,.T.);
#2887 = VERTEX_POINT('',#2888);
#2888 = CARTESIAN_POINT('',(41.3956935765,-6.266174038134,-27.75));
#2889 = LINE('',#2890,#2891);
#2890 = CARTESIAN_POINT('',(41.3956935765,-6.266174038134,
    139.22127162309));
#2891 = VECTOR('',#2892,1.);
#2892 = DIRECTION('',(0.,0.,-1.));
#2893 = ORIENTED_EDGE('',*,*,#2894,.F.);
#2894 = EDGE_CURVE('',#2895,#2887,#2897,.T.);
#2895 = VERTEX_POINT('',#2896);
#2896 = CARTESIAN_POINT('',(42.452095997534,-6.266174038134,-27.75));
#2897 = LINE('',#2898,#2899);
#2898 = CARTESIAN_POINT('',(21.226047998767,-6.266174038134,-27.75));
#2899 = VECTOR('',#2900,1.);
#2900 = DIRECTION('',(-1.,0.,0.));
#2901 = ORIENTED_EDGE('',*,*,#2902,.F.);
#2902 = EDGE_CURVE('',#2689,#2895,#2903,.T.);
#2903 = LINE('',#2904,#2905);
#2904 = CARTESIAN_POINT('',(42.452095997534,-6.266174038134,
    139.22127162309));
#2905 = VECTOR('',#2906,1.);
#2906 = DIRECTION('',(0.,0.,-1.));
#2907 = PLANE('',#2908);
#2908 = AXIS2_PLACEMENT_3D('',#2909,#2910,#2911);
#2909 = CARTESIAN_POINT('',(42.452095997534,-6.266174038134,
    139.22127162309));
#2910 = DIRECTION('',(0.,1.,0.));
#2911 = DIRECTION('',(0.,-0.,1.));
#2912 = ADVANCED_FACE('',(#2913),#2931,.F.);
#2913 = FACE_BOUND('',#2914,.T.);
#2914 = EDGE_LOOP('',(#2915,#2916,#2924,#2930));
#2915 = ORIENTED_EDGE('',*,*,#2680,.F.);
#2916 = ORIENTED_EDGE('',*,*,#2917,.T.);
#2917 = EDGE_CURVE('',#2672,#2918,#2920,.T.);
#2918 = VERTEX_POINT('',#2919);
#2919 = CARTESIAN_POINT('',(41.3956935765,-7.02112829357,-27.75));
#2920 = LINE('',#2921,#2922);
#2921 = CARTESIAN_POINT('',(41.3956935765,-7.02112829357,139.22127162309
    ));
#2922 = VECTOR('',#2923,1.);
#2923 = DIRECTION('',(0.,0.,-1.));
#2924 = ORIENTED_EDGE('',*,*,#2925,.F.);
#2925 = EDGE_CURVE('',#2887,#2918,#2926,.T.);
#2926 = LINE('',#2927,#2928);
#2927 = CARTESIAN_POINT('',(41.3956935765,-3.133087019067,-27.75));
#2928 = VECTOR('',#2929,1.);
#2929 = DIRECTION('',(0.,-1.,0.));
#2930 = ORIENTED_EDGE('',*,*,#2886,.F.);
#2931 = PLANE('',#2932);
#2932 = AXIS2_PLACEMENT_3D('',#2933,#2934,#2935);
#2933 = CARTESIAN_POINT('',(41.3956935765,-6.266174038134,
    139.22127162309));
#2934 = DIRECTION('',(-1.,0.,0.));
#2935 = DIRECTION('',(0.,0.,1.));
#2936 = ADVANCED_FACE('',(#2937),#2955,.F.);
#2937 = FACE_BOUND('',#2938,.F.);
#2938 = EDGE_LOOP('',(#2939,#2940,#2948,#2954));
#2939 = ORIENTED_EDGE('',*,*,#2917,.T.);
#2940 = ORIENTED_EDGE('',*,*,#2941,.T.);
#2941 = EDGE_CURVE('',#2918,#2942,#2944,.T.);
#2942 = VERTEX_POINT('',#2943);
#2943 = CARTESIAN_POINT('',(41.435708819721,-7.463963651882,-27.75));
#2944 = B_SPLINE_CURVE_WITH_KNOTS('',2,(#2945,#2946,#2947),
  .UNSPECIFIED.,.F.,.F.,(3,3),(0.,1.),.PIECEWISE_BEZIER_KNOTS.);
#2945 = CARTESIAN_POINT('',(41.3956935765,-7.02112829357,-27.75));
#2946 = CARTESIAN_POINT('',(41.3956935765,-7.330579507812,-27.75));
#2947 = CARTESIAN_POINT('',(41.435708819721,-7.463963651882,-27.75));
#2948 = ORIENTED_EDGE('',*,*,#2949,.F.);
#2949 = EDGE_CURVE('',#2670,#2942,#2950,.T.);
#2950 = LINE('',#2951,#2952);
#2951 = CARTESIAN_POINT('',(41.435708819721,-7.463963651882,
    139.22127162309));
#2952 = VECTOR('',#2953,1.);
#2953 = DIRECTION('',(0.,0.,-1.));
#2954 = ORIENTED_EDGE('',*,*,#2669,.T.);
#2955 = B_SPLINE_SURFACE_WITH_KNOTS('',2,1,(
    (#2956,#2957)
    ,(#2958,#2959)
    ,(#2960,#2961
    )),.UNSPECIFIED.,.F.,.F.,.F.,(3,3),(2,2),(-1.,0.),(0.,
    30.994354324618),.PIECEWISE_BEZIER_KNOTS.);
#2956 = CARTESIAN_POINT('',(41.435708819721,-7.463963651882,
    139.22127162309));
#2957 = CARTESIAN_POINT('',(41.435708819721,-7.463963651882,
    -170.722271623));
#2958 = CARTESIAN_POINT('',(41.3956935765,-7.330579507812,
    139.22127162309));
#2959 = CARTESIAN_POINT('',(41.3956935765,-7.330579507812,-170.722271623
    ));
#2960 = CARTESIAN_POINT('',(41.3956935765,-7.02112829357,139.22127162309
    ));
#2961 = CARTESIAN_POINT('',(41.3956935765,-7.02112829357,-170.722271623)
  );
#2962 = ADVANCED_FACE('',(#2963),#2988,.F.);
#2963 = FACE_BOUND('',#2964,.T.);
#2964 = EDGE_LOOP('',(#2965,#2966,#2974,#2982));
#2965 = ORIENTED_EDGE('',*,*,#2750,.F.);
#2966 = ORIENTED_EDGE('',*,*,#2967,.T.);
#2967 = EDGE_CURVE('',#2743,#2968,#2970,.T.);
#2968 = VERTEX_POINT('',#2969);
#2969 = CARTESIAN_POINT('',(39.779077750372,-6.266174038134,-27.75));
#2970 = LINE('',#2971,#2972);
#2971 = CARTESIAN_POINT('',(39.779077750372,-6.266174038134,
    139.22127162309));
#2972 = VECTOR('',#2973,1.);
#2973 = DIRECTION('',(0.,0.,-1.));
#2974 = ORIENTED_EDGE('',*,*,#2975,.F.);
#2975 = EDGE_CURVE('',#2976,#2968,#2978,.T.);
#2976 = VERTEX_POINT('',#2977);
#2977 = CARTESIAN_POINT('',(40.982202729883,-6.266174038134,-27.75));
#2978 = LINE('',#2979,#2980);
#2979 = CARTESIAN_POINT('',(20.491101364941,-6.266174038134,-27.75));
#2980 = VECTOR('',#2981,1.);
#2981 = DIRECTION('',(-1.,0.,0.));
#2982 = ORIENTED_EDGE('',*,*,#2983,.F.);
#2983 = EDGE_CURVE('',#2751,#2976,#2984,.T.);
#2984 = LINE('',#2985,#2986);
#2985 = CARTESIAN_POINT('',(40.982202729883,-6.266174038134,
    139.22127162309));
#2986 = VECTOR('',#2987,1.);
#2987 = DIRECTION('',(0.,0.,-1.));
#2988 = PLANE('',#2989);
#2989 = AXIS2_PLACEMENT_3D('',#2990,#2991,#2992);
#2990 = CARTESIAN_POINT('',(40.982202729883,-6.266174038134,
    139.22127162309));
#2991 = DIRECTION('',(0.,1.,0.));
#2992 = DIRECTION('',(0.,-0.,1.));
#2993 = ADVANCED_FACE('',(#2994),#3012,.F.);
#2994 = FACE_BOUND('',#2995,.T.);
#2995 = EDGE_LOOP('',(#2996,#2997,#3005,#3011));
#2996 = ORIENTED_EDGE('',*,*,#2742,.F.);
#2997 = ORIENTED_EDGE('',*,*,#2998,.T.);
#2998 = EDGE_CURVE('',#2734,#2999,#3001,.T.);
#2999 = VERTEX_POINT('',#3000);
#3000 = CARTESIAN_POINT('',(39.779077750372,-7.138506340351,-27.75));
#3001 = LINE('',#3002,#3003);
#3002 = CARTESIAN_POINT('',(39.779077750372,-7.138506340351,
    139.22127162309));
#3003 = VECTOR('',#3004,1.);
#3004 = DIRECTION('',(0.,0.,-1.));
#3005 = ORIENTED_EDGE('',*,*,#3006,.F.);
#3006 = EDGE_CURVE('',#2968,#2999,#3007,.T.);
#3007 = LINE('',#3008,#3009);
#3008 = CARTESIAN_POINT('',(39.779077750372,-3.133087019067,-27.75));
#3009 = VECTOR('',#3010,1.);
#3010 = DIRECTION('',(0.,-1.,0.));
#3011 = ORIENTED_EDGE('',*,*,#2967,.F.);
#3012 = PLANE('',#3013);
#3013 = AXIS2_PLACEMENT_3D('',#3014,#3015,#3016);
#3014 = CARTESIAN_POINT('',(39.779077750372,-6.266174038134,
    139.22127162309));
#3015 = DIRECTION('',(-1.,0.,0.));
#3016 = DIRECTION('',(0.,0.,1.));
#3017 = ADVANCED_FACE('',(#3018),#3036,.F.);
#3018 = FACE_BOUND('',#3019,.F.);
#3019 = EDGE_LOOP('',(#3020,#3021,#3029,#3035));
#3020 = ORIENTED_EDGE('',*,*,#2998,.T.);
#3021 = ORIENTED_EDGE('',*,*,#3022,.T.);
#3022 = EDGE_CURVE('',#2999,#3023,#3025,.T.);
#3023 = VERTEX_POINT('',#3024);
#3024 = CARTESIAN_POINT('',(39.79508384766,-7.453292920357,-27.75));
#3025 = B_SPLINE_CURVE_WITH_KNOTS('',2,(#3026,#3027,#3028),
  .UNSPECIFIED.,.F.,.F.,(3,3),(0.,1.),.PIECEWISE_BEZIER_KNOTS.);
#3026 = CARTESIAN_POINT('',(39.779077750372,-7.138506340351,-27.75));
#3027 = CARTESIAN_POINT('',(39.779077750372,-7.362591702389,-27.75));
#3028 = CARTESIAN_POINT('',(39.79508384766,-7.453292920357,-27.75));
#3029 = ORIENTED_EDGE('',*,*,#3030,.F.);
#3030 = EDGE_CURVE('',#2732,#3023,#3031,.T.);
#3031 = LINE('',#3032,#3033);
#3032 = CARTESIAN_POINT('',(39.79508384766,-7.453292920357,
    139.22127162309));
#3033 = VECTOR('',#3034,1.);
#3034 = DIRECTION('',(0.,0.,-1.));
#3035 = ORIENTED_EDGE('',*,*,#2731,.T.);
#3036 = B_SPLINE_SURFACE_WITH_KNOTS('',2,1,(
    (#3037,#3038)
    ,(#3039,#3040)
    ,(#3041,#3042
    )),.UNSPECIFIED.,.F.,.F.,.F.,(3,3),(2,2),(-1.,0.),(0.,
    30.994354324618),.PIECEWISE_BEZIER_KNOTS.);
#3037 = CARTESIAN_POINT('',(39.79508384766,-7.453292920357,
    139.22127162309));
#3038 = CARTESIAN_POINT('',(39.79508384766,-7.453292920357,
    -170.722271623));
#3039 = CARTESIAN_POINT('',(39.779077750372,-7.362591702389,
    139.22127162309));
#3040 = CARTESIAN_POINT('',(39.779077750372,-7.362591702389,
    -170.722271623));
#3041 = CARTESIAN_POINT('',(39.779077750372,-7.138506340351,
    139.22127162309));
#3042 = CARTESIAN_POINT('',(39.779077750372,-7.138506340351,
    -170.722271623));
#3043 = ADVANCED_FACE('',(#3044),#3060,.T.);
#3044 = FACE_BOUND('',#3045,.T.);
#3045 = EDGE_LOOP('',(#3046,#3047,#3053,#3054));
#3046 = ORIENTED_EDGE('',*,*,#2836,.F.);
#3047 = ORIENTED_EDGE('',*,*,#3048,.T.);
#3048 = EDGE_CURVE('',#2825,#1173,#3049,.T.);
#3049 = LINE('',#3050,#3051);
#3050 = CARTESIAN_POINT('',(41.227629554972,-7.78408559765,
    139.22127162309));
#3051 = VECTOR('',#3052,1.);
#3052 = DIRECTION('',(0.,0.,-1.));
#3053 = ORIENTED_EDGE('',*,*,#1170,.F.);
#3054 = ORIENTED_EDGE('',*,*,#3055,.F.);
#3055 = EDGE_CURVE('',#2837,#1171,#3056,.T.);
#3056 = LINE('',#3057,#3058);
#3057 = CARTESIAN_POINT('',(41.969245396001,-8.274939247827,
    139.22127162309));
#3058 = VECTOR('',#3059,1.);
#3059 = DIRECTION('',(0.,0.,-1.));
#3060 = B_SPLINE_SURFACE_WITH_KNOTS('',2,1,(
    (#3061,#3062)
    ,(#3063,#3064)
    ,(#3065,#3066)
    ,(#3067,#3068
    )),.UNSPECIFIED.,.F.,.F.,.F.,(3,1,3),(2,2),(0.,1.,2.),(0.,
    30.994354324618),.UNSPECIFIED.);
#3061 = CARTESIAN_POINT('',(41.969245396001,-8.274939247827,
    139.22127162309));
#3062 = CARTESIAN_POINT('',(41.969245396001,-8.274939247827,
    -170.722271623));
#3063 = CARTESIAN_POINT('',(41.745160033963,-8.274939247827,
    139.22127162309));
#3064 = CARTESIAN_POINT('',(41.745160033963,-8.274939247827,
    -170.722271623));
#3065 = CARTESIAN_POINT('',(41.350342967516,-8.03218010562,
    139.22127162309));
#3066 = CARTESIAN_POINT('',(41.350342967516,-8.03218010562,
    -170.722271623));
#3067 = CARTESIAN_POINT('',(41.227629554972,-7.78408559765,
    139.22127162309));
#3068 = CARTESIAN_POINT('',(41.227629554972,-7.78408559765,
    -170.722271623));
#3069 = ADVANCED_FACE('',(#3070),#3081,.T.);
#3070 = FACE_BOUND('',#3071,.T.);
#3071 = EDGE_LOOP('',(#3072,#3073,#3079,#3080));
#3072 = ORIENTED_EDGE('',*,*,#2824,.F.);
#3073 = ORIENTED_EDGE('',*,*,#3074,.T.);
#3074 = EDGE_CURVE('',#2807,#1182,#3075,.T.);
#3075 = LINE('',#3076,#3077);
#3076 = CARTESIAN_POINT('',(40.379306398687,-8.445670952237,
    139.22127162309));
#3077 = VECTOR('',#3078,1.);
#3078 = DIRECTION('',(0.,0.,-1.));
#3079 = ORIENTED_EDGE('',*,*,#1181,.F.);
#3080 = ORIENTED_EDGE('',*,*,#3048,.F.);
#3081 = B_SPLINE_SURFACE_WITH_KNOTS('',2,1,(
    (#3082,#3083)
    ,(#3084,#3085)
    ,(#3086,#3087)
    ,(#3088,#3089
    )),.UNSPECIFIED.,.F.,.F.,.F.,(3,1,3),(2,2),(0.,1.,2.),(0.,
    30.994354324618),.UNSPECIFIED.);
#3082 = CARTESIAN_POINT('',(41.227629554972,-7.78408559765,
    139.22127162309));
#3083 = CARTESIAN_POINT('',(41.227629554972,-7.78408559765,
    -170.722271623));
#3084 = CARTESIAN_POINT('',(41.134260654123,-8.104207543418,
    139.22127162309));
#3085 = CARTESIAN_POINT('',(41.134260654123,-8.104207543418,
    -170.722271623));
#3086 = CARTESIAN_POINT('',(40.686089930048,-8.445670952237,
    139.22127162309));
#3087 = CARTESIAN_POINT('',(40.686089930048,-8.445670952237,
    -170.722271623));
#3088 = CARTESIAN_POINT('',(40.379306398687,-8.445670952237,
    139.22127162309));
#3089 = CARTESIAN_POINT('',(40.379306398687,-8.445670952237,
    -170.722271623));
#3090 = ADVANCED_FACE('',(#3091),#3102,.T.);
#3091 = FACE_BOUND('',#3092,.T.);
#3092 = EDGE_LOOP('',(#3093,#3094,#3100,#3101));
#3093 = ORIENTED_EDGE('',*,*,#2806,.F.);
#3094 = ORIENTED_EDGE('',*,*,#3095,.T.);
#3095 = EDGE_CURVE('',#2799,#1191,#3096,.T.);
#3096 = LINE('',#3097,#3098);
#3097 = CARTESIAN_POINT('',(39.365586903755,-7.13583865747,
    139.22127162309));
#3098 = VECTOR('',#3099,1.);
#3099 = DIRECTION('',(0.,0.,-1.));
#3100 = ORIENTED_EDGE('',*,*,#1190,.F.);
#3101 = ORIENTED_EDGE('',*,*,#3074,.F.);
#3102 = B_SPLINE_SURFACE_WITH_KNOTS('',2,1,(
    (#3103,#3104)
    ,(#3105,#3106)
    ,(#3107,#3108)
    ,(#3109,#3110)
    ,(#3111,#3112)
    ,(#3113,#3114
    )),.UNSPECIFIED.,.F.,.F.,.F.,(3,1,1,1,3),(2,2),(0.,1.,2.,3.,4.),(0.,
    30.994354324618),.UNSPECIFIED.);
#3103 = CARTESIAN_POINT('',(40.379306398687,-8.445670952237,
    139.22127162309));
#3104 = CARTESIAN_POINT('',(40.379306398687,-8.445670952237,
    -170.722271623));
#3105 = CARTESIAN_POINT('',(40.133879573598,-8.445670952237,
    139.22127162309));
#3106 = CARTESIAN_POINT('',(40.133879573598,-8.445670952237,
    -170.722271623));
#3107 = CARTESIAN_POINT('',(39.712385678337,-8.237591687488,
    139.22127162309));
#3108 = CARTESIAN_POINT('',(39.712385678337,-8.237591687488,
    -170.722271623));
#3109 = CARTESIAN_POINT('',(39.482964950537,-7.933475839008,
    139.22127162309));
#3110 = CARTESIAN_POINT('',(39.482964950537,-7.933475839008,
    -170.722271623));
#3111 = CARTESIAN_POINT('',(39.365586903755,-7.471966700526,
    139.22127162309));
#3112 = CARTESIAN_POINT('',(39.365586903755,-7.471966700526,
    -170.722271623));
#3113 = CARTESIAN_POINT('',(39.365586903755,-7.13583865747,
    139.22127162309));
#3114 = CARTESIAN_POINT('',(39.365586903755,-7.13583865747,
    -170.722271623));
#3115 = ADVANCED_FACE('',(#3116),#3127,.T.);
#3116 = FACE_BOUND('',#3117,.T.);
#3117 = EDGE_LOOP('',(#3118,#3119,#3125,#3126));
#3118 = ORIENTED_EDGE('',*,*,#2796,.F.);
#3119 = ORIENTED_EDGE('',*,*,#3120,.T.);
#3120 = EDGE_CURVE('',#2797,#1202,#3121,.T.);
#3121 = LINE('',#3122,#3123);
#3122 = CARTESIAN_POINT('',(39.365586903755,-5.801997216771,
    139.22127162309));
#3123 = VECTOR('',#3124,1.);
#3124 = DIRECTION('',(0.,0.,-1.));
#3125 = ORIENTED_EDGE('',*,*,#1201,.F.);
#3126 = ORIENTED_EDGE('',*,*,#3095,.F.);
#3127 = PLANE('',#3128);
#3128 = AXIS2_PLACEMENT_3D('',#3129,#3130,#3131);
#3129 = CARTESIAN_POINT('',(39.365586903755,-5.801997216771,
    139.22127162309));
#3130 = DIRECTION('',(-1.,0.,0.));
#3131 = DIRECTION('',(0.,0.,1.));
#3132 = ADVANCED_FACE('',(#3133),#3152,.F.);
#3133 = FACE_BOUND('',#3134,.F.);
#3134 = EDGE_LOOP('',(#3135,#3136,#3145,#3151));
#3135 = ORIENTED_EDGE('',*,*,#2949,.T.);
#3136 = ORIENTED_EDGE('',*,*,#3137,.T.);
#3137 = EDGE_CURVE('',#2942,#3138,#3140,.T.);
#3138 = VERTEX_POINT('',#3139);
#3139 = CARTESIAN_POINT('',(41.915891738373,-7.818765475108,-27.75));
#3140 = B_SPLINE_CURVE_WITH_KNOTS('',2,(#3141,#3142,#3143,#3144),
  .UNSPECIFIED.,.F.,.F.,(3,1,3),(0.,1.,2.),.QUASI_UNIFORM_KNOTS.);
#3141 = CARTESIAN_POINT('',(41.435708819721,-7.463963651882,-27.75));
#3142 = CARTESIAN_POINT('',(41.489062477349,-7.640030722054,-27.75));
#3143 = CARTESIAN_POINT('',(41.731821619556,-7.818765475108,-27.75));
#3144 = CARTESIAN_POINT('',(41.915891738373,-7.818765475108,-27.75));
#3145 = ORIENTED_EDGE('',*,*,#3146,.F.);
#3146 = EDGE_CURVE('',#2705,#3138,#3147,.T.);
#3147 = LINE('',#3148,#3149);
#3148 = CARTESIAN_POINT('',(41.915891738373,-7.818765475108,
    139.22127162309));
#3149 = VECTOR('',#3150,1.);
#3150 = DIRECTION('',(0.,0.,-1.));
#3151 = ORIENTED_EDGE('',*,*,#2719,.T.);
#3152 = B_SPLINE_SURFACE_WITH_KNOTS('',2,1,(
    (#3153,#3154)
    ,(#3155,#3156)
    ,(#3157,#3158)
    ,(#3159,#3160
  )),.UNSPECIFIED.,.F.,.F.,.F.,(3,1,3),(2,2),(-2.,-1.,0.),(0.,
    30.994354324618),.UNSPECIFIED.);
#3153 = CARTESIAN_POINT('',(41.915891738373,-7.818765475108,
    139.22127162309));
#3154 = CARTESIAN_POINT('',(41.915891738373,-7.818765475108,
    -170.722271623));
#3155 = CARTESIAN_POINT('',(41.731821619556,-7.818765475108,
    139.22127162309));
#3156 = CARTESIAN_POINT('',(41.731821619556,-7.818765475108,
    -170.722271623));
#3157 = CARTESIAN_POINT('',(41.489062477349,-7.640030722054,
    139.22127162309));
#3158 = CARTESIAN_POINT('',(41.489062477349,-7.640030722054,
    -170.722271623));
#3159 = CARTESIAN_POINT('',(41.435708819721,-7.463963651882,
    139.22127162309));
#3160 = CARTESIAN_POINT('',(41.435708819721,-7.463963651882,
    -170.722271623));
#3161 = ADVANCED_FACE('',(#3162),#3182,.F.);
#3162 = FACE_BOUND('',#3163,.F.);
#3163 = EDGE_LOOP('',(#3164,#3165,#3175,#3181));
#3164 = ORIENTED_EDGE('',*,*,#3146,.T.);
#3165 = ORIENTED_EDGE('',*,*,#3166,.T.);
#3166 = EDGE_CURVE('',#3138,#3167,#3169,.T.);
#3167 = VERTEX_POINT('',#3168);
#3168 = CARTESIAN_POINT('',(42.452095997534,-6.965106953061,-27.75));
#3169 = B_SPLINE_CURVE_WITH_KNOTS('',2,(#3170,#3171,#3172,#3173,#3174),
  .UNSPECIFIED.,.F.,.F.,(3,1,1,3),(0.,1.,2.,3.),.QUASI_UNIFORM_KNOTS.);
#3170 = CARTESIAN_POINT('',(41.915891738373,-7.818765475108,-27.75));
#3171 = CARTESIAN_POINT('',(42.089291125664,-7.818765475108,-27.75));
#3172 = CARTESIAN_POINT('',(42.353391730922,-7.65070145358,-27.75));
#3173 = CARTESIAN_POINT('',(42.452095997534,-7.341250239338,-27.75));
#3174 = CARTESIAN_POINT('',(42.452095997534,-6.965106953061,-27.75));
#3175 = ORIENTED_EDGE('',*,*,#3176,.F.);
#3176 = EDGE_CURVE('',#2697,#3167,#3177,.T.);
#3177 = LINE('',#3178,#3179);
#3178 = CARTESIAN_POINT('',(42.452095997534,-6.965106953061,
    139.22127162309));
#3179 = VECTOR('',#3180,1.);
#3180 = DIRECTION('',(0.,0.,-1.));
#3181 = ORIENTED_EDGE('',*,*,#2704,.T.);
#3182 = B_SPLINE_SURFACE_WITH_KNOTS('',2,1,(
    (#3183,#3184)
    ,(#3185,#3186)
    ,(#3187,#3188)
    ,(#3189,#3190)
    ,(#3191,#3192
    )),.UNSPECIFIED.,.F.,.F.,.F.,(3,1,1,3),(2,2),(-3.,-2.,-1.,0.),(0.,
    30.994354324618),.UNSPECIFIED.);
#3183 = CARTESIAN_POINT('',(42.452095997534,-6.965106953061,
    139.22127162309));
#3184 = CARTESIAN_POINT('',(42.452095997534,-6.965106953061,
    -170.722271623));
#3185 = CARTESIAN_POINT('',(42.452095997534,-7.341250239338,
    139.22127162309));
#3186 = CARTESIAN_POINT('',(42.452095997534,-7.341250239338,
    -170.722271623));
#3187 = CARTESIAN_POINT('',(42.353391730922,-7.65070145358,
    139.22127162309));
#3188 = CARTESIAN_POINT('',(42.353391730922,-7.65070145358,
    -170.722271623));
#3189 = CARTESIAN_POINT('',(42.089291125664,-7.818765475108,
    139.22127162309));
#3190 = CARTESIAN_POINT('',(42.089291125664,-7.818765475108,
    -170.722271623));
#3191 = CARTESIAN_POINT('',(41.915891738373,-7.818765475108,
    139.22127162309));
#3192 = CARTESIAN_POINT('',(41.915891738373,-7.818765475108,
    -170.722271623));
#3193 = ADVANCED_FACE('',(#3194),#3205,.F.);
#3194 = FACE_BOUND('',#3195,.T.);
#3195 = EDGE_LOOP('',(#3196,#3197,#3198,#3204));
#3196 = ORIENTED_EDGE('',*,*,#2696,.F.);
#3197 = ORIENTED_EDGE('',*,*,#2902,.T.);
#3198 = ORIENTED_EDGE('',*,*,#3199,.F.);
#3199 = EDGE_CURVE('',#3167,#2895,#3200,.T.);
#3200 = LINE('',#3201,#3202);
#3201 = CARTESIAN_POINT('',(42.452095997534,-3.48255347653,-27.75));
#3202 = VECTOR('',#3203,1.);
#3203 = DIRECTION('',(0.,1.,0.));
#3204 = ORIENTED_EDGE('',*,*,#3176,.F.);
#3205 = PLANE('',#3206);
#3206 = AXIS2_PLACEMENT_3D('',#3207,#3208,#3209);
#3207 = CARTESIAN_POINT('',(42.452095997534,-6.965106953061,
    139.22127162309));
#3208 = DIRECTION('',(1.,0.,0.));
#3209 = DIRECTION('',(0.,0.,-1.));
#3210 = ADVANCED_FACE('',(#3211),#3231,.F.);
#3211 = FACE_BOUND('',#3212,.F.);
#3212 = EDGE_LOOP('',(#3213,#3214,#3224,#3230));
#3213 = ORIENTED_EDGE('',*,*,#3030,.T.);
#3214 = ORIENTED_EDGE('',*,*,#3215,.T.);
#3215 = EDGE_CURVE('',#3023,#3216,#3218,.T.);
#3216 = VERTEX_POINT('',#3217);
#3217 = CARTESIAN_POINT('',(40.381974081568,-7.968155716467,-27.75));
#3218 = B_SPLINE_CURVE_WITH_KNOTS('',2,(#3219,#3220,#3221,#3222,#3223),
  .UNSPECIFIED.,.F.,.F.,(3,1,1,3),(0.,1.,2.,3.),.QUASI_UNIFORM_KNOTS.);
#3219 = CARTESIAN_POINT('',(39.79508384766,-7.453292920357,-27.75));
#3220 = CARTESIAN_POINT('',(39.824428359356,-7.61335389324,-27.75));
#3221 = CARTESIAN_POINT('',(39.957812503426,-7.829436206634,-27.75));
#3222 = CARTESIAN_POINT('',(40.21391006004,-7.968155716467,-27.75));
#3223 = CARTESIAN_POINT('',(40.381974081568,-7.968155716467,-27.75));
#3224 = ORIENTED_EDGE('',*,*,#3225,.F.);
#3225 = EDGE_CURVE('',#2767,#3216,#3226,.T.);
#3226 = LINE('',#3227,#3228);
#3227 = CARTESIAN_POINT('',(40.381974081568,-7.968155716467,
    139.22127162309));
#3228 = VECTOR('',#3229,1.);
#3229 = DIRECTION('',(0.,0.,-1.));
#3230 = ORIENTED_EDGE('',*,*,#2781,.T.);
#3231 = B_SPLINE_SURFACE_WITH_KNOTS('',2,1,(
    (#3232,#3233)
    ,(#3234,#3235)
    ,(#3236,#3237)
    ,(#3238,#3239)
    ,(#3240,#3241
    )),.UNSPECIFIED.,.F.,.F.,.F.,(3,1,1,3),(2,2),(-3.,-2.,-1.,0.),(0.,
    30.994354324618),.UNSPECIFIED.);
#3232 = CARTESIAN_POINT('',(40.381974081568,-7.968155716467,
    139.22127162309));
#3233 = CARTESIAN_POINT('',(40.381974081568,-7.968155716467,
    -170.722271623));
#3234 = CARTESIAN_POINT('',(40.21391006004,-7.968155716467,
    139.22127162309));
#3235 = CARTESIAN_POINT('',(40.21391006004,-7.968155716467,
    -170.722271623));
#3236 = CARTESIAN_POINT('',(39.957812503426,-7.829436206634,
    139.22127162309));
#3237 = CARTESIAN_POINT('',(39.957812503426,-7.829436206634,
    -170.722271623));
#3238 = CARTESIAN_POINT('',(39.824428359356,-7.61335389324,
    139.22127162309));
#3239 = CARTESIAN_POINT('',(39.824428359356,-7.61335389324,
    -170.722271623));
#3240 = CARTESIAN_POINT('',(39.79508384766,-7.453292920357,
    139.22127162309));
#3241 = CARTESIAN_POINT('',(39.79508384766,-7.453292920357,
    -170.722271623));
#3242 = ADVANCED_FACE('',(#3243),#3263,.F.);
#3243 = FACE_BOUND('',#3244,.F.);
#3244 = EDGE_LOOP('',(#3245,#3246,#3256,#3262));
#3245 = ORIENTED_EDGE('',*,*,#3225,.T.);
#3246 = ORIENTED_EDGE('',*,*,#3247,.T.);
#3247 = EDGE_CURVE('',#3216,#3248,#3250,.T.);
#3248 = VERTEX_POINT('',#3249);
#3249 = CARTESIAN_POINT('',(40.982202729883,-7.074481951198,-27.75));
#3250 = B_SPLINE_CURVE_WITH_KNOTS('',2,(#3251,#3252,#3253,#3254,#3255),
  .UNSPECIFIED.,.F.,.F.,(3,1,1,3),(0.,1.,2.,3.),.QUASI_UNIFORM_KNOTS.);
#3251 = CARTESIAN_POINT('',(40.381974081568,-7.968155716467,-27.75));
#3252 = CARTESIAN_POINT('',(40.57671493191,-7.968155716467,-27.75));
#3253 = CARTESIAN_POINT('',(40.864824683101,-7.762744134599,-27.75));
#3254 = CARTESIAN_POINT('',(40.982202729883,-7.407942311373,-27.75));
#3255 = CARTESIAN_POINT('',(40.982202729883,-7.074481951198,-27.75));
#3256 = ORIENTED_EDGE('',*,*,#3257,.F.);
#3257 = EDGE_CURVE('',#2759,#3248,#3258,.T.);
#3258 = LINE('',#3259,#3260);
#3259 = CARTESIAN_POINT('',(40.982202729883,-7.074481951198,
    139.22127162309));
#3260 = VECTOR('',#3261,1.);
#3261 = DIRECTION('',(0.,0.,-1.));
#3262 = ORIENTED_EDGE('',*,*,#2766,.T.);
#3263 = B_SPLINE_SURFACE_WITH_KNOTS('',2,1,(
    (#3264,#3265)
    ,(#3266,#3267)
    ,(#3268,#3269)
    ,(#3270,#3271)
    ,(#3272,#3273
    )),.UNSPECIFIED.,.F.,.F.,.F.,(3,1,1,3),(2,2),(-3.,-2.,-1.,0.),(0.,
    30.994354324618),.UNSPECIFIED.);
#3264 = CARTESIAN_POINT('',(40.982202729883,-7.074481951198,
    139.22127162309));
#3265 = CARTESIAN_POINT('',(40.982202729883,-7.074481951198,
    -170.722271623));
#3266 = CARTESIAN_POINT('',(40.982202729883,-7.407942311373,
    139.22127162309));
#3267 = CARTESIAN_POINT('',(40.982202729883,-7.407942311373,
    -170.722271623));
#3268 = CARTESIAN_POINT('',(40.864824683101,-7.762744134599,
    139.22127162309));
#3269 = CARTESIAN_POINT('',(40.864824683101,-7.762744134599,
    -170.722271623));
#3270 = CARTESIAN_POINT('',(40.57671493191,-7.968155716467,
    139.22127162309));
#3271 = CARTESIAN_POINT('',(40.57671493191,-7.968155716467,
    -170.722271623));
#3272 = CARTESIAN_POINT('',(40.381974081568,-7.968155716467,
    139.22127162309));
#3273 = CARTESIAN_POINT('',(40.381974081568,-7.968155716467,
    -170.722271623));
#3274 = ADVANCED_FACE('',(#3275),#3286,.F.);
#3275 = FACE_BOUND('',#3276,.T.);
#3276 = EDGE_LOOP('',(#3277,#3278,#3279,#3285));
#3277 = ORIENTED_EDGE('',*,*,#2758,.F.);
#3278 = ORIENTED_EDGE('',*,*,#2983,.T.);
#3279 = ORIENTED_EDGE('',*,*,#3280,.F.);
#3280 = EDGE_CURVE('',#3248,#2976,#3281,.T.);
#3281 = LINE('',#3282,#3283);
#3282 = CARTESIAN_POINT('',(40.982202729883,-3.537240975599,-27.75));
#3283 = VECTOR('',#3284,1.);
#3284 = DIRECTION('',(0.,1.,0.));
#3285 = ORIENTED_EDGE('',*,*,#3257,.F.);
#3286 = PLANE('',#3287);
#3287 = AXIS2_PLACEMENT_3D('',#3288,#3289,#3290);
#3288 = CARTESIAN_POINT('',(40.982202729883,-7.074481951198,
    139.22127162309));
#3289 = DIRECTION('',(1.,0.,0.));
#3290 = DIRECTION('',(0.,0.,-1.));
#3291 = ADVANCED_FACE('',(#3292),#3303,.T.);
#3292 = FACE_BOUND('',#3293,.T.);
#3293 = EDGE_LOOP('',(#3294,#3295,#3296,#3297));
#3294 = ORIENTED_EDGE('',*,*,#2848,.F.);
#3295 = ORIENTED_EDGE('',*,*,#3055,.T.);
#3296 = ORIENTED_EDGE('',*,*,#1225,.F.);
#3297 = ORIENTED_EDGE('',*,*,#3298,.F.);
#3298 = EDGE_CURVE('',#2849,#1218,#3299,.T.);
#3299 = LINE('',#3300,#3301);
#3300 = CARTESIAN_POINT('',(42.865586844151,-7.114497194419,
    139.22127162309));
#3301 = VECTOR('',#3302,1.);
#3302 = DIRECTION('',(0.,0.,-1.));
#3303 = B_SPLINE_SURFACE_WITH_KNOTS('',2,1,(
    (#3304,#3305)
    ,(#3306,#3307)
    ,(#3308,#3309)
    ,(#3310,#3311)
    ,(#3312,#3313
    )),.UNSPECIFIED.,.F.,.F.,.F.,(3,1,1,3),(2,2),(0.,1.,2.,3.),(0.,
    30.994354324618),.UNSPECIFIED.);
#3304 = CARTESIAN_POINT('',(42.865586844151,-7.114497194419,
    139.22127162309));
#3305 = CARTESIAN_POINT('',(42.865586844151,-7.114497194419,
    -170.722271623));
#3306 = CARTESIAN_POINT('',(42.865586844151,-7.514649626629,
    139.22127162309));
#3307 = CARTESIAN_POINT('',(42.865586844151,-7.514649626629,
    -170.722271623));
#3308 = CARTESIAN_POINT('',(42.652172213639,-8.000167911043,
    139.22127162309));
#3309 = CARTESIAN_POINT('',(42.652172213639,-8.000167911043,
    -170.722271623));
#3310 = CARTESIAN_POINT('',(42.212004538208,-8.274939247827,
    139.22127162309));
#3311 = CARTESIAN_POINT('',(42.212004538208,-8.274939247827,
    -170.722271623));
#3312 = CARTESIAN_POINT('',(41.969245396001,-8.274939247827,
    139.22127162309));
#3313 = CARTESIAN_POINT('',(41.969245396001,-8.274939247827,
    -170.722271623));
#3314 = ADVANCED_FACE('',(#3315),#3326,.T.);
#3315 = FACE_BOUND('',#3316,.T.);
#3316 = EDGE_LOOP('',(#3317,#3318,#3319,#3320));
#3317 = ORIENTED_EDGE('',*,*,#2863,.F.);
#3318 = ORIENTED_EDGE('',*,*,#3298,.T.);
#3319 = ORIENTED_EDGE('',*,*,#1217,.F.);
#3320 = ORIENTED_EDGE('',*,*,#3321,.F.);
#3321 = EDGE_CURVE('',#2864,#1210,#3322,.T.);
#3322 = LINE('',#3323,#3324);
#3323 = CARTESIAN_POINT('',(42.865586844151,-5.801997216771,
    139.22127162309));
#3324 = VECTOR('',#3325,1.);
#3325 = DIRECTION('',(0.,0.,-1.));
#3326 = PLANE('',#3327);
#3327 = AXIS2_PLACEMENT_3D('',#3328,#3329,#3330);
#3328 = CARTESIAN_POINT('',(42.865586844151,-7.114497194419,
    139.22127162309));
#3329 = DIRECTION('',(1.,0.,0.));
#3330 = DIRECTION('',(0.,0.,-1.));
#3331 = ADVANCED_FACE('',(#3332),#3338,.T.);
#3332 = FACE_BOUND('',#3333,.T.);
#3333 = EDGE_LOOP('',(#3334,#3335,#3336,#3337));
#3334 = ORIENTED_EDGE('',*,*,#2871,.F.);
#3335 = ORIENTED_EDGE('',*,*,#3321,.T.);
#3336 = ORIENTED_EDGE('',*,*,#1209,.F.);
#3337 = ORIENTED_EDGE('',*,*,#3120,.F.);
#3338 = PLANE('',#3339);
#3339 = AXIS2_PLACEMENT_3D('',#3340,#3341,#3342);
#3340 = CARTESIAN_POINT('',(42.865586844151,-5.801997216771,
    139.22127162309));
#3341 = DIRECTION('',(0.,1.,0.));
#3342 = DIRECTION('',(0.,-0.,1.));
#3343 = ADVANCED_FACE('',(#3344),#3442,.T.);
#3344 = FACE_BOUND('',#3345,.T.);
#3345 = EDGE_LOOP('',(#3346,#3356,#3364,#3372,#3380,#3388,#3396,#3404,
    #3412,#3420,#3428,#3436));
#3346 = ORIENTED_EDGE('',*,*,#3347,.T.);
#3347 = EDGE_CURVE('',#3348,#3350,#3352,.T.);
#3348 = VERTEX_POINT('',#3349);
#3349 = CARTESIAN_POINT('',(44.873545435135,12.502309814924,-27.25));
#3350 = VERTEX_POINT('',#3351);
#3351 = CARTESIAN_POINT('',(44.873545435135,12.038132993561,-27.25));
#3352 = LINE('',#3353,#3354);
#3353 = CARTESIAN_POINT('',(44.873545435135,6.251154907462,-27.25));
#3354 = VECTOR('',#3355,1.);
#3355 = DIRECTION('',(0.,-1.,0.));
#3356 = ORIENTED_EDGE('',*,*,#3357,.T.);
#3357 = EDGE_CURVE('',#3350,#3358,#3360,.T.);
#3358 = VERTEX_POINT('',#3359);
#3359 = CARTESIAN_POINT('',(46.522173455839,12.038132993561,-27.25));
#3360 = LINE('',#3361,#3362);
#3361 = CARTESIAN_POINT('',(22.436772717568,12.038132993561,-27.25));
#3362 = VECTOR('',#3363,1.);
#3363 = DIRECTION('',(1.,0.,0.));
#3364 = ORIENTED_EDGE('',*,*,#3365,.T.);
#3365 = EDGE_CURVE('',#3358,#3366,#3368,.T.);
#3366 = VERTEX_POINT('',#3367);
#3367 = CARTESIAN_POINT('',(46.522173455839,10.22410863421,-27.25));
#3368 = LINE('',#3369,#3370);
#3369 = CARTESIAN_POINT('',(46.522173455839,6.019066496781,-27.25));
#3370 = VECTOR('',#3371,1.);
#3371 = DIRECTION('',(0.,-1.,0.));
#3372 = ORIENTED_EDGE('',*,*,#3373,.T.);
#3373 = EDGE_CURVE('',#3366,#3374,#3376,.T.);
#3374 = VERTEX_POINT('',#3375);
#3375 = CARTESIAN_POINT('',(44.873545435135,10.22410863421,-27.25));
#3376 = LINE('',#3377,#3378);
#3377 = CARTESIAN_POINT('',(23.26108672792,10.22410863421,-27.25));
#3378 = VECTOR('',#3379,1.);
#3379 = DIRECTION('',(-1.,0.,0.));
#3380 = ORIENTED_EDGE('',*,*,#3381,.T.);
#3381 = EDGE_CURVE('',#3374,#3382,#3384,.T.);
#3382 = VERTEX_POINT('',#3383);
#3383 = CARTESIAN_POINT('',(44.873545435135,9.759931812846,-27.25));
#3384 = LINE('',#3385,#3386);
#3385 = CARTESIAN_POINT('',(44.873545435135,5.112054317105,-27.25));
#3386 = VECTOR('',#3387,1.);
#3387 = DIRECTION('',(0.,-1.,0.));
#3388 = ORIENTED_EDGE('',*,*,#3389,.T.);
#3389 = EDGE_CURVE('',#3382,#3390,#3392,.T.);
#3390 = VERTEX_POINT('',#3391);
#3391 = CARTESIAN_POINT('',(48.37354537553,9.759931812846,-27.25));
#3392 = LINE('',#3393,#3394);
#3393 = CARTESIAN_POINT('',(22.436772717568,9.759931812846,-27.25));
#3394 = VECTOR('',#3395,1.);
#3395 = DIRECTION('',(1.,0.,0.));
#3396 = ORIENTED_EDGE('',*,*,#3397,.T.);
#3397 = EDGE_CURVE('',#3390,#3398,#3400,.T.);
#3398 = VERTEX_POINT('',#3399);
#3399 = CARTESIAN_POINT('',(48.37354537553,10.22410863421,-27.25));
#3400 = LINE('',#3401,#3402);
#3401 = CARTESIAN_POINT('',(48.37354537553,4.879965906423,-27.25));
#3402 = VECTOR('',#3403,1.);
#3403 = DIRECTION('',(0.,1.,0.));
#3404 = ORIENTED_EDGE('',*,*,#3405,.T.);
#3405 = EDGE_CURVE('',#3398,#3406,#3408,.T.);
#3406 = VERTEX_POINT('',#3407);
#3407 = CARTESIAN_POINT('',(46.935664302456,10.22410863421,-27.25));
#3408 = LINE('',#3409,#3410);
#3409 = CARTESIAN_POINT('',(24.186772687765,10.22410863421,-27.25));
#3410 = VECTOR('',#3411,1.);
#3411 = DIRECTION('',(-1.,0.,0.));
#3412 = ORIENTED_EDGE('',*,*,#3413,.T.);
#3413 = EDGE_CURVE('',#3406,#3414,#3416,.T.);
#3414 = VERTEX_POINT('',#3415);
#3415 = CARTESIAN_POINT('',(46.935664302456,12.038132993561,-27.25));
#3416 = LINE('',#3417,#3418);
#3417 = CARTESIAN_POINT('',(46.935664302456,5.112054317105,-27.25));
#3418 = VECTOR('',#3419,1.);
#3419 = DIRECTION('',(0.,1.,0.));
#3420 = ORIENTED_EDGE('',*,*,#3421,.T.);
#3421 = EDGE_CURVE('',#3414,#3422,#3424,.T.);
#3422 = VERTEX_POINT('',#3423);
#3423 = CARTESIAN_POINT('',(48.37354537553,12.038132993561,-27.25));
#3424 = LINE('',#3425,#3426);
#3425 = CARTESIAN_POINT('',(23.467832151228,12.038132993561,-27.25));
#3426 = VECTOR('',#3427,1.);
#3427 = DIRECTION('',(1.,0.,0.));
#3428 = ORIENTED_EDGE('',*,*,#3429,.T.);
#3429 = EDGE_CURVE('',#3422,#3430,#3432,.T.);
#3430 = VERTEX_POINT('',#3431);
#3431 = CARTESIAN_POINT('',(48.37354537553,12.502309814924,-27.25));
#3432 = LINE('',#3433,#3434);
#3433 = CARTESIAN_POINT('',(48.37354537553,6.019066496781,-27.25));
#3434 = VECTOR('',#3435,1.);
#3435 = DIRECTION('',(0.,1.,0.));
#3436 = ORIENTED_EDGE('',*,*,#3437,.T.);
#3437 = EDGE_CURVE('',#3430,#3348,#3438,.T.);
#3438 = LINE('',#3439,#3440);
#3439 = CARTESIAN_POINT('',(24.186772687765,12.502309814924,-27.25));
#3440 = VECTOR('',#3441,1.);
#3441 = DIRECTION('',(-1.,0.,0.));
#3442 = PLANE('',#3443);
#3443 = AXIS2_PLACEMENT_3D('',#3444,#3445,#3446);
#3444 = CARTESIAN_POINT('',(-5.551115123126E-16,-2.314121116953E-14,
    -27.25));
#3445 = DIRECTION('',(0.,0.,1.));
#3446 = DIRECTION('',(1.,0.,-0.));
#3447 = ADVANCED_FACE('',(#3448),#3464,.T.);
#3448 = FACE_BOUND('',#3449,.T.);
#3449 = EDGE_LOOP('',(#3450,#3451,#3457,#3458));
#3450 = ORIENTED_EDGE('',*,*,#3389,.F.);
#3451 = ORIENTED_EDGE('',*,*,#3452,.T.);
#3452 = EDGE_CURVE('',#3382,#1238,#3453,.T.);
#3453 = LINE('',#3454,#3455);
#3454 = CARTESIAN_POINT('',(44.873545435135,9.759931812846,
    139.22127162309));
#3455 = VECTOR('',#3456,1.);
#3456 = DIRECTION('',(0.,0.,-1.));
#3457 = ORIENTED_EDGE('',*,*,#1235,.F.);
#3458 = ORIENTED_EDGE('',*,*,#3459,.F.);
#3459 = EDGE_CURVE('',#3390,#1236,#3460,.T.);
#3460 = LINE('',#3461,#3462);
#3461 = CARTESIAN_POINT('',(48.37354537553,9.759931812846,
    139.22127162309));
#3462 = VECTOR('',#3463,1.);
#3463 = DIRECTION('',(0.,0.,-1.));
#3464 = PLANE('',#3465);
#3465 = AXIS2_PLACEMENT_3D('',#3466,#3467,#3468);
#3466 = CARTESIAN_POINT('',(44.873545435135,9.759931812846,
    139.22127162309));
#3467 = DIRECTION('',(0.,-1.,0.));
#3468 = DIRECTION('',(0.,0.,-1.));
#3469 = ADVANCED_FACE('',(#3470),#3481,.T.);
#3470 = FACE_BOUND('',#3471,.T.);
#3471 = EDGE_LOOP('',(#3472,#3473,#3479,#3480));
#3472 = ORIENTED_EDGE('',*,*,#3381,.F.);
#3473 = ORIENTED_EDGE('',*,*,#3474,.T.);
#3474 = EDGE_CURVE('',#3374,#1246,#3475,.T.);
#3475 = LINE('',#3476,#3477);
#3476 = CARTESIAN_POINT('',(44.873545435135,10.22410863421,
    139.22127162309));
#3477 = VECTOR('',#3478,1.);
#3478 = DIRECTION('',(0.,0.,-1.));
#3479 = ORIENTED_EDGE('',*,*,#1245,.F.);
#3480 = ORIENTED_EDGE('',*,*,#3452,.F.);
#3481 = PLANE('',#3482);
#3482 = AXIS2_PLACEMENT_3D('',#3483,#3484,#3485);
#3483 = CARTESIAN_POINT('',(44.873545435135,10.22410863421,
    139.22127162309));
#3484 = DIRECTION('',(-1.,0.,0.));
#3485 = DIRECTION('',(0.,0.,1.));
#3486 = ADVANCED_FACE('',(#3487),#3498,.T.);
#3487 = FACE_BOUND('',#3488,.T.);
#3488 = EDGE_LOOP('',(#3489,#3490,#3496,#3497));
#3489 = ORIENTED_EDGE('',*,*,#3373,.F.);
#3490 = ORIENTED_EDGE('',*,*,#3491,.T.);
#3491 = EDGE_CURVE('',#3366,#1254,#3492,.T.);
#3492 = LINE('',#3493,#3494);
#3493 = CARTESIAN_POINT('',(46.522173455839,10.22410863421,
    139.22127162309));
#3494 = VECTOR('',#3495,1.);
#3495 = DIRECTION('',(0.,0.,-1.));
#3496 = ORIENTED_EDGE('',*,*,#1253,.F.);
#3497 = ORIENTED_EDGE('',*,*,#3474,.F.);
#3498 = PLANE('',#3499);
#3499 = AXIS2_PLACEMENT_3D('',#3500,#3501,#3502);
#3500 = CARTESIAN_POINT('',(46.522173455839,10.22410863421,
    139.22127162309));
#3501 = DIRECTION('',(0.,1.,0.));
#3502 = DIRECTION('',(0.,-0.,1.));
#3503 = ADVANCED_FACE('',(#3504),#3515,.T.);
#3504 = FACE_BOUND('',#3505,.T.);
#3505 = EDGE_LOOP('',(#3506,#3507,#3513,#3514));
#3506 = ORIENTED_EDGE('',*,*,#3365,.F.);
#3507 = ORIENTED_EDGE('',*,*,#3508,.T.);
#3508 = EDGE_CURVE('',#3358,#1262,#3509,.T.);
#3509 = LINE('',#3510,#3511);
#3510 = CARTESIAN_POINT('',(46.522173455839,12.038132993561,
    139.22127162309));
#3511 = VECTOR('',#3512,1.);
#3512 = DIRECTION('',(0.,0.,-1.));
#3513 = ORIENTED_EDGE('',*,*,#1261,.F.);
#3514 = ORIENTED_EDGE('',*,*,#3491,.F.);
#3515 = PLANE('',#3516);
#3516 = AXIS2_PLACEMENT_3D('',#3517,#3518,#3519);
#3517 = CARTESIAN_POINT('',(46.522173455839,12.038132993561,
    139.22127162309));
#3518 = DIRECTION('',(-1.,0.,0.));
#3519 = DIRECTION('',(0.,0.,1.));
#3520 = ADVANCED_FACE('',(#3521),#3532,.T.);
#3521 = FACE_BOUND('',#3522,.T.);
#3522 = EDGE_LOOP('',(#3523,#3524,#3530,#3531));
#3523 = ORIENTED_EDGE('',*,*,#3357,.F.);
#3524 = ORIENTED_EDGE('',*,*,#3525,.T.);
#3525 = EDGE_CURVE('',#3350,#1270,#3526,.T.);
#3526 = LINE('',#3527,#3528);
#3527 = CARTESIAN_POINT('',(44.873545435135,12.038132993561,
    139.22127162309));
#3528 = VECTOR('',#3529,1.);
#3529 = DIRECTION('',(0.,0.,-1.));
#3530 = ORIENTED_EDGE('',*,*,#1269,.F.);
#3531 = ORIENTED_EDGE('',*,*,#3508,.F.);
#3532 = PLANE('',#3533);
#3533 = AXIS2_PLACEMENT_3D('',#3534,#3535,#3536);
#3534 = CARTESIAN_POINT('',(44.873545435135,12.038132993561,
    139.22127162309));
#3535 = DIRECTION('',(0.,-1.,0.));
#3536 = DIRECTION('',(0.,0.,-1.));
#3537 = ADVANCED_FACE('',(#3538),#3549,.T.);
#3538 = FACE_BOUND('',#3539,.T.);
#3539 = EDGE_LOOP('',(#3540,#3541,#3547,#3548));
#3540 = ORIENTED_EDGE('',*,*,#3347,.F.);
#3541 = ORIENTED_EDGE('',*,*,#3542,.T.);
#3542 = EDGE_CURVE('',#3348,#1278,#3543,.T.);
#3543 = LINE('',#3544,#3545);
#3544 = CARTESIAN_POINT('',(44.873545435135,12.502309814924,
    139.22127162309));
#3545 = VECTOR('',#3546,1.);
#3546 = DIRECTION('',(0.,0.,-1.));
#3547 = ORIENTED_EDGE('',*,*,#1277,.F.);
#3548 = ORIENTED_EDGE('',*,*,#3525,.F.);
#3549 = PLANE('',#3550);
#3550 = AXIS2_PLACEMENT_3D('',#3551,#3552,#3553);
#3551 = CARTESIAN_POINT('',(44.873545435135,12.502309814924,
    139.22127162309));
#3552 = DIRECTION('',(-1.,0.,0.));
#3553 = DIRECTION('',(0.,0.,1.));
#3554 = ADVANCED_FACE('',(#3555),#3566,.T.);
#3555 = FACE_BOUND('',#3556,.T.);
#3556 = EDGE_LOOP('',(#3557,#3558,#3559,#3560));
#3557 = ORIENTED_EDGE('',*,*,#3397,.F.);
#3558 = ORIENTED_EDGE('',*,*,#3459,.T.);
#3559 = ORIENTED_EDGE('',*,*,#1325,.F.);
#3560 = ORIENTED_EDGE('',*,*,#3561,.F.);
#3561 = EDGE_CURVE('',#3398,#1318,#3562,.T.);
#3562 = LINE('',#3563,#3564);
#3563 = CARTESIAN_POINT('',(48.37354537553,10.22410863421,
    139.22127162309));
#3564 = VECTOR('',#3565,1.);
#3565 = DIRECTION('',(0.,0.,-1.));
#3566 = PLANE('',#3567);
#3567 = AXIS2_PLACEMENT_3D('',#3568,#3569,#3570);
#3568 = CARTESIAN_POINT('',(48.37354537553,9.759931812846,
    139.22127162309));
#3569 = DIRECTION('',(1.,0.,0.));
#3570 = DIRECTION('',(0.,0.,-1.));
#3571 = ADVANCED_FACE('',(#3572),#3583,.T.);
#3572 = FACE_BOUND('',#3573,.T.);
#3573 = EDGE_LOOP('',(#3574,#3575,#3576,#3577));
#3574 = ORIENTED_EDGE('',*,*,#3405,.F.);
#3575 = ORIENTED_EDGE('',*,*,#3561,.T.);
#3576 = ORIENTED_EDGE('',*,*,#1317,.F.);
#3577 = ORIENTED_EDGE('',*,*,#3578,.F.);
#3578 = EDGE_CURVE('',#3406,#1310,#3579,.T.);
#3579 = LINE('',#3580,#3581);
#3580 = CARTESIAN_POINT('',(46.935664302456,10.22410863421,
    139.22127162309));
#3581 = VECTOR('',#3582,1.);
#3582 = DIRECTION('',(0.,0.,-1.));
#3583 = PLANE('',#3584);
#3584 = AXIS2_PLACEMENT_3D('',#3585,#3586,#3587);
#3585 = CARTESIAN_POINT('',(48.37354537553,10.22410863421,
    139.22127162309));
#3586 = DIRECTION('',(0.,1.,0.));
#3587 = DIRECTION('',(0.,-0.,1.));
#3588 = ADVANCED_FACE('',(#3589),#3600,.T.);
#3589 = FACE_BOUND('',#3590,.T.);
#3590 = EDGE_LOOP('',(#3591,#3592,#3593,#3594));
#3591 = ORIENTED_EDGE('',*,*,#3413,.F.);
#3592 = ORIENTED_EDGE('',*,*,#3578,.T.);
#3593 = ORIENTED_EDGE('',*,*,#1309,.F.);
#3594 = ORIENTED_EDGE('',*,*,#3595,.F.);
#3595 = EDGE_CURVE('',#3414,#1302,#3596,.T.);
#3596 = LINE('',#3597,#3598);
#3597 = CARTESIAN_POINT('',(46.935664302456,12.038132993561,
    139.22127162309));
#3598 = VECTOR('',#3599,1.);
#3599 = DIRECTION('',(0.,0.,-1.));
#3600 = PLANE('',#3601);
#3601 = AXIS2_PLACEMENT_3D('',#3602,#3603,#3604);
#3602 = CARTESIAN_POINT('',(46.935664302456,10.22410863421,
    139.22127162309));
#3603 = DIRECTION('',(1.,0.,0.));
#3604 = DIRECTION('',(0.,0.,-1.));
#3605 = ADVANCED_FACE('',(#3606),#3617,.T.);
#3606 = FACE_BOUND('',#3607,.T.);
#3607 = EDGE_LOOP('',(#3608,#3609,#3610,#3611));
#3608 = ORIENTED_EDGE('',*,*,#3421,.F.);
#3609 = ORIENTED_EDGE('',*,*,#3595,.T.);
#3610 = ORIENTED_EDGE('',*,*,#1301,.F.);
#3611 = ORIENTED_EDGE('',*,*,#3612,.F.);
#3612 = EDGE_CURVE('',#3422,#1294,#3613,.T.);
#3613 = LINE('',#3614,#3615);
#3614 = CARTESIAN_POINT('',(48.37354537553,12.038132993561,
    139.22127162309));
#3615 = VECTOR('',#3616,1.);
#3616 = DIRECTION('',(0.,0.,-1.));
#3617 = PLANE('',#3618);
#3618 = AXIS2_PLACEMENT_3D('',#3619,#3620,#3621);
#3619 = CARTESIAN_POINT('',(46.935664302456,12.038132993561,
    139.22127162309));
#3620 = DIRECTION('',(0.,-1.,0.));
#3621 = DIRECTION('',(0.,0.,-1.));
#3622 = ADVANCED_FACE('',(#3623),#3634,.T.);
#3623 = FACE_BOUND('',#3624,.T.);
#3624 = EDGE_LOOP('',(#3625,#3626,#3627,#3628));
#3625 = ORIENTED_EDGE('',*,*,#3429,.F.);
#3626 = ORIENTED_EDGE('',*,*,#3612,.T.);
#3627 = ORIENTED_EDGE('',*,*,#1293,.F.);
#3628 = ORIENTED_EDGE('',*,*,#3629,.F.);
#3629 = EDGE_CURVE('',#3430,#1286,#3630,.T.);
#3630 = LINE('',#3631,#3632);
#3631 = CARTESIAN_POINT('',(48.37354537553,12.502309814924,
    139.22127162309));
#3632 = VECTOR('',#3633,1.);
#3633 = DIRECTION('',(0.,0.,-1.));
#3634 = PLANE('',#3635);
#3635 = AXIS2_PLACEMENT_3D('',#3636,#3637,#3638);
#3636 = CARTESIAN_POINT('',(48.37354537553,12.038132993561,
    139.22127162309));
#3637 = DIRECTION('',(1.,0.,0.));
#3638 = DIRECTION('',(0.,0.,-1.));
#3639 = ADVANCED_FACE('',(#3640),#3646,.T.);
#3640 = FACE_BOUND('',#3641,.T.);
#3641 = EDGE_LOOP('',(#3642,#3643,#3644,#3645));
#3642 = ORIENTED_EDGE('',*,*,#3437,.F.);
#3643 = ORIENTED_EDGE('',*,*,#3629,.T.);
#3644 = ORIENTED_EDGE('',*,*,#1285,.F.);
#3645 = ORIENTED_EDGE('',*,*,#3542,.F.);
#3646 = PLANE('',#3647);
#3647 = AXIS2_PLACEMENT_3D('',#3648,#3649,#3650);
#3648 = CARTESIAN_POINT('',(48.37354537553,12.502309814924,
    139.22127162309));
#3649 = DIRECTION('',(0.,1.,0.));
#3650 = DIRECTION('',(0.,-0.,1.));
#3651 = ADVANCED_FACE('',(#3652,#3718),#3762,.T.);
#3652 = FACE_BOUND('',#3653,.T.);
#3653 = EDGE_LOOP('',(#3654,#3664,#3672,#3680,#3688,#3696,#3704,#3712));
#3654 = ORIENTED_EDGE('',*,*,#3655,.T.);
#3655 = EDGE_CURVE('',#3656,#3658,#3660,.T.);
#3656 = VERTEX_POINT('',#3657);
#3657 = CARTESIAN_POINT('',(44.873545435135,9.370450112162,-27.25));
#3658 = VERTEX_POINT('',#3659);
#3659 = CARTESIAN_POINT('',(44.873545435135,8.879596461985,-27.25));
#3660 = LINE('',#3661,#3662);
#3661 = CARTESIAN_POINT('',(44.873545435135,4.685225056081,-27.25));
#3662 = VECTOR('',#3663,1.);
#3663 = DIRECTION('',(0.,-1.,0.));
#3664 = ORIENTED_EDGE('',*,*,#3665,.T.);
#3665 = EDGE_CURVE('',#3658,#3666,#3668,.T.);
#3666 = VERTEX_POINT('',#3667);
#3667 = CARTESIAN_POINT('',(45.93261553905,8.495450127063,-27.25));
#3668 = LINE('',#3669,#3670);
#3669 = CARTESIAN_POINT('',(26.46863962912,15.555431313537,-27.25));
#3670 = VECTOR('',#3671,1.);
#3671 = DIRECTION('',(0.940069662776,-0.340982446951,0.));
#3672 = ORIENTED_EDGE('',*,*,#3673,.T.);
#3673 = EDGE_CURVE('',#3666,#3674,#3676,.T.);
#3674 = VERTEX_POINT('',#3675);
#3675 = CARTESIAN_POINT('',(45.93261553905,7.028224542294,-27.25));
#3676 = LINE('',#3677,#3678);
#3677 = CARTESIAN_POINT('',(45.93261553905,4.247725063532,-27.25));
#3678 = VECTOR('',#3679,1.);
#3679 = DIRECTION('',(0.,-1.,0.));
#3680 = ORIENTED_EDGE('',*,*,#3681,.T.);
#3681 = EDGE_CURVE('',#3674,#3682,#3684,.T.);
#3682 = VERTEX_POINT('',#3683);
#3683 = CARTESIAN_POINT('',(44.873545435135,6.622736744321,-27.25));
#3684 = LINE('',#3685,#3686);
#3685 = CARTESIAN_POINT('',(24.729091763023,-1.090001185555,-27.25));
#3686 = VECTOR('',#3687,1.);
#3687 = DIRECTION('',(-0.933890180405,-0.357559968316,0.));
#3688 = ORIENTED_EDGE('',*,*,#3689,.T.);
#3689 = EDGE_CURVE('',#3682,#3690,#3692,.T.);
#3690 = VERTEX_POINT('',#3691);
#3691 = CARTESIAN_POINT('',(44.873545435135,6.094535533804,-27.25));
#3692 = LINE('',#3693,#3694);
#3693 = CARTESIAN_POINT('',(44.873545435135,3.311368372161,-27.25));
#3694 = VECTOR('',#3695,1.);
#3695 = DIRECTION('',(0.,-1.,0.));
#3696 = ORIENTED_EDGE('',*,*,#3697,.T.);
#3697 = EDGE_CURVE('',#3690,#3698,#3700,.T.);
#3698 = VERTEX_POINT('',#3699);
#3699 = CARTESIAN_POINT('',(48.37354537553,7.524413558234,-27.25));
#3700 = LINE('',#3701,#3702);
#3701 = CARTESIAN_POINT('',(24.57904751465,-2.196509348345,-27.25));
#3702 = VECTOR('',#3703,1.);
#3703 = DIRECTION('',(0.925726682166,0.378193217714,0.));
#3704 = ORIENTED_EDGE('',*,*,#3705,.T.);
#3705 = EDGE_CURVE('',#3698,#3706,#3708,.T.);
#3706 = VERTEX_POINT('',#3707);
#3707 = CARTESIAN_POINT('',(48.37354537553,8.025937939937,-27.25));
#3708 = LINE('',#3709,#3710);
#3709 = CARTESIAN_POINT('',(48.37354537553,3.762206779117,-27.25));
#3710 = VECTOR('',#3711,1.);
#3711 = DIRECTION('',(0.,1.,0.));
#3712 = ORIENTED_EDGE('',*,*,#3713,.T.);
#3713 = EDGE_CURVE('',#3706,#3656,#3714,.T.);
#3714 = LINE('',#3715,#3716);
#3715 = CARTESIAN_POINT('',(28.640338091797,15.606377323322,-27.25));
#3716 = VECTOR('',#3717,1.);
#3717 = DIRECTION('',(-0.933492229962,0.358597624924,0.));
#3718 = FACE_BOUND('',#3719,.T.);
#3719 = EDGE_LOOP('',(#3720,#3730,#3738,#3746,#3755));
#3720 = ORIENTED_EDGE('',*,*,#3721,.T.);
#3721 = EDGE_CURVE('',#3722,#3724,#3726,.T.);
#3722 = VERTEX_POINT('',#3723);
#3723 = CARTESIAN_POINT('',(47.279795394157,7.540419655523,-27.25));
#3724 = VERTEX_POINT('',#3725);
#3725 = CARTESIAN_POINT('',(46.308758825328,7.172279417889,-27.25));
#3726 = LINE('',#3727,#3728);
#3727 = CARTESIAN_POINT('',(24.875463163984,-0.953530475697,-27.25));
#3728 = VECTOR('',#3729,1.);
#3729 = DIRECTION('',(-0.935056260257,-0.354499351416,0.));
#3730 = ORIENTED_EDGE('',*,*,#3731,.T.);
#3731 = EDGE_CURVE('',#3724,#3732,#3734,.T.);
#3732 = VERTEX_POINT('',#3733);
#3733 = CARTESIAN_POINT('',(46.308758825328,8.362065982993,-27.25));
#3734 = LINE('',#3735,#3736);
#3735 = CARTESIAN_POINT('',(46.308758825328,4.181032991497,-27.25));
#3736 = VECTOR('',#3737,1.);
#3737 = DIRECTION('',(0.,1.,0.));
#3738 = ORIENTED_EDGE('',*,*,#3739,.T.);
#3739 = EDGE_CURVE('',#3732,#3740,#3742,.T.);
#3740 = VERTEX_POINT('',#3741);
#3741 = CARTESIAN_POINT('',(47.335816734666,7.975251965191,-27.25));
#3742 = LINE('',#3743,#3744);
#3743 = CARTESIAN_POINT('',(27.923311580932,15.286455204909,-27.25));
#3744 = VECTOR('',#3745,1.);
#3745 = DIRECTION('',(0.93582876642,-0.35245498995,0.));
#3746 = ORIENTED_EDGE('',*,*,#3747,.T.);
#3747 = EDGE_CURVE('',#3740,#3748,#3750,.T.);
#3748 = VERTEX_POINT('',#3749);
#3749 = CARTESIAN_POINT('',(48.005405137897,7.785846480611,-27.25));
#3750 = B_SPLINE_CURVE_WITH_KNOTS('',3,(#3751,#3752,#3753,#3754),
  .UNSPECIFIED.,.F.,.F.,(4,4),(-6.966833965811E-02,0.),
  .PIECEWISE_BEZIER_KNOTS.);
#3751 = CARTESIAN_POINT('',(47.335816734666,7.975251965191,-27.25));
#3752 = CARTESIAN_POINT('',(47.558123641449,7.895221478749,-27.25));
#3753 = CARTESIAN_POINT('',(47.78131977586,7.832086317222,-27.25));
#3754 = CARTESIAN_POINT('',(48.005405137897,7.785846480611,-27.25));
#3755 = ORIENTED_EDGE('',*,*,#3756,.T.);
#3756 = EDGE_CURVE('',#3748,#3722,#3757,.T.);
#3757 = B_SPLINE_CURVE_WITH_KNOTS('',3,(#3758,#3759,#3760,#3761),
  .UNSPECIFIED.,.F.,.F.,(4,4),(-7.521729770784E-02,0.),
  .PIECEWISE_BEZIER_KNOTS.);
#3758 = CARTESIAN_POINT('',(48.005405137897,7.785846480611,-27.25));
#3759 = CARTESIAN_POINT('',(47.816888880945,7.732492822983,-27.25));
#3760 = CARTESIAN_POINT('',(47.575018966365,7.650683881287,-27.25));
#3761 = CARTESIAN_POINT('',(47.279795394157,7.540419655523,-27.25));
#3762 = PLANE('',#3763);
#3763 = AXIS2_PLACEMENT_3D('',#3764,#3765,#3766);
#3764 = CARTESIAN_POINT('',(-5.551115123126E-16,-2.314121116953E-14,
    -27.25));
#3765 = DIRECTION('',(0.,0.,1.));
#3766 = DIRECTION('',(1.,0.,-0.));
#3767 = ADVANCED_FACE('',(#3768),#3793,.F.);
#3768 = FACE_BOUND('',#3769,.T.);
#3769 = EDGE_LOOP('',(#3770,#3771,#3779,#3787));
#3770 = ORIENTED_EDGE('',*,*,#3739,.F.);
#3771 = ORIENTED_EDGE('',*,*,#3772,.T.);
#3772 = EDGE_CURVE('',#3732,#3773,#3775,.T.);
#3773 = VERTEX_POINT('',#3774);
#3774 = CARTESIAN_POINT('',(46.308758825328,8.362065982993,-27.75));
#3775 = LINE('',#3776,#3777);
#3776 = CARTESIAN_POINT('',(46.308758825328,8.362065982993,
    139.22127162309));
#3777 = VECTOR('',#3778,1.);
#3778 = DIRECTION('',(0.,0.,-1.));
#3779 = ORIENTED_EDGE('',*,*,#3780,.F.);
#3780 = EDGE_CURVE('',#3781,#3773,#3783,.T.);
#3781 = VERTEX_POINT('',#3782);
#3782 = CARTESIAN_POINT('',(47.335816734666,7.975251965191,-27.75));
#3783 = LINE('',#3784,#3785);
#3784 = CARTESIAN_POINT('',(27.923311580932,15.286455204909,-27.75));
#3785 = VECTOR('',#3786,1.);
#3786 = DIRECTION('',(-0.93582876642,0.35245498995,0.));
#3787 = ORIENTED_EDGE('',*,*,#3788,.F.);
#3788 = EDGE_CURVE('',#3740,#3781,#3789,.T.);
#3789 = LINE('',#3790,#3791);
#3790 = CARTESIAN_POINT('',(47.335816734666,7.975251965191,
    139.22127162309));
#3791 = VECTOR('',#3792,1.);
#3792 = DIRECTION('',(0.,0.,-1.));
#3793 = PLANE('',#3794);
#3794 = AXIS2_PLACEMENT_3D('',#3795,#3796,#3797);
#3795 = CARTESIAN_POINT('',(47.335816734666,7.975251965191,
    139.22127162309));
#3796 = DIRECTION('',(0.35245498995,0.93582876642,0.));
#3797 = DIRECTION('',(0.,-0.,1.));
#3798 = ADVANCED_FACE('',(#3799),#3817,.F.);
#3799 = FACE_BOUND('',#3800,.T.);
#3800 = EDGE_LOOP('',(#3801,#3802,#3810,#3816));
#3801 = ORIENTED_EDGE('',*,*,#3731,.F.);
#3802 = ORIENTED_EDGE('',*,*,#3803,.T.);
#3803 = EDGE_CURVE('',#3724,#3804,#3806,.T.);
#3804 = VERTEX_POINT('',#3805);
#3805 = CARTESIAN_POINT('',(46.308758825328,7.172279417889,-27.75));
#3806 = LINE('',#3807,#3808);
#3807 = CARTESIAN_POINT('',(46.308758825328,7.172279417889,
    139.22127162309));
#3808 = VECTOR('',#3809,1.);
#3809 = DIRECTION('',(0.,0.,-1.));
#3810 = ORIENTED_EDGE('',*,*,#3811,.F.);
#3811 = EDGE_CURVE('',#3773,#3804,#3812,.T.);
#3812 = LINE('',#3813,#3814);
#3813 = CARTESIAN_POINT('',(46.308758825328,4.181032991497,-27.75));
#3814 = VECTOR('',#3815,1.);
#3815 = DIRECTION('',(0.,-1.,0.));
#3816 = ORIENTED_EDGE('',*,*,#3772,.F.);
#3817 = PLANE('',#3818);
#3818 = AXIS2_PLACEMENT_3D('',#3819,#3820,#3821);
#3819 = CARTESIAN_POINT('',(46.308758825328,8.362065982993,
    139.22127162309));
#3820 = DIRECTION('',(-1.,0.,0.));
#3821 = DIRECTION('',(0.,0.,1.));
#3822 = ADVANCED_FACE('',(#3823),#3841,.F.);
#3823 = FACE_BOUND('',#3824,.T.);
#3824 = EDGE_LOOP('',(#3825,#3826,#3834,#3840));
#3825 = ORIENTED_EDGE('',*,*,#3721,.F.);
#3826 = ORIENTED_EDGE('',*,*,#3827,.T.);
#3827 = EDGE_CURVE('',#3722,#3828,#3830,.T.);
#3828 = VERTEX_POINT('',#3829);
#3829 = CARTESIAN_POINT('',(47.279795394157,7.540419655523,-27.75));
#3830 = LINE('',#3831,#3832);
#3831 = CARTESIAN_POINT('',(47.279795394157,7.540419655523,
    139.22127162309));
#3832 = VECTOR('',#3833,1.);
#3833 = DIRECTION('',(0.,0.,-1.));
#3834 = ORIENTED_EDGE('',*,*,#3835,.F.);
#3835 = EDGE_CURVE('',#3804,#3828,#3836,.T.);
#3836 = LINE('',#3837,#3838);
#3837 = CARTESIAN_POINT('',(24.875463163984,-0.953530475697,-27.75));
#3838 = VECTOR('',#3839,1.);
#3839 = DIRECTION('',(0.935056260257,0.354499351416,0.));
#3840 = ORIENTED_EDGE('',*,*,#3803,.F.);
#3841 = PLANE('',#3842);
#3842 = AXIS2_PLACEMENT_3D('',#3843,#3844,#3845);
#3843 = CARTESIAN_POINT('',(46.308758825328,7.172279417889,
    139.22127162309));
#3844 = DIRECTION('',(0.354499351416,-0.935056260257,0.));
#3845 = DIRECTION('',(0.,0.,-1.));
#3846 = ADVANCED_FACE('',(#3847),#3863,.T.);
#3847 = FACE_BOUND('',#3848,.T.);
#3848 = EDGE_LOOP('',(#3849,#3850,#3856,#3857));
#3849 = ORIENTED_EDGE('',*,*,#3681,.F.);
#3850 = ORIENTED_EDGE('',*,*,#3851,.T.);
#3851 = EDGE_CURVE('',#3674,#1336,#3852,.T.);
#3852 = LINE('',#3853,#3854);
#3853 = CARTESIAN_POINT('',(45.93261553905,7.028224542294,
    139.22127162309));
#3854 = VECTOR('',#3855,1.);
#3855 = DIRECTION('',(0.,0.,-1.));
#3856 = ORIENTED_EDGE('',*,*,#1333,.F.);
#3857 = ORIENTED_EDGE('',*,*,#3858,.F.);
#3858 = EDGE_CURVE('',#3682,#1334,#3859,.T.);
#3859 = LINE('',#3860,#3861);
#3860 = CARTESIAN_POINT('',(44.873545435135,6.622736744321,
    139.22127162309));
#3861 = VECTOR('',#3862,1.);
#3862 = DIRECTION('',(0.,0.,-1.));
#3863 = PLANE('',#3864);
#3864 = AXIS2_PLACEMENT_3D('',#3865,#3866,#3867);
#3865 = CARTESIAN_POINT('',(45.93261553905,7.028224542294,
    139.22127162309));
#3866 = DIRECTION('',(-0.357559968316,0.933890180405,0.));
#3867 = DIRECTION('',(0.,0.,1.));
#3868 = ADVANCED_FACE('',(#3869),#3880,.T.);
#3869 = FACE_BOUND('',#3870,.T.);
#3870 = EDGE_LOOP('',(#3871,#3872,#3878,#3879));
#3871 = ORIENTED_EDGE('',*,*,#3673,.F.);
#3872 = ORIENTED_EDGE('',*,*,#3873,.T.);
#3873 = EDGE_CURVE('',#3666,#1344,#3874,.T.);
#3874 = LINE('',#3875,#3876);
#3875 = CARTESIAN_POINT('',(45.93261553905,8.495450127063,
    139.22127162309));
#3876 = VECTOR('',#3877,1.);
#3877 = DIRECTION('',(0.,0.,-1.));
#3878 = ORIENTED_EDGE('',*,*,#1343,.F.);
#3879 = ORIENTED_EDGE('',*,*,#3851,.F.);
#3880 = PLANE('',#3881);
#3881 = AXIS2_PLACEMENT_3D('',#3882,#3883,#3884);
#3882 = CARTESIAN_POINT('',(45.93261553905,8.495450127063,
    139.22127162309));
#3883 = DIRECTION('',(-1.,0.,0.));
#3884 = DIRECTION('',(0.,0.,1.));
#3885 = ADVANCED_FACE('',(#3886),#3897,.T.);
#3886 = FACE_BOUND('',#3887,.T.);
#3887 = EDGE_LOOP('',(#3888,#3889,#3895,#3896));
#3888 = ORIENTED_EDGE('',*,*,#3665,.F.);
#3889 = ORIENTED_EDGE('',*,*,#3890,.T.);
#3890 = EDGE_CURVE('',#3658,#1352,#3891,.T.);
#3891 = LINE('',#3892,#3893);
#3892 = CARTESIAN_POINT('',(44.873545435135,8.879596461985,
    139.22127162309));
#3893 = VECTOR('',#3894,1.);
#3894 = DIRECTION('',(0.,0.,-1.));
#3895 = ORIENTED_EDGE('',*,*,#1351,.F.);
#3896 = ORIENTED_EDGE('',*,*,#3873,.F.);
#3897 = PLANE('',#3898);
#3898 = AXIS2_PLACEMENT_3D('',#3899,#3900,#3901);
#3899 = CARTESIAN_POINT('',(44.873545435135,8.879596461985,
    139.22127162309));
#3900 = DIRECTION('',(-0.340982446951,-0.940069662776,0.));
#3901 = DIRECTION('',(-0.,0.,-1.));
#3902 = ADVANCED_FACE('',(#3903),#3914,.T.);
#3903 = FACE_BOUND('',#3904,.T.);
#3904 = EDGE_LOOP('',(#3905,#3906,#3912,#3913));
#3905 = ORIENTED_EDGE('',*,*,#3655,.F.);
#3906 = ORIENTED_EDGE('',*,*,#3907,.T.);
#3907 = EDGE_CURVE('',#3656,#1360,#3908,.T.);
#3908 = LINE('',#3909,#3910);
#3909 = CARTESIAN_POINT('',(44.873545435135,9.370450112162,
    139.22127162309));
#3910 = VECTOR('',#3911,1.);
#3911 = DIRECTION('',(0.,0.,-1.));
#3912 = ORIENTED_EDGE('',*,*,#1359,.F.);
#3913 = ORIENTED_EDGE('',*,*,#3890,.F.);
#3914 = PLANE('',#3915);
#3915 = AXIS2_PLACEMENT_3D('',#3916,#3917,#3918);
#3916 = CARTESIAN_POINT('',(44.873545435135,9.370450112162,
    139.22127162309));
#3917 = DIRECTION('',(-1.,0.,0.));
#3918 = DIRECTION('',(0.,0.,1.));
#3919 = ADVANCED_FACE('',(#3920),#3938,.F.);
#3920 = FACE_BOUND('',#3921,.F.);
#3921 = EDGE_LOOP('',(#3922,#3923,#3931,#3937));
#3922 = ORIENTED_EDGE('',*,*,#3827,.T.);
#3923 = ORIENTED_EDGE('',*,*,#3924,.T.);
#3924 = EDGE_CURVE('',#3828,#3925,#3927,.T.);
#3925 = VERTEX_POINT('',#3926);
#3926 = CARTESIAN_POINT('',(48.005405137897,7.785846480611,-27.75));
#3927 = B_SPLINE_CURVE_WITH_KNOTS('',2,(#3928,#3929,#3930),
  .UNSPECIFIED.,.F.,.F.,(3,3),(0.,1.),.PIECEWISE_BEZIER_KNOTS.);
#3928 = CARTESIAN_POINT('',(47.279795394157,7.540419655523,-27.75));
#3929 = CARTESIAN_POINT('',(47.722630752469,7.705815994169,-27.75));
#3930 = CARTESIAN_POINT('',(48.005405137897,7.785846480611,-27.75));
#3931 = ORIENTED_EDGE('',*,*,#3932,.F.);
#3932 = EDGE_CURVE('',#3748,#3925,#3933,.T.);
#3933 = LINE('',#3934,#3935);
#3934 = CARTESIAN_POINT('',(48.005405137897,7.785846480611,
    139.22127162309));
#3935 = VECTOR('',#3936,1.);
#3936 = DIRECTION('',(0.,0.,-1.));
#3937 = ORIENTED_EDGE('',*,*,#3756,.T.);
#3938 = B_SPLINE_SURFACE_WITH_KNOTS('',2,1,(
    (#3939,#3940)
    ,(#3941,#3942)
    ,(#3943,#3944
    )),.UNSPECIFIED.,.F.,.F.,.F.,(3,3),(2,2),(-1.,0.),(0.,
    30.994354324618),.PIECEWISE_BEZIER_KNOTS.);
#3939 = CARTESIAN_POINT('',(48.005405137897,7.785846480611,
    139.22127162309));
#3940 = CARTESIAN_POINT('',(48.005405137897,7.785846480611,
    -170.722271623));
#3941 = CARTESIAN_POINT('',(47.722630752469,7.705815994169,
    139.22127162309));
#3942 = CARTESIAN_POINT('',(47.722630752469,7.705815994169,
    -170.722271623));
#3943 = CARTESIAN_POINT('',(47.279795394157,7.540419655523,
    139.22127162309));
#3944 = CARTESIAN_POINT('',(47.279795394157,7.540419655523,
    -170.722271623));
#3945 = ADVANCED_FACE('',(#3946),#3957,.F.);
#3946 = FACE_BOUND('',#3947,.F.);
#3947 = EDGE_LOOP('',(#3948,#3949,#3955,#3956));
#3948 = ORIENTED_EDGE('',*,*,#3932,.T.);
#3949 = ORIENTED_EDGE('',*,*,#3950,.T.);
#3950 = EDGE_CURVE('',#3925,#3781,#3951,.T.);
#3951 = B_SPLINE_CURVE_WITH_KNOTS('',2,(#3952,#3953,#3954),
  .UNSPECIFIED.,.F.,.F.,(3,3),(0.,1.),.PIECEWISE_BEZIER_KNOTS.);
#3952 = CARTESIAN_POINT('',(48.005405137897,7.785846480611,-27.75));
#3953 = CARTESIAN_POINT('',(47.669277094841,7.855206235528,-27.75));
#3954 = CARTESIAN_POINT('',(47.335816734666,7.975251965191,-27.75));
#3955 = ORIENTED_EDGE('',*,*,#3788,.F.);
#3956 = ORIENTED_EDGE('',*,*,#3747,.T.);
#3957 = B_SPLINE_SURFACE_WITH_KNOTS('',2,1,(
    (#3958,#3959)
    ,(#3960,#3961)
    ,(#3962,#3963
    )),.UNSPECIFIED.,.F.,.F.,.F.,(3,3),(2,2),(-1.,0.),(0.,
    30.994354324618),.PIECEWISE_BEZIER_KNOTS.);
#3958 = CARTESIAN_POINT('',(47.335816734666,7.975251965191,
    139.22127162309));
#3959 = CARTESIAN_POINT('',(47.335816734666,7.975251965191,
    -170.722271623));
#3960 = CARTESIAN_POINT('',(47.669277094841,7.855206235528,
    139.22127162309));
#3961 = CARTESIAN_POINT('',(47.669277094841,7.855206235528,
    -170.722271623));
#3962 = CARTESIAN_POINT('',(48.005405137897,7.785846480611,
    139.22127162309));
#3963 = CARTESIAN_POINT('',(48.005405137897,7.785846480611,
    -170.722271623));
#3964 = ADVANCED_FACE('',(#3965),#3976,.T.);
#3965 = FACE_BOUND('',#3966,.T.);
#3966 = EDGE_LOOP('',(#3967,#3968,#3969,#3970));
#3967 = ORIENTED_EDGE('',*,*,#3689,.F.);
#3968 = ORIENTED_EDGE('',*,*,#3858,.T.);
#3969 = ORIENTED_EDGE('',*,*,#1391,.F.);
#3970 = ORIENTED_EDGE('',*,*,#3971,.F.);
#3971 = EDGE_CURVE('',#3690,#1384,#3972,.T.);
#3972 = LINE('',#3973,#3974);
#3973 = CARTESIAN_POINT('',(44.873545435135,6.094535533804,
    139.22127162309));
#3974 = VECTOR('',#3975,1.);
#3975 = DIRECTION('',(0.,0.,-1.));
#3976 = PLANE('',#3977);
#3977 = AXIS2_PLACEMENT_3D('',#3978,#3979,#3980);
#3978 = CARTESIAN_POINT('',(44.873545435135,6.622736744321,
    139.22127162309));
#3979 = DIRECTION('',(-1.,0.,0.));
#3980 = DIRECTION('',(0.,0.,1.));
#3981 = ADVANCED_FACE('',(#3982),#3993,.T.);
#3982 = FACE_BOUND('',#3983,.T.);
#3983 = EDGE_LOOP('',(#3984,#3985,#3986,#3987));
#3984 = ORIENTED_EDGE('',*,*,#3697,.F.);
#3985 = ORIENTED_EDGE('',*,*,#3971,.T.);
#3986 = ORIENTED_EDGE('',*,*,#1383,.F.);
#3987 = ORIENTED_EDGE('',*,*,#3988,.F.);
#3988 = EDGE_CURVE('',#3698,#1376,#3989,.T.);
#3989 = LINE('',#3990,#3991);
#3990 = CARTESIAN_POINT('',(48.37354537553,7.524413558234,
    139.22127162309));
#3991 = VECTOR('',#3992,1.);
#3992 = DIRECTION('',(0.,0.,-1.));
#3993 = PLANE('',#3994);
#3994 = AXIS2_PLACEMENT_3D('',#3995,#3996,#3997);
#3995 = CARTESIAN_POINT('',(44.873545435135,6.094535533804,
    139.22127162309));
#3996 = DIRECTION('',(0.378193217714,-0.925726682166,0.));
#3997 = DIRECTION('',(0.,0.,-1.));
#3998 = ADVANCED_FACE('',(#3999),#4010,.T.);
#3999 = FACE_BOUND('',#4000,.T.);
#4000 = EDGE_LOOP('',(#4001,#4002,#4003,#4004));
#4001 = ORIENTED_EDGE('',*,*,#3705,.F.);
#4002 = ORIENTED_EDGE('',*,*,#3988,.T.);
#4003 = ORIENTED_EDGE('',*,*,#1375,.F.);
#4004 = ORIENTED_EDGE('',*,*,#4005,.F.);
#4005 = EDGE_CURVE('',#3706,#1368,#4006,.T.);
#4006 = LINE('',#4007,#4008);
#4007 = CARTESIAN_POINT('',(48.37354537553,8.025937939937,
    139.22127162309));
#4008 = VECTOR('',#4009,1.);
#4009 = DIRECTION('',(0.,0.,-1.));
#4010 = PLANE('',#4011);
#4011 = AXIS2_PLACEMENT_3D('',#4012,#4013,#4014);
#4012 = CARTESIAN_POINT('',(48.37354537553,7.524413558234,
    139.22127162309));
#4013 = DIRECTION('',(1.,0.,0.));
#4014 = DIRECTION('',(0.,0.,-1.));
#4015 = ADVANCED_FACE('',(#4016),#4022,.T.);
#4016 = FACE_BOUND('',#4017,.T.);
#4017 = EDGE_LOOP('',(#4018,#4019,#4020,#4021));
#4018 = ORIENTED_EDGE('',*,*,#3713,.F.);
#4019 = ORIENTED_EDGE('',*,*,#4005,.T.);
#4020 = ORIENTED_EDGE('',*,*,#1367,.F.);
#4021 = ORIENTED_EDGE('',*,*,#3907,.F.);
#4022 = PLANE('',#4023);
#4023 = AXIS2_PLACEMENT_3D('',#4024,#4025,#4026);
#4024 = CARTESIAN_POINT('',(48.37354537553,8.025937939937,
    139.22127162309));
#4025 = DIRECTION('',(0.358597624924,0.933492229962,0.));
#4026 = DIRECTION('',(0.,-0.,1.));
#4027 = ADVANCED_FACE('',(#4028),#4152,.T.);
#4028 = FACE_BOUND('',#4029,.T.);
#4029 = EDGE_LOOP('',(#4030,#4040,#4048,#4056,#4064,#4072,#4080,#4088,
    #4096,#4104,#4112,#4121,#4130,#4138,#4146));
#4030 = ORIENTED_EDGE('',*,*,#4031,.T.);
#4031 = EDGE_CURVE('',#4032,#4034,#4036,.T.);
#4032 = VERTEX_POINT('',#4033);
#4033 = CARTESIAN_POINT('',(44.873545435135,5.739733710578,-27.25));
#4034 = VERTEX_POINT('',#4035);
#4035 = CARTESIAN_POINT('',(44.873545435135,5.294230669385,-27.25));
#4036 = LINE('',#4037,#4038);
#4037 = CARTESIAN_POINT('',(44.873545435135,2.869866855289,-27.25));
#4038 = VECTOR('',#4039,1.);
#4039 = DIRECTION('',(0.,-1.,0.));
#4040 = ORIENTED_EDGE('',*,*,#4041,.T.);
#4041 = EDGE_CURVE('',#4034,#4042,#4044,.T.);
#4042 = VERTEX_POINT('',#4043);
#4043 = CARTESIAN_POINT('',(47.853347213657,5.294230669385,-27.25));
#4044 = LINE('',#4045,#4046);
#4045 = CARTESIAN_POINT('',(22.436772717568,5.294230669385,-27.25));
#4046 = VECTOR('',#4047,1.);
#4047 = DIRECTION('',(1.,0.,0.));
#4048 = ORIENTED_EDGE('',*,*,#4049,.T.);
#4049 = EDGE_CURVE('',#4042,#4050,#4052,.T.);
#4050 = VERTEX_POINT('',#4051);
#4051 = CARTESIAN_POINT('',(44.873545435135,4.280511174453,-27.25));
#4052 = LINE('',#4053,#4054);
#4053 = CARTESIAN_POINT('',(25.60143512988,-2.275802089644,-27.25));
#4054 = VECTOR('',#4055,1.);
#4055 = DIRECTION('',(-0.94671590243,-0.322069868329,0.));
#4056 = ORIENTED_EDGE('',*,*,#4057,.T.);
#4057 = EDGE_CURVE('',#4050,#4058,#4060,.T.);
#4058 = VERTEX_POINT('',#4059);
#4059 = CARTESIAN_POINT('',(44.873545435135,3.864352644955,-27.25));
#4060 = LINE('',#4061,#4062);
#4061 = CARTESIAN_POINT('',(44.873545435135,2.140255587227,-27.25));
#4062 = VECTOR('',#4063,1.);
#4063 = DIRECTION('',(0.,-1.,0.));
#4064 = ORIENTED_EDGE('',*,*,#4065,.T.);
#4065 = EDGE_CURVE('',#4058,#4066,#4068,.T.);
#4066 = VERTEX_POINT('',#4067);
#4067 = CARTESIAN_POINT('',(47.802661238911,2.842630101379,-27.25));
#4068 = LINE('',#4069,#4070);
#4069 = CARTESIAN_POINT('',(25.471450550525,10.632114339677,-27.25));
#4070 = VECTOR('',#4071,1.);
#4071 = DIRECTION('',(0.944206400658,-0.32935432737,0.));
#4072 = ORIENTED_EDGE('',*,*,#4073,.T.);
#4073 = EDGE_CURVE('',#4066,#4074,#4076,.T.);
#4074 = VERTEX_POINT('',#4075);
#4075 = CARTESIAN_POINT('',(44.873545435135,2.842630101379,-27.25));
#4076 = LINE('',#4077,#4078);
#4077 = CARTESIAN_POINT('',(23.901330619455,2.842630101379,-27.25));
#4078 = VECTOR('',#4079,1.);
#4079 = DIRECTION('',(-1.,0.,0.));
#4080 = ORIENTED_EDGE('',*,*,#4081,.T.);
#4081 = EDGE_CURVE('',#4074,#4082,#4084,.T.);
#4082 = VERTEX_POINT('',#4083);
#4083 = CARTESIAN_POINT('',(44.873545435135,2.397127060185,-27.25));
#4084 = LINE('',#4085,#4086);
#4085 = CARTESIAN_POINT('',(44.873545435135,1.42131505069,-27.25));
#4086 = VECTOR('',#4087,1.);
#4087 = DIRECTION('',(0.,-1.,0.));
#4088 = ORIENTED_EDGE('',*,*,#4089,.T.);
#4089 = EDGE_CURVE('',#4082,#4090,#4092,.T.);
#4090 = VERTEX_POINT('',#4091);
#4091 = CARTESIAN_POINT('',(48.37354537553,2.397127060185,-27.25));
#4092 = LINE('',#4093,#4094);
#4093 = CARTESIAN_POINT('',(22.436772717568,2.397127060185,-27.25));
#4094 = VECTOR('',#4095,1.);
#4095 = DIRECTION('',(1.,0.,0.));
#4096 = ORIENTED_EDGE('',*,*,#4097,.T.);
#4097 = EDGE_CURVE('',#4090,#4098,#4100,.T.);
#4098 = VERTEX_POINT('',#4099);
#4099 = CARTESIAN_POINT('',(48.37354537553,3.018697171551,-27.25));
#4100 = LINE('',#4101,#4102);
#4101 = CARTESIAN_POINT('',(48.37354537553,1.198563530093,-27.25));
#4102 = VECTOR('',#4103,1.);
#4103 = DIRECTION('',(0.,1.,0.));
#4104 = ORIENTED_EDGE('',*,*,#4105,.T.);
#4105 = EDGE_CURVE('',#4098,#4106,#4108,.T.);
#4106 = VERTEX_POINT('',#4107);
#4107 = CARTESIAN_POINT('',(45.937950904813,3.859017279192,-27.25));
#4108 = LINE('',#4109,#4110);
#4109 = CARTESIAN_POINT('',(27.22497150387,10.315302614676,-27.25));
#4110 = VECTOR('',#4111,1.);
#4111 = DIRECTION('',(-0.945317952354,0.326150224525,0.));
#4112 = ORIENTED_EDGE('',*,*,#4113,.T.);
#4113 = EDGE_CURVE('',#4106,#4114,#4116,.T.);
#4114 = VERTEX_POINT('',#4115);
#4115 = CARTESIAN_POINT('',(45.377737499719,4.04575508089,-27.25));
#4116 = B_SPLINE_CURVE_WITH_KNOTS('',3,(#4117,#4118,#4119,#4120),
  .UNSPECIFIED.,.F.,.F.,(4,4),(-5.725816535002E-02,0.),
  .PIECEWISE_BEZIER_KNOTS.);
#4117 = CARTESIAN_POINT('',(45.937950904813,3.859017279192,-27.25));
#4118 = CARTESIAN_POINT('',(45.69074562447,3.944383131397,-27.25));
#4119 = CARTESIAN_POINT('',(45.504007822772,4.006629065296,-27.25));
#4120 = CARTESIAN_POINT('',(45.377737499719,4.04575508089,-27.25));
#4121 = ORIENTED_EDGE('',*,*,#4122,.T.);
#4122 = EDGE_CURVE('',#4114,#4123,#4125,.T.);
#4123 = VERTEX_POINT('',#4124);
#4124 = CARTESIAN_POINT('',(45.895267978711,4.213819102418,-27.25));
#4125 = B_SPLINE_CURVE_WITH_KNOTS('',3,(#4126,#4127,#4128,#4129),
  .UNSPECIFIED.,.F.,.F.,(4,4),(-5.215290842922E-02,0.),
  .PIECEWISE_BEZIER_KNOTS.);
#4126 = CARTESIAN_POINT('',(45.377737499719,4.04575508089,-27.25));
#4127 = CARTESIAN_POINT('',(45.491558635992,4.081324185975,-27.25));
#4128 = CARTESIAN_POINT('',(45.664068795656,4.137345526485,-27.25));
#4129 = CARTESIAN_POINT('',(45.895267978711,4.213819102418,-27.25));
#4130 = ORIENTED_EDGE('',*,*,#4131,.T.);
#4131 = EDGE_CURVE('',#4123,#4132,#4134,.T.);
#4132 = VERTEX_POINT('',#4133);
#4133 = CARTESIAN_POINT('',(48.37354537553,5.043468478533,-27.25));
#4134 = LINE('',#4135,#4136);
#4135 = CARTESIAN_POINT('',(24.625958309821,-2.906477245294,-27.25));
#4136 = VECTOR('',#4137,1.);
#4137 = DIRECTION('',(0.948274208379,0.317452399145,0.));
#4138 = ORIENTED_EDGE('',*,*,#4139,.T.);
#4139 = EDGE_CURVE('',#4132,#4140,#4142,.T.);
#4140 = VERTEX_POINT('',#4141);
#4141 = CARTESIAN_POINT('',(48.37354537553,5.739733710578,-27.25));
#4142 = LINE('',#4143,#4144);
#4143 = CARTESIAN_POINT('',(48.37354537553,2.521734239267,-27.25));
#4144 = VECTOR('',#4145,1.);
#4145 = DIRECTION('',(0.,1.,0.));
#4146 = ORIENTED_EDGE('',*,*,#4147,.T.);
#4147 = EDGE_CURVE('',#4140,#4032,#4148,.T.);
#4148 = LINE('',#4149,#4150);
#4149 = CARTESIAN_POINT('',(24.186772687765,5.739733710578,-27.25));
#4150 = VECTOR('',#4151,1.);
#4151 = DIRECTION('',(-1.,0.,0.));
#4152 = PLANE('',#4153);
#4153 = AXIS2_PLACEMENT_3D('',#4154,#4155,#4156);
#4154 = CARTESIAN_POINT('',(-5.551115123126E-16,-2.314121116953E-14,
    -27.25));
#4155 = DIRECTION('',(0.,0.,1.));
#4156 = DIRECTION('',(1.,0.,-0.));
#4157 = ADVANCED_FACE('',(#4158),#4174,.T.);
#4158 = FACE_BOUND('',#4159,.T.);
#4159 = EDGE_LOOP('',(#4160,#4161,#4167,#4168));
#4160 = ORIENTED_EDGE('',*,*,#4089,.F.);
#4161 = ORIENTED_EDGE('',*,*,#4162,.T.);
#4162 = EDGE_CURVE('',#4082,#1402,#4163,.T.);
#4163 = LINE('',#4164,#4165);
#4164 = CARTESIAN_POINT('',(44.873545435135,2.397127060185,
    139.22127162309));
#4165 = VECTOR('',#4166,1.);
#4166 = DIRECTION('',(0.,0.,-1.));
#4167 = ORIENTED_EDGE('',*,*,#1399,.F.);
#4168 = ORIENTED_EDGE('',*,*,#4169,.F.);
#4169 = EDGE_CURVE('',#4090,#1400,#4170,.T.);
#4170 = LINE('',#4171,#4172);
#4171 = CARTESIAN_POINT('',(48.37354537553,2.397127060185,
    139.22127162309));
#4172 = VECTOR('',#4173,1.);
#4173 = DIRECTION('',(0.,0.,-1.));
#4174 = PLANE('',#4175);
#4175 = AXIS2_PLACEMENT_3D('',#4176,#4177,#4178);
#4176 = CARTESIAN_POINT('',(44.873545435135,2.397127060185,
    139.22127162309));
#4177 = DIRECTION('',(0.,-1.,0.));
#4178 = DIRECTION('',(0.,0.,-1.));
#4179 = ADVANCED_FACE('',(#4180),#4191,.T.);
#4180 = FACE_BOUND('',#4181,.T.);
#4181 = EDGE_LOOP('',(#4182,#4183,#4189,#4190));
#4182 = ORIENTED_EDGE('',*,*,#4081,.F.);
#4183 = ORIENTED_EDGE('',*,*,#4184,.T.);
#4184 = EDGE_CURVE('',#4074,#1410,#4185,.T.);
#4185 = LINE('',#4186,#4187);
#4186 = CARTESIAN_POINT('',(44.873545435135,2.842630101379,
    139.22127162309));
#4187 = VECTOR('',#4188,1.);
#4188 = DIRECTION('',(0.,0.,-1.));
#4189 = ORIENTED_EDGE('',*,*,#1409,.F.);
#4190 = ORIENTED_EDGE('',*,*,#4162,.F.);
#4191 = PLANE('',#4192);
#4192 = AXIS2_PLACEMENT_3D('',#4193,#4194,#4195);
#4193 = CARTESIAN_POINT('',(44.873545435135,2.842630101379,
    139.22127162309));
#4194 = DIRECTION('',(-1.,0.,0.));
#4195 = DIRECTION('',(0.,0.,1.));
#4196 = ADVANCED_FACE('',(#4197),#4208,.T.);
#4197 = FACE_BOUND('',#4198,.T.);
#4198 = EDGE_LOOP('',(#4199,#4200,#4206,#4207));
#4199 = ORIENTED_EDGE('',*,*,#4073,.F.);
#4200 = ORIENTED_EDGE('',*,*,#4201,.T.);
#4201 = EDGE_CURVE('',#4066,#1418,#4202,.T.);
#4202 = LINE('',#4203,#4204);
#4203 = CARTESIAN_POINT('',(47.802661238911,2.842630101379,
    139.22127162309));
#4204 = VECTOR('',#4205,1.);
#4205 = DIRECTION('',(0.,0.,-1.));
#4206 = ORIENTED_EDGE('',*,*,#1417,.F.);
#4207 = ORIENTED_EDGE('',*,*,#4184,.F.);
#4208 = PLANE('',#4209);
#4209 = AXIS2_PLACEMENT_3D('',#4210,#4211,#4212);
#4210 = CARTESIAN_POINT('',(47.802661238911,2.842630101379,
    139.22127162309));
#4211 = DIRECTION('',(0.,1.,0.));
#4212 = DIRECTION('',(0.,-0.,1.));
#4213 = ADVANCED_FACE('',(#4214),#4225,.T.);
#4214 = FACE_BOUND('',#4215,.T.);
#4215 = EDGE_LOOP('',(#4216,#4217,#4223,#4224));
#4216 = ORIENTED_EDGE('',*,*,#4065,.F.);
#4217 = ORIENTED_EDGE('',*,*,#4218,.T.);
#4218 = EDGE_CURVE('',#4058,#1426,#4219,.T.);
#4219 = LINE('',#4220,#4221);
#4220 = CARTESIAN_POINT('',(44.873545435135,3.864352644955,
    139.22127162309));
#4221 = VECTOR('',#4222,1.);
#4222 = DIRECTION('',(0.,0.,-1.));
#4223 = ORIENTED_EDGE('',*,*,#1425,.F.);
#4224 = ORIENTED_EDGE('',*,*,#4201,.F.);
#4225 = PLANE('',#4226);
#4226 = AXIS2_PLACEMENT_3D('',#4227,#4228,#4229);
#4227 = CARTESIAN_POINT('',(44.873545435135,3.864352644955,
    139.22127162309));
#4228 = DIRECTION('',(-0.32935432737,-0.944206400658,0.));
#4229 = DIRECTION('',(-0.,0.,-1.));
#4230 = ADVANCED_FACE('',(#4231),#4242,.T.);
#4231 = FACE_BOUND('',#4232,.T.);
#4232 = EDGE_LOOP('',(#4233,#4234,#4240,#4241));
#4233 = ORIENTED_EDGE('',*,*,#4057,.F.);
#4234 = ORIENTED_EDGE('',*,*,#4235,.T.);
#4235 = EDGE_CURVE('',#4050,#1434,#4236,.T.);
#4236 = LINE('',#4237,#4238);
#4237 = CARTESIAN_POINT('',(44.873545435135,4.280511174453,
    139.22127162309));
#4238 = VECTOR('',#4239,1.);
#4239 = DIRECTION('',(0.,0.,-1.));
#4240 = ORIENTED_EDGE('',*,*,#1433,.F.);
#4241 = ORIENTED_EDGE('',*,*,#4218,.F.);
#4242 = PLANE('',#4243);
#4243 = AXIS2_PLACEMENT_3D('',#4244,#4245,#4246);
#4244 = CARTESIAN_POINT('',(44.873545435135,4.280511174453,
    139.22127162309));
#4245 = DIRECTION('',(-1.,0.,0.));
#4246 = DIRECTION('',(0.,0.,1.));
#4247 = ADVANCED_FACE('',(#4248),#4259,.T.);
#4248 = FACE_BOUND('',#4249,.T.);
#4249 = EDGE_LOOP('',(#4250,#4251,#4257,#4258));
#4250 = ORIENTED_EDGE('',*,*,#4049,.F.);
#4251 = ORIENTED_EDGE('',*,*,#4252,.T.);
#4252 = EDGE_CURVE('',#4042,#1442,#4253,.T.);
#4253 = LINE('',#4254,#4255);
#4254 = CARTESIAN_POINT('',(47.853347213657,5.294230669385,
    139.22127162309));
#4255 = VECTOR('',#4256,1.);
#4256 = DIRECTION('',(0.,0.,-1.));
#4257 = ORIENTED_EDGE('',*,*,#1441,.F.);
#4258 = ORIENTED_EDGE('',*,*,#4235,.F.);
#4259 = PLANE('',#4260);
#4260 = AXIS2_PLACEMENT_3D('',#4261,#4262,#4263);
#4261 = CARTESIAN_POINT('',(47.853347213657,5.294230669385,
    139.22127162309));
#4262 = DIRECTION('',(-0.322069868329,0.94671590243,0.));
#4263 = DIRECTION('',(0.,0.,1.));
#4264 = ADVANCED_FACE('',(#4265),#4276,.T.);
#4265 = FACE_BOUND('',#4266,.T.);
#4266 = EDGE_LOOP('',(#4267,#4268,#4274,#4275));
#4267 = ORIENTED_EDGE('',*,*,#4041,.F.);
#4268 = ORIENTED_EDGE('',*,*,#4269,.T.);
#4269 = EDGE_CURVE('',#4034,#1450,#4270,.T.);
#4270 = LINE('',#4271,#4272);
#4271 = CARTESIAN_POINT('',(44.873545435135,5.294230669385,
    139.22127162309));
#4272 = VECTOR('',#4273,1.);
#4273 = DIRECTION('',(0.,0.,-1.));
#4274 = ORIENTED_EDGE('',*,*,#1449,.F.);
#4275 = ORIENTED_EDGE('',*,*,#4252,.F.);
#4276 = PLANE('',#4277);
#4277 = AXIS2_PLACEMENT_3D('',#4278,#4279,#4280);
#4278 = CARTESIAN_POINT('',(44.873545435135,5.294230669385,
    139.22127162309));
#4279 = DIRECTION('',(0.,-1.,0.));
#4280 = DIRECTION('',(0.,0.,-1.));
#4281 = ADVANCED_FACE('',(#4282),#4293,.T.);
#4282 = FACE_BOUND('',#4283,.T.);
#4283 = EDGE_LOOP('',(#4284,#4285,#4291,#4292));
#4284 = ORIENTED_EDGE('',*,*,#4031,.F.);
#4285 = ORIENTED_EDGE('',*,*,#4286,.T.);
#4286 = EDGE_CURVE('',#4032,#1458,#4287,.T.);
#4287 = LINE('',#4288,#4289);
#4288 = CARTESIAN_POINT('',(44.873545435135,5.739733710578,
    139.22127162309));
#4289 = VECTOR('',#4290,1.);
#4290 = DIRECTION('',(0.,0.,-1.));
#4291 = ORIENTED_EDGE('',*,*,#1457,.F.);
#4292 = ORIENTED_EDGE('',*,*,#4269,.F.);
#4293 = PLANE('',#4294);
#4294 = AXIS2_PLACEMENT_3D('',#4295,#4296,#4297);
#4295 = CARTESIAN_POINT('',(44.873545435135,5.739733710578,
    139.22127162309));
#4296 = DIRECTION('',(-1.,0.,0.));
#4297 = DIRECTION('',(0.,0.,1.));
#4298 = ADVANCED_FACE('',(#4299),#4310,.T.);
#4299 = FACE_BOUND('',#4300,.T.);
#4300 = EDGE_LOOP('',(#4301,#4302,#4303,#4304));
#4301 = ORIENTED_EDGE('',*,*,#4097,.F.);
#4302 = ORIENTED_EDGE('',*,*,#4169,.T.);
#4303 = ORIENTED_EDGE('',*,*,#1513,.F.);
#4304 = ORIENTED_EDGE('',*,*,#4305,.F.);
#4305 = EDGE_CURVE('',#4098,#1506,#4306,.T.);
#4306 = LINE('',#4307,#4308);
#4307 = CARTESIAN_POINT('',(48.37354537553,3.018697171551,
    139.22127162309));
#4308 = VECTOR('',#4309,1.);
#4309 = DIRECTION('',(0.,0.,-1.));
#4310 = PLANE('',#4311);
#4311 = AXIS2_PLACEMENT_3D('',#4312,#4313,#4314);
#4312 = CARTESIAN_POINT('',(48.37354537553,2.397127060185,
    139.22127162309));
#4313 = DIRECTION('',(1.,0.,0.));
#4314 = DIRECTION('',(0.,0.,-1.));
#4315 = ADVANCED_FACE('',(#4316),#4327,.T.);
#4316 = FACE_BOUND('',#4317,.T.);
#4317 = EDGE_LOOP('',(#4318,#4319,#4320,#4321));
#4318 = ORIENTED_EDGE('',*,*,#4105,.F.);
#4319 = ORIENTED_EDGE('',*,*,#4305,.T.);
#4320 = ORIENTED_EDGE('',*,*,#1505,.F.);
#4321 = ORIENTED_EDGE('',*,*,#4322,.F.);
#4322 = EDGE_CURVE('',#4106,#1498,#4323,.T.);
#4323 = LINE('',#4324,#4325);
#4324 = CARTESIAN_POINT('',(45.937950904813,3.859017279192,
    139.22127162309));
#4325 = VECTOR('',#4326,1.);
#4326 = DIRECTION('',(0.,0.,-1.));
#4327 = PLANE('',#4328);
#4328 = AXIS2_PLACEMENT_3D('',#4329,#4330,#4331);
#4329 = CARTESIAN_POINT('',(48.37354537553,3.018697171551,
    139.22127162309));
#4330 = DIRECTION('',(0.326150224525,0.945317952354,0.));
#4331 = DIRECTION('',(0.,-0.,1.));
#4332 = ADVANCED_FACE('',(#4333),#4344,.T.);
#4333 = FACE_BOUND('',#4334,.T.);
#4334 = EDGE_LOOP('',(#4335,#4336,#4337,#4338));
#4335 = ORIENTED_EDGE('',*,*,#4113,.F.);
#4336 = ORIENTED_EDGE('',*,*,#4322,.T.);
#4337 = ORIENTED_EDGE('',*,*,#1497,.F.);
#4338 = ORIENTED_EDGE('',*,*,#4339,.F.);
#4339 = EDGE_CURVE('',#4114,#1490,#4340,.T.);
#4340 = LINE('',#4341,#4342);
#4341 = CARTESIAN_POINT('',(45.377737499719,4.04575508089,
    139.22127162309));
#4342 = VECTOR('',#4343,1.);
#4343 = DIRECTION('',(0.,0.,-1.));
#4344 = B_SPLINE_SURFACE_WITH_KNOTS('',2,1,(
    (#4345,#4346)
    ,(#4347,#4348)
    ,(#4349,#4350
    )),.UNSPECIFIED.,.F.,.F.,.F.,(3,3),(2,2),(0.,1.),(0.,30.994354324618
    ),.PIECEWISE_BEZIER_KNOTS.);
#4345 = CARTESIAN_POINT('',(45.377737499719,4.04575508089,
    139.22127162309));
#4346 = CARTESIAN_POINT('',(45.377737499719,4.04575508089,-170.722271623
    ));
#4347 = CARTESIAN_POINT('',(45.567142984299,3.987066057499,
    139.22127162309));
#4348 = CARTESIAN_POINT('',(45.567142984299,3.987066057499,
    -170.722271623));
#4349 = CARTESIAN_POINT('',(45.937950904813,3.859017279192,
    139.22127162309));
#4350 = CARTESIAN_POINT('',(45.937950904813,3.859017279192,
    -170.722271623));
#4351 = ADVANCED_FACE('',(#4352),#4363,.T.);
#4352 = FACE_BOUND('',#4353,.T.);
#4353 = EDGE_LOOP('',(#4354,#4355,#4356,#4357));
#4354 = ORIENTED_EDGE('',*,*,#4122,.F.);
#4355 = ORIENTED_EDGE('',*,*,#4339,.T.);
#4356 = ORIENTED_EDGE('',*,*,#1489,.F.);
#4357 = ORIENTED_EDGE('',*,*,#4358,.F.);
#4358 = EDGE_CURVE('',#4123,#1482,#4359,.T.);
#4359 = LINE('',#4360,#4361);
#4360 = CARTESIAN_POINT('',(45.895267978711,4.213819102418,
    139.22127162309));
#4361 = VECTOR('',#4362,1.);
#4362 = DIRECTION('',(0.,0.,-1.));
#4363 = B_SPLINE_SURFACE_WITH_KNOTS('',2,1,(
    (#4364,#4365)
    ,(#4366,#4367)
    ,(#4368,#4369
    )),.UNSPECIFIED.,.F.,.F.,.F.,(3,3),(2,2),(0.,1.),(0.,30.994354324618
    ),.PIECEWISE_BEZIER_KNOTS.);
#4364 = CARTESIAN_POINT('',(45.895267978711,4.213819102418,
    139.22127162309));
#4365 = CARTESIAN_POINT('',(45.895267978711,4.213819102418,
    -170.722271623));
#4366 = CARTESIAN_POINT('',(45.548469204129,4.099108738518,
    139.22127162309));
#4367 = CARTESIAN_POINT('',(45.548469204129,4.099108738518,
    -170.722271623));
#4368 = CARTESIAN_POINT('',(45.377737499719,4.04575508089,
    139.22127162309));
#4369 = CARTESIAN_POINT('',(45.377737499719,4.04575508089,-170.722271623
    ));
#4370 = ADVANCED_FACE('',(#4371),#4382,.T.);
#4371 = FACE_BOUND('',#4372,.T.);
#4372 = EDGE_LOOP('',(#4373,#4374,#4375,#4376));
#4373 = ORIENTED_EDGE('',*,*,#4131,.F.);
#4374 = ORIENTED_EDGE('',*,*,#4358,.T.);
#4375 = ORIENTED_EDGE('',*,*,#1481,.F.);
#4376 = ORIENTED_EDGE('',*,*,#4377,.F.);
#4377 = EDGE_CURVE('',#4132,#1474,#4378,.T.);
#4378 = LINE('',#4379,#4380);
#4379 = CARTESIAN_POINT('',(48.37354537553,5.043468478533,
    139.22127162309));
#4380 = VECTOR('',#4381,1.);
#4381 = DIRECTION('',(0.,0.,-1.));
#4382 = PLANE('',#4383);
#4383 = AXIS2_PLACEMENT_3D('',#4384,#4385,#4386);
#4384 = CARTESIAN_POINT('',(45.895267978711,4.213819102418,
    139.22127162309));
#4385 = DIRECTION('',(0.317452399145,-0.948274208379,0.));
#4386 = DIRECTION('',(0.,0.,-1.));
#4387 = ADVANCED_FACE('',(#4388),#4399,.T.);
#4388 = FACE_BOUND('',#4389,.T.);
#4389 = EDGE_LOOP('',(#4390,#4391,#4392,#4393));
#4390 = ORIENTED_EDGE('',*,*,#4139,.F.);
#4391 = ORIENTED_EDGE('',*,*,#4377,.T.);
#4392 = ORIENTED_EDGE('',*,*,#1473,.F.);
#4393 = ORIENTED_EDGE('',*,*,#4394,.F.);
#4394 = EDGE_CURVE('',#4140,#1466,#4395,.T.);
#4395 = LINE('',#4396,#4397);
#4396 = CARTESIAN_POINT('',(48.37354537553,5.739733710578,
    139.22127162309));
#4397 = VECTOR('',#4398,1.);
#4398 = DIRECTION('',(0.,0.,-1.));
#4399 = PLANE('',#4400);
#4400 = AXIS2_PLACEMENT_3D('',#4401,#4402,#4403);
#4401 = CARTESIAN_POINT('',(48.37354537553,5.043468478533,
    139.22127162309));
#4402 = DIRECTION('',(1.,0.,0.));
#4403 = DIRECTION('',(0.,0.,-1.));
#4404 = ADVANCED_FACE('',(#4405),#4411,.T.);
#4405 = FACE_BOUND('',#4406,.T.);
#4406 = EDGE_LOOP('',(#4407,#4408,#4409,#4410));
#4407 = ORIENTED_EDGE('',*,*,#4147,.F.);
#4408 = ORIENTED_EDGE('',*,*,#4394,.T.);
#4409 = ORIENTED_EDGE('',*,*,#1465,.F.);
#4410 = ORIENTED_EDGE('',*,*,#4286,.F.);
#4411 = PLANE('',#4412);
#4412 = AXIS2_PLACEMENT_3D('',#4413,#4414,#4415);
#4413 = CARTESIAN_POINT('',(48.37354537553,5.739733710578,
    139.22127162309));
#4414 = DIRECTION('',(0.,1.,0.));
#4415 = DIRECTION('',(0.,-0.,1.));
#4416 = ADVANCED_FACE('',(#4417),#4541,.T.);
#4417 = FACE_BOUND('',#4418,.T.);
#4418 = EDGE_LOOP('',(#4419,#4429,#4437,#4445,#4453,#4461,#4469,#4477,
    #4485,#4493,#4501,#4510,#4519,#4527,#4535));
#4419 = ORIENTED_EDGE('',*,*,#4420,.T.);
#4420 = EDGE_CURVE('',#4421,#4423,#4425,.T.);
#4421 = VERTEX_POINT('',#4422);
#4422 = CARTESIAN_POINT('',(44.873545435135,1.666181950682,-27.25));
#4423 = VERTEX_POINT('',#4424);
#4424 = CARTESIAN_POINT('',(44.873545435135,1.220678909489,-27.25));
#4425 = LINE('',#4426,#4427);
#4426 = CARTESIAN_POINT('',(44.873545435135,0.833090975341,-27.25));
#4427 = VECTOR('',#4428,1.);
#4428 = DIRECTION('',(0.,-1.,0.));
#4429 = ORIENTED_EDGE('',*,*,#4430,.T.);
#4430 = EDGE_CURVE('',#4423,#4431,#4433,.T.);
#4431 = VERTEX_POINT('',#4432);
#4432 = CARTESIAN_POINT('',(47.853347213657,1.220678909489,-27.25));
#4433 = LINE('',#4434,#4435);
#4434 = CARTESIAN_POINT('',(22.436772717568,1.220678909489,-27.25));
#4435 = VECTOR('',#4436,1.);
#4436 = DIRECTION('',(1.,4.657285564376E-17,0.));
#4437 = ORIENTED_EDGE('',*,*,#4438,.T.);
#4438 = EDGE_CURVE('',#4431,#4439,#4441,.T.);
#4439 = VERTEX_POINT('',#4440);
#4440 = CARTESIAN_POINT('',(44.873545435135,0.206959414557,-27.25));
#4441 = LINE('',#4442,#4443);
#4442 = CARTESIAN_POINT('',(26.222465746459,-6.138081124115,-27.25));
#4443 = VECTOR('',#4444,1.);
#4444 = DIRECTION('',(-0.94671590243,-0.322069868329,0.));
#4445 = ORIENTED_EDGE('',*,*,#4446,.T.);
#4446 = EDGE_CURVE('',#4439,#4447,#4449,.T.);
#4447 = VERTEX_POINT('',#4448);
#4448 = CARTESIAN_POINT('',(44.873545435135,-0.209199114941,-27.25));
#4449 = LINE('',#4450,#4451);
#4450 = CARTESIAN_POINT('',(44.873545435135,0.103479707278,-27.25));
#4451 = VECTOR('',#4452,1.);
#4452 = DIRECTION('',(0.,-1.,0.));
#4453 = ORIENTED_EDGE('',*,*,#4454,.T.);
#4454 = EDGE_CURVE('',#4447,#4455,#4457,.T.);
#4455 = VERTEX_POINT('',#4456);
#4456 = CARTESIAN_POINT('',(47.802661238911,-1.230921658517,-27.25));
#4457 = LINE('',#4458,#4459);
#4458 = CARTESIAN_POINT('',(24.838057115894,6.779500362535,-27.25));
#4459 = VECTOR('',#4460,1.);
#4460 = DIRECTION('',(0.944206400658,-0.32935432737,0.));
#4461 = ORIENTED_EDGE('',*,*,#4462,.T.);
#4462 = EDGE_CURVE('',#4455,#4463,#4465,.T.);
#4463 = VERTEX_POINT('',#4464);
#4464 = CARTESIAN_POINT('',(44.873545435135,-1.230921658517,-27.25));
#4465 = LINE('',#4466,#4467);
#4466 = CARTESIAN_POINT('',(23.901330619455,-1.230921658517,-27.25));
#4467 = VECTOR('',#4468,1.);
#4468 = DIRECTION('',(-1.,-4.737876116036E-17,0.));
#4469 = ORIENTED_EDGE('',*,*,#4470,.T.);
#4470 = EDGE_CURVE('',#4463,#4471,#4473,.T.);
#4471 = VERTEX_POINT('',#4472);
#4472 = CARTESIAN_POINT('',(44.873545435135,-1.676424699711,-27.25));
#4473 = LINE('',#4474,#4475);
#4474 = CARTESIAN_POINT('',(44.873545435135,-0.615460829259,-27.25));
#4475 = VECTOR('',#4476,1.);
#4476 = DIRECTION('',(0.,-1.,0.));
#4477 = ORIENTED_EDGE('',*,*,#4478,.T.);
#4478 = EDGE_CURVE('',#4471,#4479,#4481,.T.);
#4479 = VERTEX_POINT('',#4480);
#4480 = CARTESIAN_POINT('',(48.37354537553,-1.676424699711,-27.25));
#4481 = LINE('',#4482,#4483);
#4482 = CARTESIAN_POINT('',(22.436772717568,-1.676424699711,-27.25));
#4483 = VECTOR('',#4484,1.);
#4484 = DIRECTION('',(1.,0.,0.));
#4485 = ORIENTED_EDGE('',*,*,#4486,.T.);
#4486 = EDGE_CURVE('',#4479,#4487,#4489,.T.);
#4487 = VERTEX_POINT('',#4488);
#4488 = CARTESIAN_POINT('',(48.37354537553,-1.054854588345,-27.25));
#4489 = LINE('',#4490,#4491);
#4490 = CARTESIAN_POINT('',(48.37354537553,-0.838212349855,-27.25));
#4491 = VECTOR('',#4492,1.);
#4492 = DIRECTION('',(0.,1.,0.));
#4493 = ORIENTED_EDGE('',*,*,#4494,.T.);
#4494 = EDGE_CURVE('',#4487,#4495,#4497,.T.);
#4495 = VERTEX_POINT('',#4496);
#4496 = CARTESIAN_POINT('',(45.937950904813,-0.214534480704,-27.25));
#4497 = LINE('',#4498,#4499);
#4498 = CARTESIAN_POINT('',(26.597001599268,6.458410789008,-27.25));
#4499 = VECTOR('',#4500,1.);
#4500 = DIRECTION('',(-0.945317952354,0.326150224525,0.));
#4501 = ORIENTED_EDGE('',*,*,#4502,.T.);
#4502 = EDGE_CURVE('',#4495,#4503,#4505,.T.);
#4503 = VERTEX_POINT('',#4504);
#4504 = CARTESIAN_POINT('',(45.377737499719,-2.779667900618E-02,-27.25)
  );
#4505 = B_SPLINE_CURVE_WITH_KNOTS('',3,(#4506,#4507,#4508,#4509),
  .UNSPECIFIED.,.F.,.F.,(4,4),(-5.725816535001E-02,0.),
  .PIECEWISE_BEZIER_KNOTS.);
#4506 = CARTESIAN_POINT('',(45.937950904813,-0.214534480704,-27.25));
#4507 = CARTESIAN_POINT('',(45.69074562447,-0.129168628499,-27.25));
#4508 = CARTESIAN_POINT('',(45.504007822772,-6.692269460003E-02,-27.25)
  );
#4509 = CARTESIAN_POINT('',(45.377737499719,-2.779667900618E-02,-27.25)
  );
#4510 = ORIENTED_EDGE('',*,*,#4511,.T.);
#4511 = EDGE_CURVE('',#4503,#4512,#4514,.T.);
#4512 = VERTEX_POINT('',#4513);
#4513 = CARTESIAN_POINT('',(45.895267978711,0.140267342522,-27.25));
#4514 = B_SPLINE_CURVE_WITH_KNOTS('',3,(#4515,#4516,#4517,#4518),
  .UNSPECIFIED.,.F.,.F.,(4,4),(-5.215290842936E-02,0.),
  .PIECEWISE_BEZIER_KNOTS.);
#4515 = CARTESIAN_POINT('',(45.377737499719,-2.779667900618E-02,-27.25)
  );
#4516 = CARTESIAN_POINT('',(45.491558635992,7.772426079141E-03,-27.25));
#4517 = CARTESIAN_POINT('',(45.664068795656,6.379376658852E-02,-27.25));
#4518 = CARTESIAN_POINT('',(45.895267978711,0.140267342522,-27.25));
#4519 = ORIENTED_EDGE('',*,*,#4520,.T.);
#4520 = EDGE_CURVE('',#4512,#4521,#4523,.T.);
#4521 = VERTEX_POINT('',#4522);
#4522 = CARTESIAN_POINT('',(48.37354537553,0.969916718637,-27.25));
#4523 = LINE('',#4524,#4525);
#4524 = CARTESIAN_POINT('',(25.239092868658,-6.774770826721,-27.25));
#4525 = VECTOR('',#4526,1.);
#4526 = DIRECTION('',(0.948274208379,0.317452399145,0.));
#4527 = ORIENTED_EDGE('',*,*,#4528,.T.);
#4528 = EDGE_CURVE('',#4521,#4529,#4531,.T.);
#4529 = VERTEX_POINT('',#4530);
#4530 = CARTESIAN_POINT('',(48.37354537553,1.666181950682,-27.25));
#4531 = LINE('',#4532,#4533);
#4532 = CARTESIAN_POINT('',(48.37354537553,0.484958359318,-27.25));
#4533 = VECTOR('',#4534,1.);
#4534 = DIRECTION('',(0.,1.,0.));
#4535 = ORIENTED_EDGE('',*,*,#4536,.T.);
#4536 = EDGE_CURVE('',#4529,#4421,#4537,.T.);
#4537 = LINE('',#4538,#4539);
#4538 = CARTESIAN_POINT('',(24.186772687765,1.666181950682,-27.25));
#4539 = VECTOR('',#4540,1.);
#4540 = DIRECTION('',(-1.,0.,0.));
#4541 = PLANE('',#4542);
#4542 = AXIS2_PLACEMENT_3D('',#4543,#4544,#4545);
#4543 = CARTESIAN_POINT('',(-5.551115123126E-16,-2.314121116953E-14,
    -27.25));
#4544 = DIRECTION('',(0.,0.,1.));
#4545 = DIRECTION('',(1.,0.,-0.));
#4546 = ADVANCED_FACE('',(#4547),#4563,.T.);
#4547 = FACE_BOUND('',#4548,.T.);
#4548 = EDGE_LOOP('',(#4549,#4550,#4556,#4557));
#4549 = ORIENTED_EDGE('',*,*,#4478,.F.);
#4550 = ORIENTED_EDGE('',*,*,#4551,.T.);
#4551 = EDGE_CURVE('',#4471,#1524,#4552,.T.);
#4552 = LINE('',#4553,#4554);
#4553 = CARTESIAN_POINT('',(44.873545435135,-1.676424699711,
    139.22127162309));
#4554 = VECTOR('',#4555,1.);
#4555 = DIRECTION('',(0.,0.,-1.));
#4556 = ORIENTED_EDGE('',*,*,#1521,.F.);
#4557 = ORIENTED_EDGE('',*,*,#4558,.F.);
#4558 = EDGE_CURVE('',#4479,#1522,#4559,.T.);
#4559 = LINE('',#4560,#4561);
#4560 = CARTESIAN_POINT('',(48.37354537553,-1.676424699711,
    139.22127162309));
#4561 = VECTOR('',#4562,1.);
#4562 = DIRECTION('',(0.,0.,-1.));
#4563 = PLANE('',#4564);
#4564 = AXIS2_PLACEMENT_3D('',#4565,#4566,#4567);
#4565 = CARTESIAN_POINT('',(44.873545435135,-1.676424699711,
    139.22127162309));
#4566 = DIRECTION('',(0.,-1.,0.));
#4567 = DIRECTION('',(0.,0.,-1.));
#4568 = ADVANCED_FACE('',(#4569),#4580,.T.);
#4569 = FACE_BOUND('',#4570,.T.);
#4570 = EDGE_LOOP('',(#4571,#4572,#4578,#4579));
#4571 = ORIENTED_EDGE('',*,*,#4470,.F.);
#4572 = ORIENTED_EDGE('',*,*,#4573,.T.);
#4573 = EDGE_CURVE('',#4463,#1532,#4574,.T.);
#4574 = LINE('',#4575,#4576);
#4575 = CARTESIAN_POINT('',(44.873545435135,-1.230921658517,
    139.22127162309));
#4576 = VECTOR('',#4577,1.);
#4577 = DIRECTION('',(0.,0.,-1.));
#4578 = ORIENTED_EDGE('',*,*,#1531,.F.);
#4579 = ORIENTED_EDGE('',*,*,#4551,.F.);
#4580 = PLANE('',#4581);
#4581 = AXIS2_PLACEMENT_3D('',#4582,#4583,#4584);
#4582 = CARTESIAN_POINT('',(44.873545435135,-1.230921658517,
    139.22127162309));
#4583 = DIRECTION('',(-1.,0.,0.));
#4584 = DIRECTION('',(0.,0.,1.));
#4585 = ADVANCED_FACE('',(#4586),#4597,.T.);
#4586 = FACE_BOUND('',#4587,.T.);
#4587 = EDGE_LOOP('',(#4588,#4589,#4595,#4596));
#4588 = ORIENTED_EDGE('',*,*,#4462,.F.);
#4589 = ORIENTED_EDGE('',*,*,#4590,.T.);
#4590 = EDGE_CURVE('',#4455,#1540,#4591,.T.);
#4591 = LINE('',#4592,#4593);
#4592 = CARTESIAN_POINT('',(47.802661238911,-1.230921658517,
    139.22127162309));
#4593 = VECTOR('',#4594,1.);
#4594 = DIRECTION('',(0.,0.,-1.));
#4595 = ORIENTED_EDGE('',*,*,#1539,.F.);
#4596 = ORIENTED_EDGE('',*,*,#4573,.F.);
#4597 = PLANE('',#4598);
#4598 = AXIS2_PLACEMENT_3D('',#4599,#4600,#4601);
#4599 = CARTESIAN_POINT('',(47.802661238911,-1.230921658517,
    139.22127162309));
#4600 = DIRECTION('',(-4.737876116036E-17,1.,0.));
#4601 = DIRECTION('',(0.,0.,1.));
#4602 = ADVANCED_FACE('',(#4603),#4614,.T.);
#4603 = FACE_BOUND('',#4604,.T.);
#4604 = EDGE_LOOP('',(#4605,#4606,#4612,#4613));
#4605 = ORIENTED_EDGE('',*,*,#4454,.F.);
#4606 = ORIENTED_EDGE('',*,*,#4607,.T.);
#4607 = EDGE_CURVE('',#4447,#1548,#4608,.T.);
#4608 = LINE('',#4609,#4610);
#4609 = CARTESIAN_POINT('',(44.873545435135,-0.209199114941,
    139.22127162309));
#4610 = VECTOR('',#4611,1.);
#4611 = DIRECTION('',(0.,0.,-1.));
#4612 = ORIENTED_EDGE('',*,*,#1547,.F.);
#4613 = ORIENTED_EDGE('',*,*,#4590,.F.);
#4614 = PLANE('',#4615);
#4615 = AXIS2_PLACEMENT_3D('',#4616,#4617,#4618);
#4616 = CARTESIAN_POINT('',(44.873545435135,-0.209199114941,
    139.22127162309));
#4617 = DIRECTION('',(-0.32935432737,-0.944206400658,0.));
#4618 = DIRECTION('',(-0.,0.,-1.));
#4619 = ADVANCED_FACE('',(#4620),#4631,.T.);
#4620 = FACE_BOUND('',#4621,.T.);
#4621 = EDGE_LOOP('',(#4622,#4623,#4629,#4630));
#4622 = ORIENTED_EDGE('',*,*,#4446,.F.);
#4623 = ORIENTED_EDGE('',*,*,#4624,.T.);
#4624 = EDGE_CURVE('',#4439,#1556,#4625,.T.);
#4625 = LINE('',#4626,#4627);
#4626 = CARTESIAN_POINT('',(44.873545435135,0.206959414557,
    139.22127162309));
#4627 = VECTOR('',#4628,1.);
#4628 = DIRECTION('',(0.,0.,-1.));
#4629 = ORIENTED_EDGE('',*,*,#1555,.F.);
#4630 = ORIENTED_EDGE('',*,*,#4607,.F.);
#4631 = PLANE('',#4632);
#4632 = AXIS2_PLACEMENT_3D('',#4633,#4634,#4635);
#4633 = CARTESIAN_POINT('',(44.873545435135,0.206959414557,
    139.22127162309));
#4634 = DIRECTION('',(-1.,0.,0.));
#4635 = DIRECTION('',(0.,0.,1.));
#4636 = ADVANCED_FACE('',(#4637),#4648,.T.);
#4637 = FACE_BOUND('',#4638,.T.);
#4638 = EDGE_LOOP('',(#4639,#4640,#4646,#4647));
#4639 = ORIENTED_EDGE('',*,*,#4438,.F.);
#4640 = ORIENTED_EDGE('',*,*,#4641,.T.);
#4641 = EDGE_CURVE('',#4431,#1564,#4642,.T.);
#4642 = LINE('',#4643,#4644);
#4643 = CARTESIAN_POINT('',(47.853347213657,1.220678909489,
    139.22127162309));
#4644 = VECTOR('',#4645,1.);
#4645 = DIRECTION('',(0.,0.,-1.));
#4646 = ORIENTED_EDGE('',*,*,#1563,.F.);
#4647 = ORIENTED_EDGE('',*,*,#4624,.F.);
#4648 = PLANE('',#4649);
#4649 = AXIS2_PLACEMENT_3D('',#4650,#4651,#4652);
#4650 = CARTESIAN_POINT('',(47.853347213657,1.220678909489,
    139.22127162309));
#4651 = DIRECTION('',(-0.322069868329,0.94671590243,0.));
#4652 = DIRECTION('',(0.,0.,1.));
#4653 = ADVANCED_FACE('',(#4654),#4665,.T.);
#4654 = FACE_BOUND('',#4655,.T.);
#4655 = EDGE_LOOP('',(#4656,#4657,#4663,#4664));
#4656 = ORIENTED_EDGE('',*,*,#4430,.F.);
#4657 = ORIENTED_EDGE('',*,*,#4658,.T.);
#4658 = EDGE_CURVE('',#4423,#1572,#4659,.T.);
#4659 = LINE('',#4660,#4661);
#4660 = CARTESIAN_POINT('',(44.873545435135,1.220678909489,
    139.22127162309));
#4661 = VECTOR('',#4662,1.);
#4662 = DIRECTION('',(0.,0.,-1.));
#4663 = ORIENTED_EDGE('',*,*,#1571,.F.);
#4664 = ORIENTED_EDGE('',*,*,#4641,.F.);
#4665 = PLANE('',#4666);
#4666 = AXIS2_PLACEMENT_3D('',#4667,#4668,#4669);
#4667 = CARTESIAN_POINT('',(44.873545435135,1.220678909489,
    139.22127162309));
#4668 = DIRECTION('',(4.657285564376E-17,-1.,0.));
#4669 = DIRECTION('',(0.,0.,-1.));
#4670 = ADVANCED_FACE('',(#4671),#4682,.T.);
#4671 = FACE_BOUND('',#4672,.T.);
#4672 = EDGE_LOOP('',(#4673,#4674,#4680,#4681));
#4673 = ORIENTED_EDGE('',*,*,#4420,.F.);
#4674 = ORIENTED_EDGE('',*,*,#4675,.T.);
#4675 = EDGE_CURVE('',#4421,#1580,#4676,.T.);
#4676 = LINE('',#4677,#4678);
#4677 = CARTESIAN_POINT('',(44.873545435135,1.666181950682,
    139.22127162309));
#4678 = VECTOR('',#4679,1.);
#4679 = DIRECTION('',(0.,0.,-1.));
#4680 = ORIENTED_EDGE('',*,*,#1579,.F.);
#4681 = ORIENTED_EDGE('',*,*,#4658,.F.);
#4682 = PLANE('',#4683);
#4683 = AXIS2_PLACEMENT_3D('',#4684,#4685,#4686);
#4684 = CARTESIAN_POINT('',(44.873545435135,1.666181950682,
    139.22127162309));
#4685 = DIRECTION('',(-1.,0.,0.));
#4686 = DIRECTION('',(0.,0.,1.));
#4687 = ADVANCED_FACE('',(#4688),#4699,.T.);
#4688 = FACE_BOUND('',#4689,.T.);
#4689 = EDGE_LOOP('',(#4690,#4691,#4692,#4693));
#4690 = ORIENTED_EDGE('',*,*,#4486,.F.);
#4691 = ORIENTED_EDGE('',*,*,#4558,.T.);
#4692 = ORIENTED_EDGE('',*,*,#1635,.F.);
#4693 = ORIENTED_EDGE('',*,*,#4694,.F.);
#4694 = EDGE_CURVE('',#4487,#1628,#4695,.T.);
#4695 = LINE('',#4696,#4697);
#4696 = CARTESIAN_POINT('',(48.37354537553,-1.054854588345,
    139.22127162309));
#4697 = VECTOR('',#4698,1.);
#4698 = DIRECTION('',(0.,0.,-1.));
#4699 = PLANE('',#4700);
#4700 = AXIS2_PLACEMENT_3D('',#4701,#4702,#4703);
#4701 = CARTESIAN_POINT('',(48.37354537553,-1.676424699711,
    139.22127162309));
#4702 = DIRECTION('',(1.,0.,0.));
#4703 = DIRECTION('',(0.,0.,-1.));
#4704 = ADVANCED_FACE('',(#4705),#4716,.T.);
#4705 = FACE_BOUND('',#4706,.T.);
#4706 = EDGE_LOOP('',(#4707,#4708,#4709,#4710));
#4707 = ORIENTED_EDGE('',*,*,#4494,.F.);
#4708 = ORIENTED_EDGE('',*,*,#4694,.T.);
#4709 = ORIENTED_EDGE('',*,*,#1627,.F.);
#4710 = ORIENTED_EDGE('',*,*,#4711,.F.);
#4711 = EDGE_CURVE('',#4495,#1620,#4712,.T.);
#4712 = LINE('',#4713,#4714);
#4713 = CARTESIAN_POINT('',(45.937950904813,-0.214534480704,
    139.22127162309));
#4714 = VECTOR('',#4715,1.);
#4715 = DIRECTION('',(0.,0.,-1.));
#4716 = PLANE('',#4717);
#4717 = AXIS2_PLACEMENT_3D('',#4718,#4719,#4720);
#4718 = CARTESIAN_POINT('',(48.37354537553,-1.054854588345,
    139.22127162309));
#4719 = DIRECTION('',(0.326150224525,0.945317952354,0.));
#4720 = DIRECTION('',(0.,-0.,1.));
#4721 = ADVANCED_FACE('',(#4722),#4733,.T.);
#4722 = FACE_BOUND('',#4723,.T.);
#4723 = EDGE_LOOP('',(#4724,#4725,#4726,#4727));
#4724 = ORIENTED_EDGE('',*,*,#4502,.F.);
#4725 = ORIENTED_EDGE('',*,*,#4711,.T.);
#4726 = ORIENTED_EDGE('',*,*,#1619,.F.);
#4727 = ORIENTED_EDGE('',*,*,#4728,.F.);
#4728 = EDGE_CURVE('',#4503,#1612,#4729,.T.);
#4729 = LINE('',#4730,#4731);
#4730 = CARTESIAN_POINT('',(45.377737499719,-2.779667900618E-02,
    139.22127162309));
#4731 = VECTOR('',#4732,1.);
#4732 = DIRECTION('',(0.,0.,-1.));
#4733 = B_SPLINE_SURFACE_WITH_KNOTS('',2,1,(
    (#4734,#4735)
    ,(#4736,#4737)
    ,(#4738,#4739
    )),.UNSPECIFIED.,.F.,.F.,.F.,(3,3),(2,2),(0.,1.),(0.,30.994354324618
    ),.PIECEWISE_BEZIER_KNOTS.);
#4734 = CARTESIAN_POINT('',(45.377737499719,-2.779667900618E-02,
    139.22127162309));
#4735 = CARTESIAN_POINT('',(45.377737499719,-2.779667900618E-02,
    -170.722271623));
#4736 = CARTESIAN_POINT('',(45.567142984299,-8.648570239695E-02,
    139.22127162309));
#4737 = CARTESIAN_POINT('',(45.567142984299,-8.648570239695E-02,
    -170.722271623));
#4738 = CARTESIAN_POINT('',(45.937950904813,-0.214534480704,
    139.22127162309));
#4739 = CARTESIAN_POINT('',(45.937950904813,-0.214534480704,
    -170.722271623));
#4740 = ADVANCED_FACE('',(#4741),#4752,.T.);
#4741 = FACE_BOUND('',#4742,.T.);
#4742 = EDGE_LOOP('',(#4743,#4744,#4745,#4746));
#4743 = ORIENTED_EDGE('',*,*,#4511,.F.);
#4744 = ORIENTED_EDGE('',*,*,#4728,.T.);
#4745 = ORIENTED_EDGE('',*,*,#1611,.F.);
#4746 = ORIENTED_EDGE('',*,*,#4747,.F.);
#4747 = EDGE_CURVE('',#4512,#1604,#4748,.T.);
#4748 = LINE('',#4749,#4750);
#4749 = CARTESIAN_POINT('',(45.895267978711,0.140267342522,
    139.22127162309));
#4750 = VECTOR('',#4751,1.);
#4751 = DIRECTION('',(0.,0.,-1.));
#4752 = B_SPLINE_SURFACE_WITH_KNOTS('',2,1,(
    (#4753,#4754)
    ,(#4755,#4756)
    ,(#4757,#4758
    )),.UNSPECIFIED.,.F.,.F.,.F.,(3,3),(2,2),(0.,1.),(0.,30.994354324618
    ),.PIECEWISE_BEZIER_KNOTS.);
#4753 = CARTESIAN_POINT('',(45.895267978711,0.140267342522,
    139.22127162309));
#4754 = CARTESIAN_POINT('',(45.895267978711,0.140267342522,
    -170.722271623));
#4755 = CARTESIAN_POINT('',(45.548469204129,2.55569786218E-02,
    139.22127162309));
#4756 = CARTESIAN_POINT('',(45.548469204129,2.55569786218E-02,
    -170.722271623));
#4757 = CARTESIAN_POINT('',(45.377737499719,-2.779667900618E-02,
    139.22127162309));
#4758 = CARTESIAN_POINT('',(45.377737499719,-2.779667900618E-02,
    -170.722271623));
#4759 = ADVANCED_FACE('',(#4760),#4771,.T.);
#4760 = FACE_BOUND('',#4761,.T.);
#4761 = EDGE_LOOP('',(#4762,#4763,#4764,#4765));
#4762 = ORIENTED_EDGE('',*,*,#4520,.F.);
#4763 = ORIENTED_EDGE('',*,*,#4747,.T.);
#4764 = ORIENTED_EDGE('',*,*,#1603,.F.);
#4765 = ORIENTED_EDGE('',*,*,#4766,.F.);
#4766 = EDGE_CURVE('',#4521,#1596,#4767,.T.);
#4767 = LINE('',#4768,#4769);
#4768 = CARTESIAN_POINT('',(48.37354537553,0.969916718637,
    139.22127162309));
#4769 = VECTOR('',#4770,1.);
#4770 = DIRECTION('',(0.,0.,-1.));
#4771 = PLANE('',#4772);
#4772 = AXIS2_PLACEMENT_3D('',#4773,#4774,#4775);
#4773 = CARTESIAN_POINT('',(45.895267978711,0.140267342522,
    139.22127162309));
#4774 = DIRECTION('',(0.317452399145,-0.948274208379,0.));
#4775 = DIRECTION('',(0.,0.,-1.));
#4776 = ADVANCED_FACE('',(#4777),#4788,.T.);
#4777 = FACE_BOUND('',#4778,.T.);
#4778 = EDGE_LOOP('',(#4779,#4780,#4781,#4782));
#4779 = ORIENTED_EDGE('',*,*,#4528,.F.);
#4780 = ORIENTED_EDGE('',*,*,#4766,.T.);
#4781 = ORIENTED_EDGE('',*,*,#1595,.F.);
#4782 = ORIENTED_EDGE('',*,*,#4783,.F.);
#4783 = EDGE_CURVE('',#4529,#1588,#4784,.T.);
#4784 = LINE('',#4785,#4786);
#4785 = CARTESIAN_POINT('',(48.37354537553,1.666181950682,
    139.22127162309));
#4786 = VECTOR('',#4787,1.);
#4787 = DIRECTION('',(0.,0.,-1.));
#4788 = PLANE('',#4789);
#4789 = AXIS2_PLACEMENT_3D('',#4790,#4791,#4792);
#4790 = CARTESIAN_POINT('',(48.37354537553,0.969916718637,
    139.22127162309));
#4791 = DIRECTION('',(1.,0.,0.));
#4792 = DIRECTION('',(0.,0.,-1.));
#4793 = ADVANCED_FACE('',(#4794),#4800,.T.);
#4794 = FACE_BOUND('',#4795,.T.);
#4795 = EDGE_LOOP('',(#4796,#4797,#4798,#4799));
#4796 = ORIENTED_EDGE('',*,*,#4536,.F.);
#4797 = ORIENTED_EDGE('',*,*,#4783,.T.);
#4798 = ORIENTED_EDGE('',*,*,#1587,.F.);
#4799 = ORIENTED_EDGE('',*,*,#4675,.F.);
#4800 = PLANE('',#4801);
#4801 = AXIS2_PLACEMENT_3D('',#4802,#4803,#4804);
#4802 = CARTESIAN_POINT('',(48.37354537553,1.666181950682,
    139.22127162309));
#4803 = DIRECTION('',(0.,1.,0.));
#4804 = DIRECTION('',(0.,-0.,1.));
#4805 = ADVANCED_FACE('',(#4806,#4859),#4918,.T.);
#4806 = FACE_BOUND('',#4807,.T.);
#4807 = EDGE_LOOP('',(#4808,#4822,#4834,#4846));
#4808 = ORIENTED_EDGE('',*,*,#4809,.T.);
#4809 = EDGE_CURVE('',#4810,#4812,#4814,.T.);
#4810 = VERTEX_POINT('',#4811);
#4811 = CARTESIAN_POINT('',(46.623545405333,-5.152415494173,-27.25));
#4812 = VERTEX_POINT('',#4813);
#4813 = CARTESIAN_POINT('',(45.212341161073,-3.954625880425,-27.25));
#4814 = B_SPLINE_CURVE_WITH_KNOTS('',3,(#4815,#4816,#4817,#4818,#4819,
    #4820,#4821),.UNSPECIFIED.,.F.,.F.,(4,3,4),(-0.190536116501,
    -9.526805825063E-02,0.),.UNSPECIFIED.);
#4815 = CARTESIAN_POINT('',(46.623545405333,-5.152415494173,-27.25));
#4816 = CARTESIAN_POINT('',(46.171817770749,-5.152415494173,-27.25));
#4817 = CARTESIAN_POINT('',(45.823685154726,-5.039928199341,-27.25));
#4818 = CARTESIAN_POINT('',(45.579147557265,-4.814953609677,-27.25));
#4819 = CARTESIAN_POINT('',(45.334609959803,-4.589979020012,-27.25));
#4820 = CARTESIAN_POINT('',(45.212341161073,-4.303203110261,-27.25));
#4821 = CARTESIAN_POINT('',(45.212341161073,-3.954625880425,-27.25));
#4822 = ORIENTED_EDGE('',*,*,#4823,.T.);
#4823 = EDGE_CURVE('',#4812,#4824,#4826,.T.);
#4824 = VERTEX_POINT('',#4825);
#4825 = CARTESIAN_POINT('',(46.572859430586,-2.759503949559,-27.25));
#4826 = B_SPLINE_CURVE_WITH_KNOTS('',3,(#4827,#4828,#4829,#4830,#4831,
    #4832,#4833),.UNSPECIFIED.,.F.,.F.,(4,3,4),(-0.304487836711,
    -0.152243918356,0.),.PIECEWISE_BEZIER_KNOTS.);
#4827 = CARTESIAN_POINT('',(45.212341161073,-3.954625880425,-27.25));
#4828 = CARTESIAN_POINT('',(45.212341161073,-3.611384016352,-27.25));
#4829 = CARTESIAN_POINT('',(45.333720732176,-3.326386561856,-27.25));
#4830 = CARTESIAN_POINT('',(45.576479874384,-3.099633516937,-27.25));
#4831 = CARTESIAN_POINT('',(45.819239016591,-2.872880472018,-27.25));
#4832 = CARTESIAN_POINT('',(46.151365535325,-2.759503949559,-27.25));
#4833 = CARTESIAN_POINT('',(46.572859430586,-2.759503949559,-27.25));
#4834 = ORIENTED_EDGE('',*,*,#4835,.T.);
#4835 = EDGE_CURVE('',#4824,#4836,#4838,.T.);
#4836 = VERTEX_POINT('',#4837);
#4837 = CARTESIAN_POINT('',(48.037417332474,-3.959961246188,-27.25));
#4838 = B_SPLINE_CURVE_WITH_KNOTS('',3,(#4839,#4840,#4841,#4842,#4843,
    #4844,#4845),.UNSPECIFIED.,.F.,.F.,(4,3,4),(-0.21479016662,
    -0.10739508331,0.),.PIECEWISE_BEZIER_KNOTS.);
#4839 = CARTESIAN_POINT('',(46.572859430586,-2.759503949559,-27.25));
#4840 = CARTESIAN_POINT('',(47.099282185849,-2.759503949559,-27.25));
#4841 = CARTESIAN_POINT('',(47.474980858312,-2.877771223967,-27.25));
#4842 = CARTESIAN_POINT('',(47.699955447977,-3.114305772785,-27.25));
#4843 = CARTESIAN_POINT('',(47.924930037642,-3.350840321602,-27.25));
#4844 = CARTESIAN_POINT('',(48.037417332474,-3.632725479403,-27.25));
#4845 = CARTESIAN_POINT('',(48.037417332474,-3.959961246188,-27.25));
#4846 = ORIENTED_EDGE('',*,*,#4847,.T.);
#4847 = EDGE_CURVE('',#4836,#4810,#4848,.T.);
#4848 = B_SPLINE_CURVE_WITH_KNOTS('',3,(#4849,#4850,#4851,#4852,#4853,
    #4854,#4855,#4856,#4857,#4858),.UNSPECIFIED.,.F.,.F.,(4,3,3,4),(
    -0.353765108354,-0.235843405569,-0.117921702785,0.),.UNSPECIFIED.);
#4849 = CARTESIAN_POINT('',(48.037417332474,-3.959961246188,-27.25));
#4850 = CARTESIAN_POINT('',(48.037417332474,-4.191160429243,-27.25));
#4851 = CARTESIAN_POINT('',(47.979172922897,-4.399684307805,-27.25));
#4852 = CARTESIAN_POINT('',(47.862684103742,-4.585532881876,-27.25));
#4853 = CARTESIAN_POINT('',(47.746195284588,-4.771381455947,-27.25));
#4854 = CARTESIAN_POINT('',(47.581688173568,-4.912324034848,-27.25));
#4855 = CARTESIAN_POINT('',(47.369162770684,-5.008360618578,-27.25));
#4856 = CARTESIAN_POINT('',(47.156637367799,-5.104397202308,-27.25));
#4857 = CARTESIAN_POINT('',(46.908098246015,-5.152415494173,-27.25));
#4858 = CARTESIAN_POINT('',(46.623545405333,-5.152415494173,-27.25));
#4859 = FACE_BOUND('',#4860,.T.);
#4860 = EDGE_LOOP('',(#4861,#4878,#4893,#4908));
#4861 = ORIENTED_EDGE('',*,*,#4862,.T.);
#4862 = EDGE_CURVE('',#4863,#4865,#4867,.T.);
#4863 = VERTEX_POINT('',#4864);
#4864 = CARTESIAN_POINT('',(46.578194796349,-2.281988713788,-27.25));
#4865 = VERTEX_POINT('',#4866);
#4866 = CARTESIAN_POINT('',(44.814856411744,-3.957293563307,-27.25));
#4867 = B_SPLINE_CURVE_WITH_KNOTS('',3,(#4868,#4869,#4870,#4871,#4872,
    #4873,#4874,#4875,#4876,#4877),.UNSPECIFIED.,.F.,.F.,(4,3,3,4),(
    -0.331165729551,-0.220777153034,-0.110388576517,0.),
  .PIECEWISE_BEZIER_KNOTS.);
#4868 = CARTESIAN_POINT('',(46.578194796349,-2.281988713788,-27.25));
#4869 = CARTESIAN_POINT('',(46.270522037361,-2.281988713788,-27.25));
#4870 = CARTESIAN_POINT('',(45.979299989475,-2.348680785823,-27.25));
#4871 = CARTESIAN_POINT('',(45.704528652691,-2.482064929893,-27.25));
#4872 = CARTESIAN_POINT('',(45.429757315907,-2.615449073963,-27.25));
#4873 = CARTESIAN_POINT('',(45.212785774886,-2.811968379559,-27.25));
#4874 = CARTESIAN_POINT('',(45.053614029629,-3.071622846682,-27.25));
#4875 = CARTESIAN_POINT('',(44.894442284373,-3.331277313805,-27.25));
#4876 = CARTESIAN_POINT('',(44.814856411744,-3.626500886013,-27.25));
#4877 = CARTESIAN_POINT('',(44.814856411744,-3.957293563307,-27.25));
#4878 = ORIENTED_EDGE('',*,*,#4879,.T.);
#4879 = EDGE_CURVE('',#4865,#4880,#4882,.T.);
#4880 = VERTEX_POINT('',#4881);
#4881 = CARTESIAN_POINT('',(46.61821003957,-5.629930729944,-27.25));
#4882 = B_SPLINE_CURVE_WITH_KNOTS('',3,(#4883,#4884,#4885,#4886,#4887,
    #4888,#4889,#4890,#4891,#4892),.UNSPECIFIED.,.F.,.F.,(4,3,3,4),(
    -0.18789899307,-0.12526599538,-6.263299768999E-02,0.),
  .UNSPECIFIED.);
#4883 = CARTESIAN_POINT('',(44.814856411744,-3.957293563307,-27.25));
#4884 = CARTESIAN_POINT('',(44.814856411744,-4.259630956532,-27.25));
#4885 = CARTESIAN_POINT('',(44.886883849542,-4.54240534196,-27.25));
#4886 = CARTESIAN_POINT('',(45.030938725138,-4.805616719592,-27.25));
#4887 = CARTESIAN_POINT('',(45.174993600733,-5.068828097223,-27.25));
#4888 = CARTESIAN_POINT('',(45.387074389804,-5.272016610023,-27.25));
#4889 = CARTESIAN_POINT('',(45.667181092351,-5.415182257991,-27.25));
#4890 = CARTESIAN_POINT('',(45.947287794898,-5.55834790596,-27.25));
#4891 = CARTESIAN_POINT('',(46.264297443971,-5.629930729944,-27.25));
#4892 = CARTESIAN_POINT('',(46.61821003957,-5.629930729944,-27.25));
#4893 = ORIENTED_EDGE('',*,*,#4894,.T.);
#4894 = EDGE_CURVE('',#4880,#4895,#4897,.T.);
#4895 = VERTEX_POINT('',#4896);
#4896 = CARTESIAN_POINT('',(48.434902081802,-3.957293563307,-27.25));
#4897 = B_SPLINE_CURVE_WITH_KNOTS('',3,(#4898,#4899,#4900,#4901,#4902,
    #4903,#4904,#4905,#4906,#4907),.UNSPECIFIED.,.F.,.F.,(4,3,3,4),(
    -0.151211966768,-0.100807977846,-5.04039889228E-02,0.),
  .UNSPECIFIED.);
#4898 = CARTESIAN_POINT('',(46.61821003957,-5.629930729944,-27.25));
#4899 = CARTESIAN_POINT('',(46.96856572466,-5.629930729944,-27.25));
#4900 = CARTESIAN_POINT('',(47.281573849411,-5.561904816468,-27.25));
#4901 = CARTESIAN_POINT('',(47.557234413822,-5.425852989517,-27.25));
#4902 = CARTESIAN_POINT('',(47.832894978233,-5.289801162566,-27.25));
#4903 = CARTESIAN_POINT('',(48.048088064,-5.091948015528,-27.25));
#4904 = CARTESIAN_POINT('',(48.202813671121,-4.832293548406,-27.25));
#4905 = CARTESIAN_POINT('',(48.357539278242,-4.572639081283,-27.25));
#4906 = CARTESIAN_POINT('',(48.434902081802,-4.280972419583,-27.25));
#4907 = CARTESIAN_POINT('',(48.434902081802,-3.957293563307,-27.25));
#4908 = ORIENTED_EDGE('',*,*,#4909,.T.);
#4909 = EDGE_CURVE('',#4895,#4863,#4910,.T.);
#4910 = B_SPLINE_CURVE_WITH_KNOTS('',3,(#4911,#4912,#4913,#4914,#4915,
    #4916,#4917),.UNSPECIFIED.,.F.,.F.,(4,3,4),(-0.446680842308,
    -0.223340421154,0.),.UNSPECIFIED.);
#4911 = CARTESIAN_POINT('',(48.434902081802,-3.957293563307,-27.25));
#4912 = CARTESIAN_POINT('',(48.434902081802,-3.464661457875,-27.25));
#4913 = CARTESIAN_POINT('',(48.270839584596,-3.062285956597,-27.25));
#4914 = CARTESIAN_POINT('',(47.942714590184,-2.750167059474,-27.25));
#4915 = CARTESIAN_POINT('',(47.614589595772,-2.43804816235,-27.25));
#4916 = CARTESIAN_POINT('',(47.159749664494,-2.281988713788,-27.25));
#4917 = CARTESIAN_POINT('',(46.578194796349,-2.281988713788,-27.25));
#4918 = PLANE('',#4919);
#4919 = AXIS2_PLACEMENT_3D('',#4920,#4921,#4922);
#4920 = CARTESIAN_POINT('',(-5.551115123126E-16,-2.314121116953E-14,
    -27.25));
#4921 = DIRECTION('',(0.,0.,1.));
#4922 = DIRECTION('',(1.,0.,-0.));
#4923 = ADVANCED_FACE('',(#4924),#4950,.F.);
#4924 = FACE_BOUND('',#4925,.F.);
#4925 = EDGE_LOOP('',(#4926,#4934,#4943,#4949));
#4926 = ORIENTED_EDGE('',*,*,#4927,.T.);
#4927 = EDGE_CURVE('',#4824,#4928,#4930,.T.);
#4928 = VERTEX_POINT('',#4929);
#4929 = CARTESIAN_POINT('',(46.572859430586,-2.759503949559,-27.75));
#4930 = LINE('',#4931,#4932);
#4931 = CARTESIAN_POINT('',(46.572859430586,-2.759503949559,
    139.22127162309));
#4932 = VECTOR('',#4933,1.);
#4933 = DIRECTION('',(0.,0.,-1.));
#4934 = ORIENTED_EDGE('',*,*,#4935,.T.);
#4935 = EDGE_CURVE('',#4928,#4936,#4938,.T.);
#4936 = VERTEX_POINT('',#4937);
#4937 = CARTESIAN_POINT('',(45.212341161073,-3.954625880425,-27.75));
#4938 = B_SPLINE_CURVE_WITH_KNOTS('',2,(#4939,#4940,#4941,#4942),
  .UNSPECIFIED.,.F.,.F.,(3,1,3),(0.,1.,2.),.QUASI_UNIFORM_KNOTS.);
#4939 = CARTESIAN_POINT('',(46.572859430586,-2.759503949559,-27.75));
#4940 = CARTESIAN_POINT('',(45.940618587695,-2.759503949559,-27.75));
#4941 = CARTESIAN_POINT('',(45.212341161073,-3.439763084315,-27.75));
#4942 = CARTESIAN_POINT('',(45.212341161073,-3.954625880425,-27.75));
#4943 = ORIENTED_EDGE('',*,*,#4944,.F.);
#4944 = EDGE_CURVE('',#4812,#4936,#4945,.T.);
#4945 = LINE('',#4946,#4947);
#4946 = CARTESIAN_POINT('',(45.212341161073,-3.954625880425,
    139.22127162309));
#4947 = VECTOR('',#4948,1.);
#4948 = DIRECTION('',(0.,0.,-1.));
#4949 = ORIENTED_EDGE('',*,*,#4823,.T.);
#4950 = B_SPLINE_SURFACE_WITH_KNOTS('',2,1,(
    (#4951,#4952)
    ,(#4953,#4954)
    ,(#4955,#4956)
    ,(#4957,#4958
  )),.UNSPECIFIED.,.F.,.F.,.F.,(3,1,3),(2,2),(-2.,-1.,0.),(0.,
    30.994354324618),.UNSPECIFIED.);
#4951 = CARTESIAN_POINT('',(45.212341161073,-3.954625880425,
    139.22127162309));
#4952 = CARTESIAN_POINT('',(45.212341161073,-3.954625880425,
    -170.722271623));
#4953 = CARTESIAN_POINT('',(45.212341161073,-3.439763084315,
    139.22127162309));
#4954 = CARTESIAN_POINT('',(45.212341161073,-3.439763084315,
    -170.722271623));
#4955 = CARTESIAN_POINT('',(45.940618587695,-2.759503949559,
    139.22127162309));
#4956 = CARTESIAN_POINT('',(45.940618587695,-2.759503949559,
    -170.722271623));
#4957 = CARTESIAN_POINT('',(46.572859430586,-2.759503949559,
    139.22127162309));
#4958 = CARTESIAN_POINT('',(46.572859430586,-2.759503949559,
    -170.722271623));
#4959 = ADVANCED_FACE('',(#4960),#4979,.F.);
#4960 = FACE_BOUND('',#4961,.F.);
#4961 = EDGE_LOOP('',(#4962,#4963,#4972,#4978));
#4962 = ORIENTED_EDGE('',*,*,#4944,.T.);
#4963 = ORIENTED_EDGE('',*,*,#4964,.T.);
#4964 = EDGE_CURVE('',#4936,#4965,#4967,.T.);
#4965 = VERTEX_POINT('',#4966);
#4966 = CARTESIAN_POINT('',(46.623545405333,-5.152415494173,-27.75));
#4967 = B_SPLINE_CURVE_WITH_KNOTS('',2,(#4968,#4969,#4970,#4971),
  .UNSPECIFIED.,.F.,.F.,(3,1,3),(0.,1.,2.),.QUASI_UNIFORM_KNOTS.);
#4968 = CARTESIAN_POINT('',(45.212341161073,-3.954625880425,-27.75));
#4969 = CARTESIAN_POINT('',(45.212341161073,-4.47749172518,-27.75));
#4970 = CARTESIAN_POINT('',(45.945953953457,-5.152415494173,-27.75));
#4971 = CARTESIAN_POINT('',(46.623545405333,-5.152415494173,-27.75));
#4972 = ORIENTED_EDGE('',*,*,#4973,.F.);
#4973 = EDGE_CURVE('',#4810,#4965,#4974,.T.);
#4974 = LINE('',#4975,#4976);
#4975 = CARTESIAN_POINT('',(46.623545405333,-5.152415494173,
    139.22127162309));
#4976 = VECTOR('',#4977,1.);
#4977 = DIRECTION('',(0.,0.,-1.));
#4978 = ORIENTED_EDGE('',*,*,#4809,.T.);
#4979 = B_SPLINE_SURFACE_WITH_KNOTS('',2,1,(
    (#4980,#4981)
    ,(#4982,#4983)
    ,(#4984,#4985)
    ,(#4986,#4987
  )),.UNSPECIFIED.,.F.,.F.,.F.,(3,1,3),(2,2),(-2.,-1.,0.),(0.,
    30.994354324618),.UNSPECIFIED.);
#4980 = CARTESIAN_POINT('',(46.623545405333,-5.152415494173,
    139.22127162309));
#4981 = CARTESIAN_POINT('',(46.623545405333,-5.152415494173,
    -170.722271623));
#4982 = CARTESIAN_POINT('',(45.945953953457,-5.152415494173,
    139.22127162309));
#4983 = CARTESIAN_POINT('',(45.945953953457,-5.152415494173,
    -170.722271623));
#4984 = CARTESIAN_POINT('',(45.212341161073,-4.47749172518,
    139.22127162309));
#4985 = CARTESIAN_POINT('',(45.212341161073,-4.47749172518,
    -170.722271623));
#4986 = CARTESIAN_POINT('',(45.212341161073,-3.954625880425,
    139.22127162309));
#4987 = CARTESIAN_POINT('',(45.212341161073,-3.954625880425,
    -170.722271623));
#4988 = ADVANCED_FACE('',(#4989),#5005,.T.);
#4989 = FACE_BOUND('',#4990,.T.);
#4990 = EDGE_LOOP('',(#4991,#4992,#4998,#4999));
#4991 = ORIENTED_EDGE('',*,*,#4879,.F.);
#4992 = ORIENTED_EDGE('',*,*,#4993,.T.);
#4993 = EDGE_CURVE('',#4865,#1646,#4994,.T.);
#4994 = LINE('',#4995,#4996);
#4995 = CARTESIAN_POINT('',(44.814856411744,-3.957293563307,
    139.22127162309));
#4996 = VECTOR('',#4997,1.);
#4997 = DIRECTION('',(0.,0.,-1.));
#4998 = ORIENTED_EDGE('',*,*,#1643,.F.);
#4999 = ORIENTED_EDGE('',*,*,#5000,.F.);
#5000 = EDGE_CURVE('',#4880,#1644,#5001,.T.);
#5001 = LINE('',#5002,#5003);
#5002 = CARTESIAN_POINT('',(46.61821003957,-5.629930729944,
    139.22127162309));
#5003 = VECTOR('',#5004,1.);
#5004 = DIRECTION('',(0.,0.,-1.));
#5005 = B_SPLINE_SURFACE_WITH_KNOTS('',2,1,(
    (#5006,#5007)
    ,(#5008,#5009)
    ,(#5010,#5011)
    ,(#5012,#5013)
    ,(#5014,#5015
    )),.UNSPECIFIED.,.F.,.F.,.F.,(3,1,1,3),(2,2),(0.,1.,2.,3.),(0.,
    30.994354324618),.UNSPECIFIED.);
#5006 = CARTESIAN_POINT('',(46.61821003957,-5.629930729944,
    139.22127162309));
#5007 = CARTESIAN_POINT('',(46.61821003957,-5.629930729944,
    -170.722271623));
#5008 = CARTESIAN_POINT('',(46.087341146171,-5.629930729944,
    139.22127162309));
#5009 = CARTESIAN_POINT('',(46.087341146171,-5.629930729944,
    -170.722271623));
#5010 = CARTESIAN_POINT('',(45.247021038531,-5.200433786039,
    139.22127162309));
#5011 = CARTESIAN_POINT('',(45.247021038531,-5.200433786039,
    -170.722271623));
#5012 = CARTESIAN_POINT('',(44.814856411744,-4.410799653145,
    139.22127162309));
#5013 = CARTESIAN_POINT('',(44.814856411744,-4.410799653145,
    -170.722271623));
#5014 = CARTESIAN_POINT('',(44.814856411744,-3.957293563307,
    139.22127162309));
#5015 = CARTESIAN_POINT('',(44.814856411744,-3.957293563307,
    -170.722271623));
#5016 = ADVANCED_FACE('',(#5017),#5028,.T.);
#5017 = FACE_BOUND('',#5018,.T.);
#5018 = EDGE_LOOP('',(#5019,#5020,#5026,#5027));
#5019 = ORIENTED_EDGE('',*,*,#4862,.F.);
#5020 = ORIENTED_EDGE('',*,*,#5021,.T.);
#5021 = EDGE_CURVE('',#4863,#1656,#5022,.T.);
#5022 = LINE('',#5023,#5024);
#5023 = CARTESIAN_POINT('',(46.578194796349,-2.281988713788,
    139.22127162309));
#5024 = VECTOR('',#5025,1.);
#5025 = DIRECTION('',(0.,0.,-1.));
#5026 = ORIENTED_EDGE('',*,*,#1655,.F.);
#5027 = ORIENTED_EDGE('',*,*,#4993,.F.);
#5028 = B_SPLINE_SURFACE_WITH_KNOTS('',2,1,(
    (#5029,#5030)
    ,(#5031,#5032)
    ,(#5033,#5034)
    ,(#5035,#5036)
    ,(#5037,#5038
    )),.UNSPECIFIED.,.F.,.F.,.F.,(3,1,1,3),(2,2),(0.,1.,2.,3.),(0.,
    30.994354324618),.UNSPECIFIED.);
#5029 = CARTESIAN_POINT('',(44.814856411744,-3.957293563307,
    139.22127162309));
#5030 = CARTESIAN_POINT('',(44.814856411744,-3.957293563307,
    -170.722271623));
#5031 = CARTESIAN_POINT('',(44.814856411744,-3.461104547367,
    139.22127162309));
#5032 = CARTESIAN_POINT('',(44.814856411744,-3.461104547367,
    -170.722271623));
#5033 = CARTESIAN_POINT('',(45.292371647514,-2.682141145998,
    139.22127162309));
#5034 = CARTESIAN_POINT('',(45.292371647514,-2.682141145998,
    -170.722271623));
#5035 = CARTESIAN_POINT('',(46.116685657867,-2.281988713788,
    139.22127162309));
#5036 = CARTESIAN_POINT('',(46.116685657867,-2.281988713788,
    -170.722271623));
#5037 = CARTESIAN_POINT('',(46.578194796349,-2.281988713788,
    139.22127162309));
#5038 = CARTESIAN_POINT('',(46.578194796349,-2.281988713788,
    -170.722271623));
#5039 = ADVANCED_FACE('',(#5040),#5060,.F.);
#5040 = FACE_BOUND('',#5041,.F.);
#5041 = EDGE_LOOP('',(#5042,#5043,#5053,#5059));
#5042 = ORIENTED_EDGE('',*,*,#4973,.T.);
#5043 = ORIENTED_EDGE('',*,*,#5044,.T.);
#5044 = EDGE_CURVE('',#4965,#5045,#5047,.T.);
#5045 = VERTEX_POINT('',#5046);
#5046 = CARTESIAN_POINT('',(48.037417332474,-3.959961246188,-27.75));
#5047 = B_SPLINE_CURVE_WITH_KNOTS('',2,(#5048,#5049,#5050,#5051,#5052),
  .UNSPECIFIED.,.F.,.F.,(3,1,1,3),(0.,1.,2.,3.),.QUASI_UNIFORM_KNOTS.);
#5048 = CARTESIAN_POINT('',(46.623545405333,-5.152415494173,-27.75));
#5049 = CARTESIAN_POINT('',(47.050374666356,-5.152415494173,-27.75));
#5050 = CARTESIAN_POINT('',(47.687950875011,-4.864305742982,-27.75));
#5051 = CARTESIAN_POINT('',(48.037417332474,-4.30676002077,-27.75));
#5052 = CARTESIAN_POINT('',(48.037417332474,-3.959961246188,-27.75));
#5053 = ORIENTED_EDGE('',*,*,#5054,.F.);
#5054 = EDGE_CURVE('',#4836,#5045,#5055,.T.);
#5055 = LINE('',#5056,#5057);
#5056 = CARTESIAN_POINT('',(48.037417332474,-3.959961246188,
    139.22127162309));
#5057 = VECTOR('',#5058,1.);
#5058 = DIRECTION('',(0.,0.,-1.));
#5059 = ORIENTED_EDGE('',*,*,#4847,.T.);
#5060 = B_SPLINE_SURFACE_WITH_KNOTS('',2,1,(
    (#5061,#5062)
    ,(#5063,#5064)
    ,(#5065,#5066)
    ,(#5067,#5068)
    ,(#5069,#5070
    )),.UNSPECIFIED.,.F.,.F.,.F.,(3,1,1,3),(2,2),(-3.,-2.,-1.,0.),(0.,
    30.994354324618),.UNSPECIFIED.);
#5061 = CARTESIAN_POINT('',(48.037417332474,-3.959961246188,
    139.22127162309));
#5062 = CARTESIAN_POINT('',(48.037417332474,-3.959961246188,
    -170.722271623));
#5063 = CARTESIAN_POINT('',(48.037417332474,-4.30676002077,
    139.22127162309));
#5064 = CARTESIAN_POINT('',(48.037417332474,-4.30676002077,
    -170.722271623));
#5065 = CARTESIAN_POINT('',(47.687950875011,-4.864305742982,
    139.22127162309));
#5066 = CARTESIAN_POINT('',(47.687950875011,-4.864305742982,
    -170.722271623));
#5067 = CARTESIAN_POINT('',(47.050374666356,-5.152415494173,
    139.22127162309));
#5068 = CARTESIAN_POINT('',(47.050374666356,-5.152415494173,
    -170.722271623));
#5069 = CARTESIAN_POINT('',(46.623545405333,-5.152415494173,
    139.22127162309));
#5070 = CARTESIAN_POINT('',(46.623545405333,-5.152415494173,
    -170.722271623));
#5071 = ADVANCED_FACE('',(#5072),#5084,.F.);
#5072 = FACE_BOUND('',#5073,.F.);
#5073 = EDGE_LOOP('',(#5074,#5075,#5082,#5083));
#5074 = ORIENTED_EDGE('',*,*,#5054,.T.);
#5075 = ORIENTED_EDGE('',*,*,#5076,.T.);
#5076 = EDGE_CURVE('',#5045,#4928,#5077,.T.);
#5077 = B_SPLINE_CURVE_WITH_KNOTS('',2,(#5078,#5079,#5080,#5081),
  .UNSPECIFIED.,.F.,.F.,(3,1,3),(0.,1.,2.),.QUASI_UNIFORM_KNOTS.);
#5078 = CARTESIAN_POINT('',(48.037417332474,-3.959961246188,-27.75));
#5079 = CARTESIAN_POINT('',(48.037417332474,-3.469107596011,-27.75));
#5080 = CARTESIAN_POINT('',(47.36249356348,-2.759503949559,-27.75));
#5081 = CARTESIAN_POINT('',(46.572859430586,-2.759503949559,-27.75));
#5082 = ORIENTED_EDGE('',*,*,#4927,.F.);
#5083 = ORIENTED_EDGE('',*,*,#4835,.T.);
#5084 = B_SPLINE_SURFACE_WITH_KNOTS('',2,1,(
    (#5085,#5086)
    ,(#5087,#5088)
    ,(#5089,#5090)
    ,(#5091,#5092
  )),.UNSPECIFIED.,.F.,.F.,.F.,(3,1,3),(2,2),(-2.,-1.,0.),(0.,
    30.994354324618),.UNSPECIFIED.);
#5085 = CARTESIAN_POINT('',(46.572859430586,-2.759503949559,
    139.22127162309));
#5086 = CARTESIAN_POINT('',(46.572859430586,-2.759503949559,
    -170.722271623));
#5087 = CARTESIAN_POINT('',(47.36249356348,-2.759503949559,
    139.22127162309));
#5088 = CARTESIAN_POINT('',(47.36249356348,-2.759503949559,
    -170.722271623));
#5089 = CARTESIAN_POINT('',(48.037417332474,-3.469107596011,
    139.22127162309));
#5090 = CARTESIAN_POINT('',(48.037417332474,-3.469107596011,
    -170.722271623));
#5091 = CARTESIAN_POINT('',(48.037417332474,-3.959961246188,
    139.22127162309));
#5092 = CARTESIAN_POINT('',(48.037417332474,-3.959961246188,
    -170.722271623));
#5093 = ADVANCED_FACE('',(#5094),#5105,.T.);
#5094 = FACE_BOUND('',#5095,.T.);
#5095 = EDGE_LOOP('',(#5096,#5097,#5098,#5099));
#5096 = ORIENTED_EDGE('',*,*,#4894,.F.);
#5097 = ORIENTED_EDGE('',*,*,#5000,.T.);
#5098 = ORIENTED_EDGE('',*,*,#1674,.F.);
#5099 = ORIENTED_EDGE('',*,*,#5100,.F.);
#5100 = EDGE_CURVE('',#4895,#1666,#5101,.T.);
#5101 = LINE('',#5102,#5103);
#5102 = CARTESIAN_POINT('',(48.434902081802,-3.957293563307,
    139.22127162309));
#5103 = VECTOR('',#5104,1.);
#5104 = DIRECTION('',(0.,0.,-1.));
#5105 = B_SPLINE_SURFACE_WITH_KNOTS('',2,1,(
    (#5106,#5107)
    ,(#5108,#5109)
    ,(#5110,#5111)
    ,(#5112,#5113)
    ,(#5114,#5115
    )),.UNSPECIFIED.,.F.,.F.,.F.,(3,1,1,3),(2,2),(0.,1.,2.,3.),(0.,
    30.994354324618),.UNSPECIFIED.);
#5106 = CARTESIAN_POINT('',(48.434902081802,-3.957293563307,
    139.22127162309));
#5107 = CARTESIAN_POINT('',(48.434902081802,-3.957293563307,
    -170.722271623));
#5108 = CARTESIAN_POINT('',(48.434902081802,-4.442811847721,
    139.22127162309));
#5109 = CARTESIAN_POINT('',(48.434902081802,-4.442811847721,
    -170.722271623));
#5110 = CARTESIAN_POINT('',(47.970725260439,-5.22177524909,
    139.22127162309));
#5111 = CARTESIAN_POINT('',(47.970725260439,-5.22177524909,
    -170.722271623));
#5112 = CARTESIAN_POINT('',(47.143743567205,-5.629930729944,
    139.22127162309));
#5113 = CARTESIAN_POINT('',(47.143743567205,-5.629930729944,
    -170.722271623));
#5114 = CARTESIAN_POINT('',(46.61821003957,-5.629930729944,
    139.22127162309));
#5115 = CARTESIAN_POINT('',(46.61821003957,-5.629930729944,
    -170.722271623));
#5116 = ADVANCED_FACE('',(#5117),#5123,.T.);
#5117 = FACE_BOUND('',#5118,.T.);
#5118 = EDGE_LOOP('',(#5119,#5120,#5121,#5122));
#5119 = ORIENTED_EDGE('',*,*,#4909,.F.);
#5120 = ORIENTED_EDGE('',*,*,#5100,.T.);
#5121 = ORIENTED_EDGE('',*,*,#1665,.F.);
#5122 = ORIENTED_EDGE('',*,*,#5021,.F.);
#5123 = B_SPLINE_SURFACE_WITH_KNOTS('',2,1,(
    (#5124,#5125)
    ,(#5126,#5127)
    ,(#5128,#5129)
    ,(#5130,#5131
    )),.UNSPECIFIED.,.F.,.F.,.F.,(3,1,3),(2,2),(0.,1.,2.),(0.,
    30.994354324618),.UNSPECIFIED.);
#5124 = CARTESIAN_POINT('',(46.578194796349,-2.281988713788,
    139.22127162309));
#5125 = CARTESIAN_POINT('',(46.578194796349,-2.281988713788,
    -170.722271623));
#5126 = CARTESIAN_POINT('',(47.450527098566,-2.281988713788,
    139.22127162309));
#5127 = CARTESIAN_POINT('',(47.450527098566,-2.281988713788,
    -170.722271623));
#5128 = CARTESIAN_POINT('',(48.434902081802,-3.218345405159,
    139.22127162309));
#5129 = CARTESIAN_POINT('',(48.434902081802,-3.218345405159,
    -170.722271623));
#5130 = CARTESIAN_POINT('',(48.434902081802,-3.957293563307,
    139.22127162309));
#5131 = CARTESIAN_POINT('',(48.434902081802,-3.957293563307,
    -170.722271623));
#5132 = ADVANCED_FACE('',(#5133),#5215,.T.);
#5133 = FACE_BOUND('',#5134,.T.);
#5134 = EDGE_LOOP('',(#5135,#5145,#5153,#5161,#5169,#5177,#5185,#5193,
    #5201,#5209));
#5135 = ORIENTED_EDGE('',*,*,#5136,.T.);
#5136 = EDGE_CURVE('',#5137,#5139,#5141,.T.);
#5137 = VERTEX_POINT('',#5138);
#5138 = CARTESIAN_POINT('',(44.873545435135,-6.222156329614,-27.25));
#5139 = VERTEX_POINT('',#5140);
#5140 = CARTESIAN_POINT('',(44.873545435135,-6.664991687927,-27.25));
#5141 = LINE('',#5142,#5143);
#5142 = CARTESIAN_POINT('',(44.873545435135,-3.111078164807,-27.25));
#5143 = VECTOR('',#5144,1.);
#5144 = DIRECTION('',(0.,-1.,0.));
#5145 = ORIENTED_EDGE('',*,*,#5146,.T.);
#5146 = EDGE_CURVE('',#5139,#5147,#5149,.T.);
#5147 = VERTEX_POINT('',#5148);
#5148 = CARTESIAN_POINT('',(47.621258802976,-6.664991687927,-27.25));
#5149 = LINE('',#5150,#5151);
#5150 = CARTESIAN_POINT('',(22.436772717568,-6.664991687927,-27.25));
#5151 = VECTOR('',#5152,1.);
#5152 = DIRECTION('',(1.,0.,0.));
#5153 = ORIENTED_EDGE('',*,*,#5154,.T.);
#5154 = EDGE_CURVE('',#5147,#5155,#5157,.T.);
#5155 = VERTEX_POINT('',#5156);
#5156 = CARTESIAN_POINT('',(44.873545435135,-8.505692876092,-27.25));
#5157 = LINE('',#5158,#5159);
#5158 = CARTESIAN_POINT('',(32.727119612518,-16.6426189126,-27.25));
#5159 = VECTOR('',#5160,1.);
#5160 = DIRECTION('',(-0.830807275301,-0.556560213551,0.));
#5161 = ORIENTED_EDGE('',*,*,#5162,.T.);
#5162 = EDGE_CURVE('',#5155,#5163,#5165,.T.);
#5163 = VERTEX_POINT('',#5164);
#5164 = CARTESIAN_POINT('',(44.873545435135,-8.980540428981,-27.25));
#5165 = LINE('',#5166,#5167);
#5166 = CARTESIAN_POINT('',(44.873545435135,-4.252846438046,-27.25));
#5167 = VECTOR('',#5168,1.);
#5168 = DIRECTION('',(0.,-1.,0.));
#5169 = ORIENTED_EDGE('',*,*,#5170,.T.);
#5170 = EDGE_CURVE('',#5163,#5171,#5173,.T.);
#5171 = VERTEX_POINT('',#5172);
#5172 = CARTESIAN_POINT('',(48.37354537553,-8.980540428981,-27.25));
#5173 = LINE('',#5174,#5175);
#5174 = CARTESIAN_POINT('',(22.436772717568,-8.980540428981,-27.25));
#5175 = VECTOR('',#5176,1.);
#5176 = DIRECTION('',(1.,0.,0.));
#5177 = ORIENTED_EDGE('',*,*,#5178,.T.);
#5178 = EDGE_CURVE('',#5171,#5179,#5181,.T.);
#5179 = VERTEX_POINT('',#5180);
#5180 = CARTESIAN_POINT('',(48.37354537553,-8.537705070669,-27.25));
#5181 = LINE('',#5182,#5183);
#5182 = CARTESIAN_POINT('',(48.37354537553,-4.49027021449,-27.25));
#5183 = VECTOR('',#5184,1.);
#5184 = DIRECTION('',(0.,1.,0.));
#5185 = ORIENTED_EDGE('',*,*,#5186,.T.);
#5186 = EDGE_CURVE('',#5179,#5187,#5189,.T.);
#5187 = VERTEX_POINT('',#5188);
#5188 = CARTESIAN_POINT('',(45.625832007689,-8.537705070669,-27.25));
#5189 = LINE('',#5190,#5191);
#5190 = CARTESIAN_POINT('',(24.186772687765,-8.537705070669,-27.25));
#5191 = VECTOR('',#5192,1.);
#5192 = DIRECTION('',(-1.,0.,0.));
#5193 = ORIENTED_EDGE('',*,*,#5194,.T.);
#5194 = EDGE_CURVE('',#5187,#5195,#5197,.T.);
#5195 = VERTEX_POINT('',#5196);
#5196 = CARTESIAN_POINT('',(48.37354537553,-6.697003882503,-27.25));
#5197 = LINE('',#5198,#5199);
#5198 = CARTESIAN_POINT('',(31.853321212884,-17.76395016621,-27.25));
#5199 = VECTOR('',#5200,1.);
#5200 = DIRECTION('',(0.830807275301,0.556560213551,0.));
#5201 = ORIENTED_EDGE('',*,*,#5202,.T.);
#5202 = EDGE_CURVE('',#5195,#5203,#5205,.T.);
#5203 = VERTEX_POINT('',#5204);
#5204 = CARTESIAN_POINT('',(48.37354537553,-6.222156329614,-27.25));
#5205 = LINE('',#5206,#5207);
#5206 = CARTESIAN_POINT('',(48.37354537553,-3.348501941252,-27.25));
#5207 = VECTOR('',#5208,1.);
#5208 = DIRECTION('',(0.,1.,0.));
#5209 = ORIENTED_EDGE('',*,*,#5210,.T.);
#5210 = EDGE_CURVE('',#5203,#5137,#5211,.T.);
#5211 = LINE('',#5212,#5213);
#5212 = CARTESIAN_POINT('',(24.186772687765,-6.222156329614,-27.25));
#5213 = VECTOR('',#5214,1.);
#5214 = DIRECTION('',(-1.,0.,0.));
#5215 = PLANE('',#5216);
#5216 = AXIS2_PLACEMENT_3D('',#5217,#5218,#5219);
#5217 = CARTESIAN_POINT('',(-5.551115123126E-16,-2.314121116953E-14,
    -27.25));
#5218 = DIRECTION('',(0.,0.,1.));
#5219 = DIRECTION('',(1.,0.,-0.));
#5220 = ADVANCED_FACE('',(#5221),#5237,.T.);
#5221 = FACE_BOUND('',#5222,.T.);
#5222 = EDGE_LOOP('',(#5223,#5224,#5230,#5231));
#5223 = ORIENTED_EDGE('',*,*,#5170,.F.);
#5224 = ORIENTED_EDGE('',*,*,#5225,.T.);
#5225 = EDGE_CURVE('',#5163,#1687,#5226,.T.);
#5226 = LINE('',#5227,#5228);
#5227 = CARTESIAN_POINT('',(44.873545435135,-8.980540428981,
    139.22127162309));
#5228 = VECTOR('',#5229,1.);
#5229 = DIRECTION('',(0.,0.,-1.));
#5230 = ORIENTED_EDGE('',*,*,#1684,.F.);
#5231 = ORIENTED_EDGE('',*,*,#5232,.F.);
#5232 = EDGE_CURVE('',#5171,#1685,#5233,.T.);
#5233 = LINE('',#5234,#5235);
#5234 = CARTESIAN_POINT('',(48.37354537553,-8.980540428981,
    139.22127162309));
#5235 = VECTOR('',#5236,1.);
#5236 = DIRECTION('',(0.,0.,-1.));
#5237 = PLANE('',#5238);
#5238 = AXIS2_PLACEMENT_3D('',#5239,#5240,#5241);
#5239 = CARTESIAN_POINT('',(44.873545435135,-8.980540428981,
    139.22127162309));
#5240 = DIRECTION('',(0.,-1.,0.));
#5241 = DIRECTION('',(0.,0.,-1.));
#5242 = ADVANCED_FACE('',(#5243),#5254,.T.);
#5243 = FACE_BOUND('',#5244,.T.);
#5244 = EDGE_LOOP('',(#5245,#5246,#5252,#5253));
#5245 = ORIENTED_EDGE('',*,*,#5162,.F.);
#5246 = ORIENTED_EDGE('',*,*,#5247,.T.);
#5247 = EDGE_CURVE('',#5155,#1695,#5248,.T.);
#5248 = LINE('',#5249,#5250);
#5249 = CARTESIAN_POINT('',(44.873545435135,-8.505692876092,
    139.22127162309));
#5250 = VECTOR('',#5251,1.);
#5251 = DIRECTION('',(0.,0.,-1.));
#5252 = ORIENTED_EDGE('',*,*,#1694,.F.);
#5253 = ORIENTED_EDGE('',*,*,#5225,.F.);
#5254 = PLANE('',#5255);
#5255 = AXIS2_PLACEMENT_3D('',#5256,#5257,#5258);
#5256 = CARTESIAN_POINT('',(44.873545435135,-8.505692876092,
    139.22127162309));
#5257 = DIRECTION('',(-1.,0.,0.));
#5258 = DIRECTION('',(0.,0.,1.));
#5259 = ADVANCED_FACE('',(#5260),#5271,.T.);
#5260 = FACE_BOUND('',#5261,.T.);
#5261 = EDGE_LOOP('',(#5262,#5263,#5269,#5270));
#5262 = ORIENTED_EDGE('',*,*,#5154,.F.);
#5263 = ORIENTED_EDGE('',*,*,#5264,.T.);
#5264 = EDGE_CURVE('',#5147,#1703,#5265,.T.);
#5265 = LINE('',#5266,#5267);
#5266 = CARTESIAN_POINT('',(47.621258802976,-6.664991687927,
    139.22127162309));
#5267 = VECTOR('',#5268,1.);
#5268 = DIRECTION('',(0.,0.,-1.));
#5269 = ORIENTED_EDGE('',*,*,#1702,.F.);
#5270 = ORIENTED_EDGE('',*,*,#5247,.F.);
#5271 = PLANE('',#5272);
#5272 = AXIS2_PLACEMENT_3D('',#5273,#5274,#5275);
#5273 = CARTESIAN_POINT('',(47.621258802976,-6.664991687927,
    139.22127162309));
#5274 = DIRECTION('',(-0.556560213551,0.830807275301,0.));
#5275 = DIRECTION('',(0.,0.,1.));
#5276 = ADVANCED_FACE('',(#5277),#5288,.T.);
#5277 = FACE_BOUND('',#5278,.T.);
#5278 = EDGE_LOOP('',(#5279,#5280,#5286,#5287));
#5279 = ORIENTED_EDGE('',*,*,#5146,.F.);
#5280 = ORIENTED_EDGE('',*,*,#5281,.T.);
#5281 = EDGE_CURVE('',#5139,#1711,#5282,.T.);
#5282 = LINE('',#5283,#5284);
#5283 = CARTESIAN_POINT('',(44.873545435135,-6.664991687927,
    139.22127162309));
#5284 = VECTOR('',#5285,1.);
#5285 = DIRECTION('',(0.,0.,-1.));
#5286 = ORIENTED_EDGE('',*,*,#1710,.F.);
#5287 = ORIENTED_EDGE('',*,*,#5264,.F.);
#5288 = PLANE('',#5289);
#5289 = AXIS2_PLACEMENT_3D('',#5290,#5291,#5292);
#5290 = CARTESIAN_POINT('',(44.873545435135,-6.664991687927,
    139.22127162309));
#5291 = DIRECTION('',(0.,-1.,0.));
#5292 = DIRECTION('',(0.,0.,-1.));
#5293 = ADVANCED_FACE('',(#5294),#5305,.T.);
#5294 = FACE_BOUND('',#5295,.T.);
#5295 = EDGE_LOOP('',(#5296,#5297,#5303,#5304));
#5296 = ORIENTED_EDGE('',*,*,#5136,.F.);
#5297 = ORIENTED_EDGE('',*,*,#5298,.T.);
#5298 = EDGE_CURVE('',#5137,#1719,#5299,.T.);
#5299 = LINE('',#5300,#5301);
#5300 = CARTESIAN_POINT('',(44.873545435135,-6.222156329614,
    139.22127162309));
#5301 = VECTOR('',#5302,1.);
#5302 = DIRECTION('',(0.,0.,-1.));
#5303 = ORIENTED_EDGE('',*,*,#1718,.F.);
#5304 = ORIENTED_EDGE('',*,*,#5281,.F.);
#5305 = PLANE('',#5306);
#5306 = AXIS2_PLACEMENT_3D('',#5307,#5308,#5309);
#5307 = CARTESIAN_POINT('',(44.873545435135,-6.222156329614,
    139.22127162309));
#5308 = DIRECTION('',(-1.,0.,0.));
#5309 = DIRECTION('',(0.,0.,1.));
#5310 = ADVANCED_FACE('',(#5311),#5322,.T.);
#5311 = FACE_BOUND('',#5312,.T.);
#5312 = EDGE_LOOP('',(#5313,#5314,#5315,#5316));
#5313 = ORIENTED_EDGE('',*,*,#5178,.F.);
#5314 = ORIENTED_EDGE('',*,*,#5232,.T.);
#5315 = ORIENTED_EDGE('',*,*,#1758,.F.);
#5316 = ORIENTED_EDGE('',*,*,#5317,.F.);
#5317 = EDGE_CURVE('',#5179,#1751,#5318,.T.);
#5318 = LINE('',#5319,#5320);
#5319 = CARTESIAN_POINT('',(48.37354537553,-8.537705070669,
    139.22127162309));
#5320 = VECTOR('',#5321,1.);
#5321 = DIRECTION('',(0.,0.,-1.));
#5322 = PLANE('',#5323);
#5323 = AXIS2_PLACEMENT_3D('',#5324,#5325,#5326);
#5324 = CARTESIAN_POINT('',(48.37354537553,-8.980540428981,
    139.22127162309));
#5325 = DIRECTION('',(1.,0.,0.));
#5326 = DIRECTION('',(0.,0.,-1.));
#5327 = ADVANCED_FACE('',(#5328),#5339,.T.);
#5328 = FACE_BOUND('',#5329,.T.);
#5329 = EDGE_LOOP('',(#5330,#5331,#5332,#5333));
#5330 = ORIENTED_EDGE('',*,*,#5186,.F.);
#5331 = ORIENTED_EDGE('',*,*,#5317,.T.);
#5332 = ORIENTED_EDGE('',*,*,#1750,.F.);
#5333 = ORIENTED_EDGE('',*,*,#5334,.F.);
#5334 = EDGE_CURVE('',#5187,#1743,#5335,.T.);
#5335 = LINE('',#5336,#5337);
#5336 = CARTESIAN_POINT('',(45.625832007689,-8.537705070669,
    139.22127162309));
#5337 = VECTOR('',#5338,1.);
#5338 = DIRECTION('',(0.,0.,-1.));
#5339 = PLANE('',#5340);
#5340 = AXIS2_PLACEMENT_3D('',#5341,#5342,#5343);
#5341 = CARTESIAN_POINT('',(48.37354537553,-8.537705070669,
    139.22127162309));
#5342 = DIRECTION('',(0.,1.,0.));
#5343 = DIRECTION('',(0.,-0.,1.));
#5344 = ADVANCED_FACE('',(#5345),#5356,.T.);
#5345 = FACE_BOUND('',#5346,.T.);
#5346 = EDGE_LOOP('',(#5347,#5348,#5349,#5350));
#5347 = ORIENTED_EDGE('',*,*,#5194,.F.);
#5348 = ORIENTED_EDGE('',*,*,#5334,.T.);
#5349 = ORIENTED_EDGE('',*,*,#1742,.F.);
#5350 = ORIENTED_EDGE('',*,*,#5351,.F.);
#5351 = EDGE_CURVE('',#5195,#1735,#5352,.T.);
#5352 = LINE('',#5353,#5354);
#5353 = CARTESIAN_POINT('',(48.37354537553,-6.697003882503,
    139.22127162309));
#5354 = VECTOR('',#5355,1.);
#5355 = DIRECTION('',(0.,0.,-1.));
#5356 = PLANE('',#5357);
#5357 = AXIS2_PLACEMENT_3D('',#5358,#5359,#5360);
#5358 = CARTESIAN_POINT('',(45.625832007689,-8.537705070669,
    139.22127162309));
#5359 = DIRECTION('',(0.556560213551,-0.830807275301,0.));
#5360 = DIRECTION('',(0.,0.,-1.));
#5361 = ADVANCED_FACE('',(#5362),#5373,.T.);
#5362 = FACE_BOUND('',#5363,.T.);
#5363 = EDGE_LOOP('',(#5364,#5365,#5366,#5367));
#5364 = ORIENTED_EDGE('',*,*,#5202,.F.);
#5365 = ORIENTED_EDGE('',*,*,#5351,.T.);
#5366 = ORIENTED_EDGE('',*,*,#1734,.F.);
#5367 = ORIENTED_EDGE('',*,*,#5368,.F.);
#5368 = EDGE_CURVE('',#5203,#1727,#5369,.T.);
#5369 = LINE('',#5370,#5371);
#5370 = CARTESIAN_POINT('',(48.37354537553,-6.222156329614,
    139.22127162309));
#5371 = VECTOR('',#5372,1.);
#5372 = DIRECTION('',(0.,0.,-1.));
#5373 = PLANE('',#5374);
#5374 = AXIS2_PLACEMENT_3D('',#5375,#5376,#5377);
#5375 = CARTESIAN_POINT('',(48.37354537553,-6.697003882503,
    139.22127162309));
#5376 = DIRECTION('',(1.,0.,0.));
#5377 = DIRECTION('',(0.,0.,-1.));
#5378 = ADVANCED_FACE('',(#5379),#5385,.T.);
#5379 = FACE_BOUND('',#5380,.T.);
#5380 = EDGE_LOOP('',(#5381,#5382,#5383,#5384));
#5381 = ORIENTED_EDGE('',*,*,#5210,.F.);
#5382 = ORIENTED_EDGE('',*,*,#5368,.T.);
#5383 = ORIENTED_EDGE('',*,*,#1726,.F.);
#5384 = ORIENTED_EDGE('',*,*,#5298,.F.);
#5385 = PLANE('',#5386);
#5386 = AXIS2_PLACEMENT_3D('',#5387,#5388,#5389);
#5387 = CARTESIAN_POINT('',(48.37354537553,-6.222156329614,
    139.22127162309));
#5388 = DIRECTION('',(0.,1.,0.));
#5389 = DIRECTION('',(0.,-0.,1.));
#5390 = ADVANCED_FACE('',(#5391,#5468),#5539,.T.);
#5391 = FACE_BOUND('',#5392,.T.);
#5392 = EDGE_LOOP('',(#5393,#5403,#5424,#5436,#5445,#5454,#5462));
#5393 = ORIENTED_EDGE('',*,*,#5394,.T.);
#5394 = EDGE_CURVE('',#5395,#5397,#5399,.T.);
#5395 = VERTEX_POINT('',#5396);
#5396 = CARTESIAN_POINT('',(44.873545435135,-9.756836147468,-27.25));
#5397 = VERTEX_POINT('',#5398);
#5398 = CARTESIAN_POINT('',(44.873545435135,-11.02131783325,-27.25));
#5399 = LINE('',#5400,#5401);
#5400 = CARTESIAN_POINT('',(44.873545435135,-4.878418073734,-27.25));
#5401 = VECTOR('',#5402,1.);
#5402 = DIRECTION('',(0.,-1.,0.));
#5403 = ORIENTED_EDGE('',*,*,#5404,.T.);
#5404 = EDGE_CURVE('',#5397,#5405,#5407,.T.);
#5405 = VERTEX_POINT('',#5406);
#5406 = CARTESIAN_POINT('',(46.642219185502,-12.65127207378,-27.25));
#5407 = B_SPLINE_CURVE_WITH_KNOTS('',3,(#5408,#5409,#5410,#5411,#5412,
    #5413,#5414,#5415,#5416,#5417,#5418,#5419,#5420,#5421,#5422,#5423),
  .UNSPECIFIED.,.F.,.F.,(4,3,3,3,3,4),(-0.236377042794,-0.189101634235,
    -0.141826225676,-9.455081711746E-02,-4.727540855873E-02,0.),
  .UNSPECIFIED.);
#5408 = CARTESIAN_POINT('',(44.873545435135,-11.02131783325,-27.25));
#5409 = CARTESIAN_POINT('',(44.873545435135,-11.2329540085,-27.25));
#5410 = CARTESIAN_POINT('',(44.893553056745,-11.42013642402,-27.25));
#5411 = CARTESIAN_POINT('',(44.933568299966,-11.58286507978,-27.25));
#5412 = CARTESIAN_POINT('',(44.973583543187,-11.74559373555,-27.25));
#5413 = CARTESIAN_POINT('',(45.032272566578,-11.88475785919,-27.25));
#5414 = CARTESIAN_POINT('',(45.109635370139,-12.00035745072,-27.25));
#5415 = CARTESIAN_POINT('',(45.186998173699,-12.11595704225,-27.25));
#5416 = CARTESIAN_POINT('',(45.292816261328,-12.22221974369,-27.25));
#5417 = CARTESIAN_POINT('',(45.427089633025,-12.31914555505,-27.25));
#5418 = CARTESIAN_POINT('',(45.561363004722,-12.4160713664,-27.25));
#5419 = CARTESIAN_POINT('',(45.731205481505,-12.49565723903,-27.25));
#5420 = CARTESIAN_POINT('',(45.936617063372,-12.55790317293,-27.25));
#5421 = CARTESIAN_POINT('',(46.14202864524,-12.62014910683,-27.25));
#5422 = CARTESIAN_POINT('',(46.377229352617,-12.65127207378,-27.25));
#5423 = CARTESIAN_POINT('',(46.642219185502,-12.65127207378,-27.25));
#5424 = ORIENTED_EDGE('',*,*,#5425,.T.);
#5425 = EDGE_CURVE('',#5405,#5426,#5428,.T.);
#5426 = VERTEX_POINT('',#5427);
#5427 = CARTESIAN_POINT('',(48.072097209932,-12.09906171733,-27.25));
#5428 = B_SPLINE_CURVE_WITH_KNOTS('',3,(#5429,#5430,#5431,#5432,#5433,
    #5434,#5435),.UNSPECIFIED.,.F.,.F.,(4,3,4),(-0.14997860231,
    -7.498930115522E-02,0.),.UNSPECIFIED.);
#5429 = CARTESIAN_POINT('',(46.642219185502,-12.65127207378,-27.25));
#5430 = CARTESIAN_POINT('',(46.955227310253,-12.65127207378,-27.25));
#5431 = CARTESIAN_POINT('',(47.233110943732,-12.60547685098,-27.25));
#5432 = CARTESIAN_POINT('',(47.475870085939,-12.51388640539,-27.25));
#5433 = CARTESIAN_POINT('',(47.718629228147,-12.42229595979,-27.25));
#5434 = CARTESIAN_POINT('',(47.917371602811,-12.28402106378,-27.25));
#5435 = CARTESIAN_POINT('',(48.072097209932,-12.09906171733,-27.25));
#5436 = ORIENTED_EDGE('',*,*,#5437,.T.);
#5437 = EDGE_CURVE('',#5426,#5438,#5440,.T.);
#5438 = VERTEX_POINT('',#5439);
#5439 = CARTESIAN_POINT('',(48.322859400784,-11.5868666041,-27.25));
#5440 = B_SPLINE_CURVE_WITH_KNOTS('',3,(#5441,#5442,#5443,#5444),
  .UNSPECIFIED.,.F.,.F.,(4,4),(-5.781441283359E-02,0.),
  .PIECEWISE_BEZIER_KNOTS.);
#5441 = CARTESIAN_POINT('',(48.072097209932,-12.09906171733,-27.25));
#5442 = CARTESIAN_POINT('',(48.193032167222,-11.95856375224,-27.25));
#5443 = CARTESIAN_POINT('',(48.276619564173,-11.78783204784,-27.25));
#5444 = CARTESIAN_POINT('',(48.322859400784,-11.5868666041,-27.25));
#5445 = ORIENTED_EDGE('',*,*,#5446,.T.);
#5446 = EDGE_CURVE('',#5438,#5447,#5449,.T.);
#5447 = VERTEX_POINT('',#5448);
#5448 = CARTESIAN_POINT('',(48.37354537553,-10.96262880986,-27.25));
#5449 = B_SPLINE_CURVE_WITH_KNOTS('',3,(#5450,#5451,#5452,#5453),
  .UNSPECIFIED.,.F.,.F.,(4,4),(-6.091350967189E-02,0.),
  .PIECEWISE_BEZIER_KNOTS.);
#5450 = CARTESIAN_POINT('',(48.322859400784,-11.5868666041,-27.25));
#5451 = CARTESIAN_POINT('',(48.356650050615,-11.44281172851,-27.25));
#5452 = CARTESIAN_POINT('',(48.37354537553,-11.23473246376,-27.25));
#5453 = CARTESIAN_POINT('',(48.37354537553,-10.96262880986,-27.25));
#5454 = ORIENTED_EDGE('',*,*,#5455,.T.);
#5455 = EDGE_CURVE('',#5447,#5456,#5458,.T.);
#5456 = VERTEX_POINT('',#5457);
#5457 = CARTESIAN_POINT('',(48.37354537553,-9.756836147468,-27.25));
#5458 = LINE('',#5459,#5460);
#5459 = CARTESIAN_POINT('',(48.37354537553,-5.48131440493,-27.25));
#5460 = VECTOR('',#5461,1.);
#5461 = DIRECTION('',(0.,1.,0.));
#5462 = ORIENTED_EDGE('',*,*,#5463,.T.);
#5463 = EDGE_CURVE('',#5456,#5395,#5464,.T.);
#5464 = LINE('',#5465,#5466);
#5465 = CARTESIAN_POINT('',(24.186772687765,-9.756836147468,-27.25));
#5466 = VECTOR('',#5467,1.);
#5467 = DIRECTION('',(-1.,0.,0.));
#5468 = FACE_BOUND('',#5469,.T.);
#5469 = EDGE_LOOP('',(#5470,#5484,#5492,#5500,#5508,#5517,#5529));
#5470 = ORIENTED_EDGE('',*,*,#5471,.T.);
#5471 = EDGE_CURVE('',#5472,#5474,#5476,.T.);
#5472 = VERTEX_POINT('',#5473);
#5473 = CARTESIAN_POINT('',(45.53246310684,-11.82429038055,-27.25));
#5474 = VERTEX_POINT('',#5475);
#5475 = CARTESIAN_POINT('',(45.287036281752,-10.96796417562,-27.25));
#5476 = B_SPLINE_CURVE_WITH_KNOTS('',3,(#5477,#5478,#5479,#5480,#5481,
    #5482,#5483),.UNSPECIFIED.,.F.,.F.,(4,3,4),(-0.265959763943,
    -0.132979881971,0.),.UNSPECIFIED.);
#5477 = CARTESIAN_POINT('',(45.53246310684,-11.82429038055,-27.25));
#5478 = CARTESIAN_POINT('',(45.454211075653,-11.74781680461,-27.25));
#5479 = CARTESIAN_POINT('',(45.393743597008,-11.64377717224,-27.25));
#5480 = CARTESIAN_POINT('',(45.351060670905,-11.51217148342,-27.25));
#5481 = CARTESIAN_POINT('',(45.308377744803,-11.38056579461,-27.25));
#5482 = CARTESIAN_POINT('',(45.287036281752,-11.19916335867,-27.25));
#5483 = CARTESIAN_POINT('',(45.287036281752,-10.96796417562,-27.25));
#5484 = ORIENTED_EDGE('',*,*,#5485,.T.);
#5485 = EDGE_CURVE('',#5474,#5486,#5488,.T.);
#5486 = VERTEX_POINT('',#5487);
#5487 = CARTESIAN_POINT('',(45.287036281752,-10.22101296883,-27.25));
#5488 = LINE('',#5489,#5490);
#5489 = CARTESIAN_POINT('',(45.287036281752,-5.110506484416,-27.25));
#5490 = VECTOR('',#5491,1.);
#5491 = DIRECTION('',(0.,1.,0.));
#5492 = ORIENTED_EDGE('',*,*,#5493,.T.);
#5493 = EDGE_CURVE('',#5486,#5494,#5496,.T.);
#5494 = VERTEX_POINT('',#5495);
#5495 = CARTESIAN_POINT('',(47.960054528913,-10.22101296883,-27.25));
#5496 = LINE('',#5497,#5498);
#5497 = CARTESIAN_POINT('',(23.980027264457,-10.22101296883,-27.25));
#5498 = VECTOR('',#5499,1.);
#5499 = DIRECTION('',(1.,0.,0.));
#5500 = ORIENTED_EDGE('',*,*,#5501,.T.);
#5501 = EDGE_CURVE('',#5494,#5502,#5504,.T.);
#5502 = VERTEX_POINT('',#5503);
#5503 = CARTESIAN_POINT('',(47.960054528913,-10.95729344409,-27.25));
#5504 = LINE('',#5505,#5506);
#5505 = CARTESIAN_POINT('',(47.960054528913,-5.478646722049,-27.25));
#5506 = VECTOR('',#5507,1.);
#5507 = DIRECTION('',(0.,-1.,0.));
#5508 = ORIENTED_EDGE('',*,*,#5509,.T.);
#5509 = EDGE_CURVE('',#5502,#5510,#5512,.T.);
#5510 = VERTEX_POINT('',#5511);
#5511 = CARTESIAN_POINT('',(47.888027091116,-11.55485440953,-27.25));
#5512 = B_SPLINE_CURVE_WITH_KNOTS('',3,(#5513,#5514,#5515,#5516),
  .UNSPECIFIED.,.F.,.F.,(4,4),(-5.300176714667E-02,0.),
  .PIECEWISE_BEZIER_KNOTS.);
#5513 = CARTESIAN_POINT('',(47.960054528913,-10.95729344409,-27.25));
#5514 = CARTESIAN_POINT('',(47.960054528913,-11.23117555325,-27.25));
#5515 = CARTESIAN_POINT('',(47.936045382981,-11.43036254173,-27.25));
#5516 = CARTESIAN_POINT('',(47.888027091116,-11.55485440953,-27.25));
#5517 = ORIENTED_EDGE('',*,*,#5518,.T.);
#5518 = EDGE_CURVE('',#5510,#5519,#5521,.T.);
#5519 = VERTEX_POINT('',#5520);
#5520 = CARTESIAN_POINT('',(46.650222234147,-12.17375683801,-27.25));
#5521 = B_SPLINE_CURVE_WITH_KNOTS('',3,(#5522,#5523,#5524,#5525,#5526,
    #5527,#5528),.UNSPECIFIED.,.F.,.F.,(4,3,4),(-0.206819756409,
    -0.103409878205,0.),.UNSPECIFIED.);
#5522 = CARTESIAN_POINT('',(47.888027091116,-11.55485440953,-27.25));
#5523 = CARTESIAN_POINT('',(47.822224246708,-11.72736456919,-27.25));
#5524 = CARTESIAN_POINT('',(47.691063171706,-11.87364251385,-27.25));
#5525 = CARTESIAN_POINT('',(47.494543866109,-11.99368824352,-27.25));
#5526 = CARTESIAN_POINT('',(47.298024560513,-12.11373397318,-27.25));
#5527 = CARTESIAN_POINT('',(47.016584016525,-12.17375683801,-27.25));
#5528 = CARTESIAN_POINT('',(46.650222234147,-12.17375683801,-27.25));
#5529 = ORIENTED_EDGE('',*,*,#5530,.T.);
#5530 = EDGE_CURVE('',#5519,#5472,#5531,.T.);
#5531 = B_SPLINE_CURVE_WITH_KNOTS('',3,(#5532,#5533,#5534,#5535,#5536,
    #5537,#5538),.UNSPECIFIED.,.F.,.F.,(4,3,4),(-8.508580550621E-02,
    -4.254290275311E-02,0.),.UNSPECIFIED.);
#5532 = CARTESIAN_POINT('',(46.650222234147,-12.17375683801,-27.25));
#5533 = CARTESIAN_POINT('',(46.385232401261,-12.17375683801,-27.25));
#5534 = CARTESIAN_POINT('',(46.160257811596,-12.14307848487,-27.25));
#5535 = CARTESIAN_POINT('',(45.975298465153,-12.0817217786,-27.25));
#5536 = CARTESIAN_POINT('',(45.790339118709,-12.02036507233,-27.25));
#5537 = CARTESIAN_POINT('',(45.642727332605,-11.93455460631,-27.25));
#5538 = CARTESIAN_POINT('',(45.53246310684,-11.82429038055,-27.25));
#5539 = PLANE('',#5540);
#5540 = AXIS2_PLACEMENT_3D('',#5541,#5542,#5543);
#5541 = CARTESIAN_POINT('',(-5.551115123126E-16,-2.314121116953E-14,
    -27.25));
#5542 = DIRECTION('',(0.,0.,1.));
#5543 = DIRECTION('',(1.,0.,-0.));
#5544 = ADVANCED_FACE('',(#5545),#5570,.F.);
#5545 = FACE_BOUND('',#5546,.T.);
#5546 = EDGE_LOOP('',(#5547,#5548,#5556,#5564));
#5547 = ORIENTED_EDGE('',*,*,#5501,.F.);
#5548 = ORIENTED_EDGE('',*,*,#5549,.T.);
#5549 = EDGE_CURVE('',#5494,#5550,#5552,.T.);
#5550 = VERTEX_POINT('',#5551);
#5551 = CARTESIAN_POINT('',(47.960054528913,-10.22101296883,-27.75));
#5552 = LINE('',#5553,#5554);
#5553 = CARTESIAN_POINT('',(47.960054528913,-10.22101296883,
    139.22127162309));
#5554 = VECTOR('',#5555,1.);
#5555 = DIRECTION('',(0.,0.,-1.));
#5556 = ORIENTED_EDGE('',*,*,#5557,.F.);
#5557 = EDGE_CURVE('',#5558,#5550,#5560,.T.);
#5558 = VERTEX_POINT('',#5559);
#5559 = CARTESIAN_POINT('',(47.960054528913,-10.95729344409,-27.75));
#5560 = LINE('',#5561,#5562);
#5561 = CARTESIAN_POINT('',(47.960054528913,-5.478646722049,-27.75));
#5562 = VECTOR('',#5563,1.);
#5563 = DIRECTION('',(0.,1.,0.));
#5564 = ORIENTED_EDGE('',*,*,#5565,.F.);
#5565 = EDGE_CURVE('',#5502,#5558,#5566,.T.);
#5566 = LINE('',#5567,#5568);
#5567 = CARTESIAN_POINT('',(47.960054528913,-10.95729344409,
    139.22127162309));
#5568 = VECTOR('',#5569,1.);
#5569 = DIRECTION('',(0.,0.,-1.));
#5570 = PLANE('',#5571);
#5571 = AXIS2_PLACEMENT_3D('',#5572,#5573,#5574);
#5572 = CARTESIAN_POINT('',(47.960054528913,-10.95729344409,
    139.22127162309));
#5573 = DIRECTION('',(1.,0.,0.));
#5574 = DIRECTION('',(0.,0.,-1.));
#5575 = ADVANCED_FACE('',(#5576),#5594,.F.);
#5576 = FACE_BOUND('',#5577,.T.);
#5577 = EDGE_LOOP('',(#5578,#5579,#5587,#5593));
#5578 = ORIENTED_EDGE('',*,*,#5493,.F.);
#5579 = ORIENTED_EDGE('',*,*,#5580,.T.);
#5580 = EDGE_CURVE('',#5486,#5581,#5583,.T.);
#5581 = VERTEX_POINT('',#5582);
#5582 = CARTESIAN_POINT('',(45.287036281752,-10.22101296883,-27.75));
#5583 = LINE('',#5584,#5585);
#5584 = CARTESIAN_POINT('',(45.287036281752,-10.22101296883,
    139.22127162309));
#5585 = VECTOR('',#5586,1.);
#5586 = DIRECTION('',(0.,0.,-1.));
#5587 = ORIENTED_EDGE('',*,*,#5588,.F.);
#5588 = EDGE_CURVE('',#5550,#5581,#5589,.T.);
#5589 = LINE('',#5590,#5591);
#5590 = CARTESIAN_POINT('',(23.980027264457,-10.22101296883,-27.75));
#5591 = VECTOR('',#5592,1.);
#5592 = DIRECTION('',(-1.,0.,0.));
#5593 = ORIENTED_EDGE('',*,*,#5549,.F.);
#5594 = PLANE('',#5595);
#5595 = AXIS2_PLACEMENT_3D('',#5596,#5597,#5598);
#5596 = CARTESIAN_POINT('',(47.960054528913,-10.22101296883,
    139.22127162309));
#5597 = DIRECTION('',(0.,1.,0.));
#5598 = DIRECTION('',(0.,-0.,1.));
#5599 = ADVANCED_FACE('',(#5600),#5618,.F.);
#5600 = FACE_BOUND('',#5601,.T.);
#5601 = EDGE_LOOP('',(#5602,#5603,#5611,#5617));
#5602 = ORIENTED_EDGE('',*,*,#5485,.F.);
#5603 = ORIENTED_EDGE('',*,*,#5604,.T.);
#5604 = EDGE_CURVE('',#5474,#5605,#5607,.T.);
#5605 = VERTEX_POINT('',#5606);
#5606 = CARTESIAN_POINT('',(45.287036281752,-10.96796417562,-27.75));
#5607 = LINE('',#5608,#5609);
#5608 = CARTESIAN_POINT('',(45.287036281752,-10.96796417562,
    139.22127162309));
#5609 = VECTOR('',#5610,1.);
#5610 = DIRECTION('',(0.,0.,-1.));
#5611 = ORIENTED_EDGE('',*,*,#5612,.F.);
#5612 = EDGE_CURVE('',#5581,#5605,#5613,.T.);
#5613 = LINE('',#5614,#5615);
#5614 = CARTESIAN_POINT('',(45.287036281752,-5.110506484416,-27.75));
#5615 = VECTOR('',#5616,1.);
#5616 = DIRECTION('',(0.,-1.,0.));
#5617 = ORIENTED_EDGE('',*,*,#5580,.F.);
#5618 = PLANE('',#5619);
#5619 = AXIS2_PLACEMENT_3D('',#5620,#5621,#5622);
#5620 = CARTESIAN_POINT('',(45.287036281752,-10.22101296883,
    139.22127162309));
#5621 = DIRECTION('',(-1.,0.,0.));
#5622 = DIRECTION('',(0.,0.,1.));
#5623 = ADVANCED_FACE('',(#5624),#5643,.F.);
#5624 = FACE_BOUND('',#5625,.F.);
#5625 = EDGE_LOOP('',(#5626,#5627,#5636,#5642));
#5626 = ORIENTED_EDGE('',*,*,#5604,.T.);
#5627 = ORIENTED_EDGE('',*,*,#5628,.T.);
#5628 = EDGE_CURVE('',#5605,#5629,#5631,.T.);
#5629 = VERTEX_POINT('',#5630);
#5630 = CARTESIAN_POINT('',(45.53246310684,-11.82429038055,-27.75));
#5631 = B_SPLINE_CURVE_WITH_KNOTS('',2,(#5632,#5633,#5634,#5635),
  .UNSPECIFIED.,.F.,.F.,(3,1,3),(0.,1.,2.),.QUASI_UNIFORM_KNOTS.);
#5632 = CARTESIAN_POINT('',(45.287036281752,-10.96796417562,-27.75));
#5633 = CARTESIAN_POINT('',(45.287036281752,-11.3147629502,-27.75));
#5634 = CARTESIAN_POINT('',(45.415085060059,-11.70958001665,-27.75));
#5635 = CARTESIAN_POINT('',(45.53246310684,-11.82429038055,-27.75));
#5636 = ORIENTED_EDGE('',*,*,#5637,.F.);
#5637 = EDGE_CURVE('',#5472,#5629,#5638,.T.);
#5638 = LINE('',#5639,#5640);
#5639 = CARTESIAN_POINT('',(45.53246310684,-11.82429038055,
    139.22127162309));
#5640 = VECTOR('',#5641,1.);
#5641 = DIRECTION('',(0.,0.,-1.));
#5642 = ORIENTED_EDGE('',*,*,#5471,.T.);
#5643 = B_SPLINE_SURFACE_WITH_KNOTS('',2,1,(
    (#5644,#5645)
    ,(#5646,#5647)
    ,(#5648,#5649)
    ,(#5650,#5651
  )),.UNSPECIFIED.,.F.,.F.,.F.,(3,1,3),(2,2),(-2.,-1.,0.),(0.,
    30.994354324618),.UNSPECIFIED.);
#5644 = CARTESIAN_POINT('',(45.53246310684,-11.82429038055,
    139.22127162309));
#5645 = CARTESIAN_POINT('',(45.53246310684,-11.82429038055,
    -170.722271623));
#5646 = CARTESIAN_POINT('',(45.415085060059,-11.70958001665,
    139.22127162309));
#5647 = CARTESIAN_POINT('',(45.415085060059,-11.70958001665,
    -170.722271623));
#5648 = CARTESIAN_POINT('',(45.287036281752,-11.3147629502,
    139.22127162309));
#5649 = CARTESIAN_POINT('',(45.287036281752,-11.3147629502,
    -170.722271623));
#5650 = CARTESIAN_POINT('',(45.287036281752,-10.96796417562,
    139.22127162309));
#5651 = CARTESIAN_POINT('',(45.287036281752,-10.96796417562,
    -170.722271623));
#5652 = ADVANCED_FACE('',(#5653),#5669,.T.);
#5653 = FACE_BOUND('',#5654,.T.);
#5654 = EDGE_LOOP('',(#5655,#5656,#5662,#5663));
#5655 = ORIENTED_EDGE('',*,*,#5437,.F.);
#5656 = ORIENTED_EDGE('',*,*,#5657,.T.);
#5657 = EDGE_CURVE('',#5426,#1769,#5658,.T.);
#5658 = LINE('',#5659,#5660);
#5659 = CARTESIAN_POINT('',(48.072097209932,-12.09906171733,
    139.22127162309));
#5660 = VECTOR('',#5661,1.);
#5661 = DIRECTION('',(0.,0.,-1.));
#5662 = ORIENTED_EDGE('',*,*,#1766,.F.);
#5663 = ORIENTED_EDGE('',*,*,#5664,.F.);
#5664 = EDGE_CURVE('',#5438,#1767,#5665,.T.);
#5665 = LINE('',#5666,#5667);
#5666 = CARTESIAN_POINT('',(48.322859400784,-11.5868666041,
    139.22127162309));
#5667 = VECTOR('',#5668,1.);
#5668 = DIRECTION('',(0.,0.,-1.));
#5669 = B_SPLINE_SURFACE_WITH_KNOTS('',2,1,(
    (#5670,#5671)
    ,(#5672,#5673)
    ,(#5674,#5675
    )),.UNSPECIFIED.,.F.,.F.,.F.,(3,3),(2,2),(0.,1.),(0.,30.994354324618
    ),.PIECEWISE_BEZIER_KNOTS.);
#5670 = CARTESIAN_POINT('',(48.322859400784,-11.5868666041,
    139.22127162309));
#5671 = CARTESIAN_POINT('',(48.322859400784,-11.5868666041,
    -170.722271623));
#5672 = CARTESIAN_POINT('',(48.253499645867,-11.8883147697,
    139.22127162309));
#5673 = CARTESIAN_POINT('',(48.253499645867,-11.8883147697,
    -170.722271623));
#5674 = CARTESIAN_POINT('',(48.072097209932,-12.09906171733,
    139.22127162309));
#5675 = CARTESIAN_POINT('',(48.072097209932,-12.09906171733,
    -170.722271623));
#5676 = ADVANCED_FACE('',(#5677),#5688,.T.);
#5677 = FACE_BOUND('',#5678,.T.);
#5678 = EDGE_LOOP('',(#5679,#5680,#5686,#5687));
#5679 = ORIENTED_EDGE('',*,*,#5425,.F.);
#5680 = ORIENTED_EDGE('',*,*,#5681,.T.);
#5681 = EDGE_CURVE('',#5405,#1777,#5682,.T.);
#5682 = LINE('',#5683,#5684);
#5683 = CARTESIAN_POINT('',(46.642219185502,-12.65127207378,
    139.22127162309));
#5684 = VECTOR('',#5685,1.);
#5685 = DIRECTION('',(0.,0.,-1.));
#5686 = ORIENTED_EDGE('',*,*,#1776,.F.);
#5687 = ORIENTED_EDGE('',*,*,#5657,.F.);
#5688 = B_SPLINE_SURFACE_WITH_KNOTS('',2,1,(
    (#5689,#5690)
    ,(#5691,#5692)
    ,(#5693,#5694)
    ,(#5695,#5696
    )),.UNSPECIFIED.,.F.,.F.,.F.,(3,1,3),(2,2),(0.,1.,2.),(0.,
    30.994354324618),.UNSPECIFIED.);
#5689 = CARTESIAN_POINT('',(48.072097209932,-12.09906171733,
    139.22127162309));
#5690 = CARTESIAN_POINT('',(48.072097209932,-12.09906171733,
    -170.722271623));
#5691 = CARTESIAN_POINT('',(47.84000879925,-12.376500737,139.22127162309
    ));
#5692 = CARTESIAN_POINT('',(47.84000879925,-12.376500737,-170.722271623)
  );
#5693 = CARTESIAN_POINT('',(47.111731372629,-12.65127207378,
    139.22127162309));
#5694 = CARTESIAN_POINT('',(47.111731372629,-12.65127207378,
    -170.722271623));
#5695 = CARTESIAN_POINT('',(46.642219185502,-12.65127207378,
    139.22127162309));
#5696 = CARTESIAN_POINT('',(46.642219185502,-12.65127207378,
    -170.722271623));
#5697 = ADVANCED_FACE('',(#5698),#5709,.T.);
#5698 = FACE_BOUND('',#5699,.T.);
#5699 = EDGE_LOOP('',(#5700,#5701,#5707,#5708));
#5700 = ORIENTED_EDGE('',*,*,#5404,.F.);
#5701 = ORIENTED_EDGE('',*,*,#5702,.T.);
#5702 = EDGE_CURVE('',#5397,#1786,#5703,.T.);
#5703 = LINE('',#5704,#5705);
#5704 = CARTESIAN_POINT('',(44.873545435135,-11.02131783325,
    139.22127162309));
#5705 = VECTOR('',#5706,1.);
#5706 = DIRECTION('',(0.,0.,-1.));
#5707 = ORIENTED_EDGE('',*,*,#1785,.F.);
#5708 = ORIENTED_EDGE('',*,*,#5681,.F.);
#5709 = B_SPLINE_SURFACE_WITH_KNOTS('',2,1,(
    (#5710,#5711)
    ,(#5712,#5713)
    ,(#5714,#5715)
    ,(#5716,#5717)
    ,(#5718,#5719)
    ,(#5720,#5721)
    ,(#5722,#5723
    )),.UNSPECIFIED.,.F.,.F.,.F.,(3,1,1,1,1,3),(2,2),(0.,1.,2.,3.,4.,5.)
  ,(0.,30.994354324618),.UNSPECIFIED.);
#5710 = CARTESIAN_POINT('',(46.642219185502,-12.65127207378,
    139.22127162309));
#5711 = CARTESIAN_POINT('',(46.642219185502,-12.65127207378,
    -170.722271623));
#5712 = CARTESIAN_POINT('',(46.244734436174,-12.65127207378,
    139.22127162309));
#5713 = CARTESIAN_POINT('',(46.244734436174,-12.65127207378,
    -170.722271623));
#5714 = CARTESIAN_POINT('',(45.628499690571,-12.46453427208,
    139.22127162309));
#5715 = CARTESIAN_POINT('',(45.628499690571,-12.46453427208,
    -170.722271623));
#5716 = CARTESIAN_POINT('',(45.22567957548,-12.17375683801,
    139.22127162309));
#5717 = CARTESIAN_POINT('',(45.22567957548,-12.17375683801,
    -170.722271623));
#5718 = CARTESIAN_POINT('',(44.993591164798,-11.82695806343,
    139.22127162309));
#5719 = CARTESIAN_POINT('',(44.993591164798,-11.82695806343,
    -170.722271623));
#5720 = CARTESIAN_POINT('',(44.873545435135,-11.33877209613,
    139.22127162309));
#5721 = CARTESIAN_POINT('',(44.873545435135,-11.33877209613,
    -170.722271623));
#5722 = CARTESIAN_POINT('',(44.873545435135,-11.02131783325,
    139.22127162309));
#5723 = CARTESIAN_POINT('',(44.873545435135,-11.02131783325,
    -170.722271623));
#5724 = ADVANCED_FACE('',(#5725),#5736,.T.);
#5725 = FACE_BOUND('',#5726,.T.);
#5726 = EDGE_LOOP('',(#5727,#5728,#5734,#5735));
#5727 = ORIENTED_EDGE('',*,*,#5394,.F.);
#5728 = ORIENTED_EDGE('',*,*,#5729,.T.);
#5729 = EDGE_CURVE('',#5395,#1798,#5730,.T.);
#5730 = LINE('',#5731,#5732);
#5731 = CARTESIAN_POINT('',(44.873545435135,-9.756836147468,
    139.22127162309));
#5732 = VECTOR('',#5733,1.);
#5733 = DIRECTION('',(0.,0.,-1.));
#5734 = ORIENTED_EDGE('',*,*,#1797,.F.);
#5735 = ORIENTED_EDGE('',*,*,#5702,.F.);
#5736 = PLANE('',#5737);
#5737 = AXIS2_PLACEMENT_3D('',#5738,#5739,#5740);
#5738 = CARTESIAN_POINT('',(44.873545435135,-9.756836147468,
    139.22127162309));
#5739 = DIRECTION('',(-1.,0.,0.));
#5740 = DIRECTION('',(0.,0.,1.));
#5741 = ADVANCED_FACE('',(#5742),#5761,.F.);
#5742 = FACE_BOUND('',#5743,.F.);
#5743 = EDGE_LOOP('',(#5744,#5745,#5754,#5760));
#5744 = ORIENTED_EDGE('',*,*,#5637,.T.);
#5745 = ORIENTED_EDGE('',*,*,#5746,.T.);
#5746 = EDGE_CURVE('',#5629,#5747,#5749,.T.);
#5747 = VERTEX_POINT('',#5748);
#5748 = CARTESIAN_POINT('',(46.650222234147,-12.17375683801,-27.75));
#5749 = B_SPLINE_CURVE_WITH_KNOTS('',2,(#5750,#5751,#5752,#5753),
  .UNSPECIFIED.,.F.,.F.,(3,1,3),(0.,1.,2.),.QUASI_UNIFORM_KNOTS.);
#5750 = CARTESIAN_POINT('',(45.53246310684,-11.82429038055,-27.75));
#5751 = CARTESIAN_POINT('',(45.697859445487,-11.98968671919,-27.75));
#5752 = CARTESIAN_POINT('',(46.252737484818,-12.17375683801,-27.75));
#5753 = CARTESIAN_POINT('',(46.650222234147,-12.17375683801,-27.75));
#5754 = ORIENTED_EDGE('',*,*,#5755,.F.);
#5755 = EDGE_CURVE('',#5519,#5747,#5756,.T.);
#5756 = LINE('',#5757,#5758);
#5757 = CARTESIAN_POINT('',(46.650222234147,-12.17375683801,
    139.22127162309));
#5758 = VECTOR('',#5759,1.);
#5759 = DIRECTION('',(0.,0.,-1.));
#5760 = ORIENTED_EDGE('',*,*,#5530,.T.);
#5761 = B_SPLINE_SURFACE_WITH_KNOTS('',2,1,(
    (#5762,#5763)
    ,(#5764,#5765)
    ,(#5766,#5767)
    ,(#5768,#5769
  )),.UNSPECIFIED.,.F.,.F.,.F.,(3,1,3),(2,2),(-2.,-1.,0.),(0.,
    30.994354324618),.UNSPECIFIED.);
#5762 = CARTESIAN_POINT('',(46.650222234147,-12.17375683801,
    139.22127162309));
#5763 = CARTESIAN_POINT('',(46.650222234147,-12.17375683801,
    -170.722271623));
#5764 = CARTESIAN_POINT('',(46.252737484818,-12.17375683801,
    139.22127162309));
#5765 = CARTESIAN_POINT('',(46.252737484818,-12.17375683801,
    -170.722271623));
#5766 = CARTESIAN_POINT('',(45.697859445487,-11.98968671919,
    139.22127162309));
#5767 = CARTESIAN_POINT('',(45.697859445487,-11.98968671919,
    -170.722271623));
#5768 = CARTESIAN_POINT('',(45.53246310684,-11.82429038055,
    139.22127162309));
#5769 = CARTESIAN_POINT('',(45.53246310684,-11.82429038055,
    -170.722271623));
#5770 = ADVANCED_FACE('',(#5771),#5790,.F.);
#5771 = FACE_BOUND('',#5772,.F.);
#5772 = EDGE_LOOP('',(#5773,#5774,#5783,#5789));
#5773 = ORIENTED_EDGE('',*,*,#5755,.T.);
#5774 = ORIENTED_EDGE('',*,*,#5775,.T.);
#5775 = EDGE_CURVE('',#5747,#5776,#5778,.T.);
#5776 = VERTEX_POINT('',#5777);
#5777 = CARTESIAN_POINT('',(47.888027091116,-11.55485440953,-27.75));
#5778 = B_SPLINE_CURVE_WITH_KNOTS('',2,(#5779,#5780,#5781,#5782),
  .UNSPECIFIED.,.F.,.F.,(3,1,3),(0.,1.,2.),.QUASI_UNIFORM_KNOTS.);
#5779 = CARTESIAN_POINT('',(46.650222234147,-12.17375683801,-27.75));
#5780 = CARTESIAN_POINT('',(47.199764907715,-12.17375683801,-27.75));
#5781 = CARTESIAN_POINT('',(47.789322824504,-11.81361964902,-27.75));
#5782 = CARTESIAN_POINT('',(47.888027091116,-11.55485440953,-27.75));
#5783 = ORIENTED_EDGE('',*,*,#5784,.F.);
#5784 = EDGE_CURVE('',#5510,#5776,#5785,.T.);
#5785 = LINE('',#5786,#5787);
#5786 = CARTESIAN_POINT('',(47.888027091116,-11.55485440953,
    139.22127162309));
#5787 = VECTOR('',#5788,1.);
#5788 = DIRECTION('',(0.,0.,-1.));
#5789 = ORIENTED_EDGE('',*,*,#5518,.T.);
#5790 = B_SPLINE_SURFACE_WITH_KNOTS('',2,1,(
    (#5791,#5792)
    ,(#5793,#5794)
    ,(#5795,#5796)
    ,(#5797,#5798
  )),.UNSPECIFIED.,.F.,.F.,.F.,(3,1,3),(2,2),(-2.,-1.,0.),(0.,
    30.994354324618),.UNSPECIFIED.);
#5791 = CARTESIAN_POINT('',(47.888027091116,-11.55485440953,
    139.22127162309));
#5792 = CARTESIAN_POINT('',(47.888027091116,-11.55485440953,
    -170.722271623));
#5793 = CARTESIAN_POINT('',(47.789322824504,-11.81361964902,
    139.22127162309));
#5794 = CARTESIAN_POINT('',(47.789322824504,-11.81361964902,
    -170.722271623));
#5795 = CARTESIAN_POINT('',(47.199764907715,-12.17375683801,
    139.22127162309));
#5796 = CARTESIAN_POINT('',(47.199764907715,-12.17375683801,
    -170.722271623));
#5797 = CARTESIAN_POINT('',(46.650222234147,-12.17375683801,
    139.22127162309));
#5798 = CARTESIAN_POINT('',(46.650222234147,-12.17375683801,
    -170.722271623));
#5799 = ADVANCED_FACE('',(#5800),#5811,.F.);
#5800 = FACE_BOUND('',#5801,.F.);
#5801 = EDGE_LOOP('',(#5802,#5803,#5809,#5810));
#5802 = ORIENTED_EDGE('',*,*,#5784,.T.);
#5803 = ORIENTED_EDGE('',*,*,#5804,.T.);
#5804 = EDGE_CURVE('',#5776,#5558,#5805,.T.);
#5805 = B_SPLINE_CURVE_WITH_KNOTS('',2,(#5806,#5807,#5808),
  .UNSPECIFIED.,.F.,.F.,(3,3),(0.,1.),.PIECEWISE_BEZIER_KNOTS.);
#5806 = CARTESIAN_POINT('',(47.888027091116,-11.55485440953,-27.75));
#5807 = CARTESIAN_POINT('',(47.960054528913,-11.36811660783,-27.75));
#5808 = CARTESIAN_POINT('',(47.960054528913,-10.95729344409,-27.75));
#5809 = ORIENTED_EDGE('',*,*,#5565,.F.);
#5810 = ORIENTED_EDGE('',*,*,#5509,.T.);
#5811 = B_SPLINE_SURFACE_WITH_KNOTS('',2,1,(
    (#5812,#5813)
    ,(#5814,#5815)
    ,(#5816,#5817
    )),.UNSPECIFIED.,.F.,.F.,.F.,(3,3),(2,2),(-1.,0.),(0.,
    30.994354324618),.PIECEWISE_BEZIER_KNOTS.);
#5812 = CARTESIAN_POINT('',(47.960054528913,-10.95729344409,
    139.22127162309));
#5813 = CARTESIAN_POINT('',(47.960054528913,-10.95729344409,
    -170.722271623));
#5814 = CARTESIAN_POINT('',(47.960054528913,-11.36811660783,
    139.22127162309));
#5815 = CARTESIAN_POINT('',(47.960054528913,-11.36811660783,
    -170.722271623));
#5816 = CARTESIAN_POINT('',(47.888027091116,-11.55485440953,
    139.22127162309));
#5817 = CARTESIAN_POINT('',(47.888027091116,-11.55485440953,
    -170.722271623));
#5818 = ADVANCED_FACE('',(#5819),#5830,.T.);
#5819 = FACE_BOUND('',#5820,.T.);
#5820 = EDGE_LOOP('',(#5821,#5822,#5823,#5824));
#5821 = ORIENTED_EDGE('',*,*,#5446,.F.);
#5822 = ORIENTED_EDGE('',*,*,#5664,.T.);
#5823 = ORIENTED_EDGE('',*,*,#1821,.F.);
#5824 = ORIENTED_EDGE('',*,*,#5825,.F.);
#5825 = EDGE_CURVE('',#5447,#1814,#5826,.T.);
#5826 = LINE('',#5827,#5828);
#5827 = CARTESIAN_POINT('',(48.37354537553,-10.96262880986,
    139.22127162309));
#5828 = VECTOR('',#5829,1.);
#5829 = DIRECTION('',(0.,0.,-1.));
#5830 = B_SPLINE_SURFACE_WITH_KNOTS('',2,1,(
    (#5831,#5832)
    ,(#5833,#5834)
    ,(#5835,#5836
    )),.UNSPECIFIED.,.F.,.F.,.F.,(3,3),(2,2),(0.,1.),(0.,30.994354324618
    ),.PIECEWISE_BEZIER_KNOTS.);
#5831 = CARTESIAN_POINT('',(48.37354537553,-10.96262880986,
    139.22127162309));
#5832 = CARTESIAN_POINT('',(48.37354537553,-10.96262880986,
    -170.722271623));
#5833 = CARTESIAN_POINT('',(48.37354537553,-11.37078429071,
    139.22127162309));
#5834 = CARTESIAN_POINT('',(48.37354537553,-11.37078429071,
    -170.722271623));
#5835 = CARTESIAN_POINT('',(48.322859400784,-11.5868666041,
    139.22127162309));
#5836 = CARTESIAN_POINT('',(48.322859400784,-11.5868666041,
    -170.722271623));
#5837 = ADVANCED_FACE('',(#5838),#5849,.T.);
#5838 = FACE_BOUND('',#5839,.T.);
#5839 = EDGE_LOOP('',(#5840,#5841,#5842,#5843));
#5840 = ORIENTED_EDGE('',*,*,#5455,.F.);
#5841 = ORIENTED_EDGE('',*,*,#5825,.T.);
#5842 = ORIENTED_EDGE('',*,*,#1813,.F.);
#5843 = ORIENTED_EDGE('',*,*,#5844,.F.);
#5844 = EDGE_CURVE('',#5456,#1806,#5845,.T.);
#5845 = LINE('',#5846,#5847);
#5846 = CARTESIAN_POINT('',(48.37354537553,-9.756836147468,
    139.22127162309));
#5847 = VECTOR('',#5848,1.);
#5848 = DIRECTION('',(0.,0.,-1.));
#5849 = PLANE('',#5850);
#5850 = AXIS2_PLACEMENT_3D('',#5851,#5852,#5853);
#5851 = CARTESIAN_POINT('',(48.37354537553,-10.96262880986,
    139.22127162309));
#5852 = DIRECTION('',(1.,0.,0.));
#5853 = DIRECTION('',(0.,0.,-1.));
#5854 = ADVANCED_FACE('',(#5855),#5861,.T.);
#5855 = FACE_BOUND('',#5856,.T.);
#5856 = EDGE_LOOP('',(#5857,#5858,#5859,#5860));
#5857 = ORIENTED_EDGE('',*,*,#5463,.F.);
#5858 = ORIENTED_EDGE('',*,*,#5844,.T.);
#5859 = ORIENTED_EDGE('',*,*,#1805,.F.);
#5860 = ORIENTED_EDGE('',*,*,#5729,.F.);
#5861 = PLANE('',#5862);
#5862 = AXIS2_PLACEMENT_3D('',#5863,#5864,#5865);
#5863 = CARTESIAN_POINT('',(48.37354537553,-9.756836147468,
    139.22127162309));
#5864 = DIRECTION('',(0.,1.,0.));
#5865 = DIRECTION('',(0.,-0.,1.));
#5866 = ADVANCED_FACE('',(#5867),#5933,.T.);
#5867 = FACE_BOUND('',#5868,.T.);
#5868 = EDGE_LOOP('',(#5869,#5879,#5887,#5899,#5907,#5919,#5927));
#5869 = ORIENTED_EDGE('',*,*,#5870,.T.);
#5870 = EDGE_CURVE('',#5871,#5873,#5875,.T.);
#5871 = VERTEX_POINT('',#5872);
#5872 = CARTESIAN_POINT('',(39.365586903755,6.872164152756,-27.25));
#5873 = VERTEX_POINT('',#5874);
#5874 = CARTESIAN_POINT('',(42.878925258558,6.872164152756,-27.25));
#5875 = LINE('',#5876,#5877);
#5876 = CARTESIAN_POINT('',(19.682793451878,6.872164152756,-27.25));
#5877 = VECTOR('',#5878,1.);
#5878 = DIRECTION('',(1.,0.,0.));
#5879 = ORIENTED_EDGE('',*,*,#5880,.T.);
#5880 = EDGE_CURVE('',#5873,#5881,#5883,.T.);
#5881 = VERTEX_POINT('',#5882);
#5882 = CARTESIAN_POINT('',(42.878925258558,7.149603172421,-27.25));
#5883 = LINE('',#5884,#5885);
#5884 = CARTESIAN_POINT('',(42.878925258558,3.436082076378,-27.25));
#5885 = VECTOR('',#5886,1.);
#5886 = DIRECTION('',(0.,1.,0.));
#5887 = ORIENTED_EDGE('',*,*,#5888,.T.);
#5888 = EDGE_CURVE('',#5881,#5889,#5891,.T.);
#5889 = VERTEX_POINT('',#5890);
#5890 = CARTESIAN_POINT('',(42.001257590577,8.160654984471,-27.25));
#5891 = B_SPLINE_CURVE_WITH_KNOTS('',3,(#5892,#5893,#5894,#5895,#5896,
    #5897,#5898),.UNSPECIFIED.,.F.,.F.,(4,3,4),(-0.130820334939,
    -6.541016746933E-02,0.),.UNSPECIFIED.);
#5892 = CARTESIAN_POINT('',(42.878925258558,7.149603172421,-27.25));
#5893 = CARTESIAN_POINT('',(42.727756561945,7.2242982931,-27.25));
#5894 = CARTESIAN_POINT('',(42.571697113383,7.35145784378,-27.25));
#5895 = CARTESIAN_POINT('',(42.410746912872,7.531081824461,-27.25));
#5896 = CARTESIAN_POINT('',(42.249796712361,7.710705805142,-27.25));
#5897 = CARTESIAN_POINT('',(42.113300271596,7.920563525145,-27.25));
#5898 = CARTESIAN_POINT('',(42.001257590577,8.160654984471,-27.25));
#5899 = ORIENTED_EDGE('',*,*,#5900,.T.);
#5900 = EDGE_CURVE('',#5889,#5901,#5903,.T.);
#5901 = VERTEX_POINT('',#5902);
#5902 = CARTESIAN_POINT('',(41.585099061079,8.160654984471,-27.25));
#5903 = LINE('',#5904,#5905);
#5904 = CARTESIAN_POINT('',(21.000628795289,8.160654984471,-27.25));
#5905 = VECTOR('',#5906,1.);
#5906 = DIRECTION('',(-1.,0.,0.));
#5907 = ORIENTED_EDGE('',*,*,#5908,.T.);
#5908 = EDGE_CURVE('',#5901,#5909,#5911,.T.);
#5909 = VERTEX_POINT('',#5910);
#5910 = CARTESIAN_POINT('',(42.102629540071,7.301661096661,-27.25));
#5911 = B_SPLINE_CURVE_WITH_KNOTS('',3,(#5912,#5913,#5914,#5915,#5916,
    #5917,#5918),.UNSPECIFIED.,.F.,.F.,(4,3,4),(-8.898809939228E-02,
    -4.449404969614E-02,0.),.PIECEWISE_BEZIER_KNOTS.);
#5912 = CARTESIAN_POINT('',(41.585099061079,8.160654984471,-27.25));
#5913 = CARTESIAN_POINT('',(41.634895808199,8.027270840401,-27.25));
#5914 = CARTESIAN_POINT('',(41.709146315064,7.876546757602,-27.25));
#5915 = CARTESIAN_POINT('',(41.807850581676,7.708482736074,-27.25));
#5916 = CARTESIAN_POINT('',(41.906554848288,7.540418714546,-27.25));
#5917 = CARTESIAN_POINT('',(42.004814501086,7.404811501408,-27.25));
#5918 = CARTESIAN_POINT('',(42.102629540071,7.301661096661,-27.25));
#5919 = ORIENTED_EDGE('',*,*,#5920,.T.);
#5920 = EDGE_CURVE('',#5909,#5921,#5923,.T.);
#5921 = VERTEX_POINT('',#5922);
#5922 = CARTESIAN_POINT('',(39.365586903755,7.301661096661,-27.25));
#5923 = LINE('',#5924,#5925);
#5924 = CARTESIAN_POINT('',(21.051314770035,7.301661096661,-27.25));
#5925 = VECTOR('',#5926,1.);
#5926 = DIRECTION('',(-1.,0.,0.));
#5927 = ORIENTED_EDGE('',*,*,#5928,.T.);
#5928 = EDGE_CURVE('',#5921,#5871,#5929,.T.);
#5929 = LINE('',#5930,#5931);
#5930 = CARTESIAN_POINT('',(39.365586903755,3.65083054833,-27.25));
#5931 = VECTOR('',#5932,1.);
#5932 = DIRECTION('',(0.,-1.,0.));
#5933 = PLANE('',#5934);
#5934 = AXIS2_PLACEMENT_3D('',#5935,#5936,#5937);
#5935 = CARTESIAN_POINT('',(-5.551115123126E-16,-2.314121116953E-14,
    -27.25));
#5936 = DIRECTION('',(0.,0.,1.));
#5937 = DIRECTION('',(1.,0.,-0.));
#5938 = ADVANCED_FACE('',(#5939),#5955,.T.);
#5939 = FACE_BOUND('',#5940,.T.);
#5940 = EDGE_LOOP('',(#5941,#5942,#5948,#5949));
#5941 = ORIENTED_EDGE('',*,*,#5900,.F.);
#5942 = ORIENTED_EDGE('',*,*,#5943,.T.);
#5943 = EDGE_CURVE('',#5889,#1832,#5944,.T.);
#5944 = LINE('',#5945,#5946);
#5945 = CARTESIAN_POINT('',(42.001257590577,8.160654984471,
    139.22127162309));
#5946 = VECTOR('',#5947,1.);
#5947 = DIRECTION('',(0.,0.,-1.));
#5948 = ORIENTED_EDGE('',*,*,#1829,.F.);
#5949 = ORIENTED_EDGE('',*,*,#5950,.F.);
#5950 = EDGE_CURVE('',#5901,#1830,#5951,.T.);
#5951 = LINE('',#5952,#5953);
#5952 = CARTESIAN_POINT('',(41.585099061079,8.160654984471,
    139.22127162309));
#5953 = VECTOR('',#5954,1.);
#5954 = DIRECTION('',(0.,0.,-1.));
#5955 = PLANE('',#5956);
#5956 = AXIS2_PLACEMENT_3D('',#5957,#5958,#5959);
#5957 = CARTESIAN_POINT('',(42.001257590577,8.160654984471,
    139.22127162309));
#5958 = DIRECTION('',(0.,1.,0.));
#5959 = DIRECTION('',(0.,-0.,1.));
#5960 = ADVANCED_FACE('',(#5961),#5972,.T.);
#5961 = FACE_BOUND('',#5962,.T.);
#5962 = EDGE_LOOP('',(#5963,#5964,#5970,#5971));
#5963 = ORIENTED_EDGE('',*,*,#5888,.F.);
#5964 = ORIENTED_EDGE('',*,*,#5965,.T.);
#5965 = EDGE_CURVE('',#5881,#1840,#5966,.T.);
#5966 = LINE('',#5967,#5968);
#5967 = CARTESIAN_POINT('',(42.878925258558,7.149603172421,
    139.22127162309));
#5968 = VECTOR('',#5969,1.);
#5969 = DIRECTION('',(0.,0.,-1.));
#5970 = ORIENTED_EDGE('',*,*,#1839,.F.);
#5971 = ORIENTED_EDGE('',*,*,#5943,.F.);
#5972 = B_SPLINE_SURFACE_WITH_KNOTS('',2,1,(
    (#5973,#5974)
    ,(#5975,#5976)
    ,(#5977,#5978)
    ,(#5979,#5980
    )),.UNSPECIFIED.,.F.,.F.,.F.,(3,1,3),(2,2),(0.,1.,2.),(0.,
    30.994354324618),.UNSPECIFIED.);
#5973 = CARTESIAN_POINT('',(42.001257590577,8.160654984471,
    139.22127162309));
#5974 = CARTESIAN_POINT('',(42.001257590577,8.160654984471,
    -170.722271623));
#5975 = CARTESIAN_POINT('',(42.169321612105,7.800517795482,
    139.22127162309));
#5976 = CARTESIAN_POINT('',(42.169321612105,7.800517795482,
    -170.722271623));
#5977 = CARTESIAN_POINT('',(42.652172213639,7.26164585344,
    139.22127162309));
#5978 = CARTESIAN_POINT('',(42.652172213639,7.26164585344,-170.722271623
    ));
#5979 = CARTESIAN_POINT('',(42.878925258558,7.149603172421,
    139.22127162309));
#5980 = CARTESIAN_POINT('',(42.878925258558,7.149603172421,
    -170.722271623));
#5981 = ADVANCED_FACE('',(#5982),#5993,.T.);
#5982 = FACE_BOUND('',#5983,.T.);
#5983 = EDGE_LOOP('',(#5984,#5985,#5991,#5992));
#5984 = ORIENTED_EDGE('',*,*,#5880,.F.);
#5985 = ORIENTED_EDGE('',*,*,#5986,.T.);
#5986 = EDGE_CURVE('',#5873,#1849,#5987,.T.);
#5987 = LINE('',#5988,#5989);
#5988 = CARTESIAN_POINT('',(42.878925258558,6.872164152756,
    139.22127162309));
#5989 = VECTOR('',#5990,1.);
#5990 = DIRECTION('',(0.,0.,-1.));
#5991 = ORIENTED_EDGE('',*,*,#1848,.F.);
#5992 = ORIENTED_EDGE('',*,*,#5965,.F.);
#5993 = PLANE('',#5994);
#5994 = AXIS2_PLACEMENT_3D('',#5995,#5996,#5997);
#5995 = CARTESIAN_POINT('',(42.878925258558,6.872164152756,
    139.22127162309));
#5996 = DIRECTION('',(1.,0.,0.));
#5997 = DIRECTION('',(0.,0.,-1.));
#5998 = ADVANCED_FACE('',(#5999),#6010,.T.);
#5999 = FACE_BOUND('',#6000,.T.);
#6000 = EDGE_LOOP('',(#6001,#6002,#6008,#6009));
#6001 = ORIENTED_EDGE('',*,*,#5870,.F.);
#6002 = ORIENTED_EDGE('',*,*,#6003,.T.);
#6003 = EDGE_CURVE('',#5871,#1857,#6004,.T.);
#6004 = LINE('',#6005,#6006);
#6005 = CARTESIAN_POINT('',(39.365586903755,6.872164152756,
    139.22127162309));
#6006 = VECTOR('',#6007,1.);
#6007 = DIRECTION('',(0.,0.,-1.));
#6008 = ORIENTED_EDGE('',*,*,#1856,.F.);
#6009 = ORIENTED_EDGE('',*,*,#5986,.F.);
#6010 = PLANE('',#6011);
#6011 = AXIS2_PLACEMENT_3D('',#6012,#6013,#6014);
#6012 = CARTESIAN_POINT('',(39.365586903755,6.872164152756,
    139.22127162309));
#6013 = DIRECTION('',(0.,-1.,0.));
#6014 = DIRECTION('',(0.,0.,-1.));
#6015 = ADVANCED_FACE('',(#6016),#6027,.T.);
#6016 = FACE_BOUND('',#6017,.T.);
#6017 = EDGE_LOOP('',(#6018,#6019,#6020,#6021));
#6018 = ORIENTED_EDGE('',*,*,#5908,.F.);
#6019 = ORIENTED_EDGE('',*,*,#5950,.T.);
#6020 = ORIENTED_EDGE('',*,*,#1880,.F.);
#6021 = ORIENTED_EDGE('',*,*,#6022,.F.);
#6022 = EDGE_CURVE('',#5909,#1873,#6023,.T.);
#6023 = LINE('',#6024,#6025);
#6024 = CARTESIAN_POINT('',(42.102629540071,7.301661096661,
    139.22127162309));
#6025 = VECTOR('',#6026,1.);
#6026 = DIRECTION('',(0.,0.,-1.));
#6027 = B_SPLINE_SURFACE_WITH_KNOTS('',2,1,(
    (#6028,#6029)
    ,(#6030,#6031)
    ,(#6032,#6033)
    ,(#6034,#6035
    )),.UNSPECIFIED.,.F.,.F.,.F.,(3,1,3),(2,2),(0.,1.,2.),(0.,
    30.994354324618),.UNSPECIFIED.);
#6028 = CARTESIAN_POINT('',(42.102629540071,7.301661096661,
    139.22127162309));
#6029 = CARTESIAN_POINT('',(42.102629540071,7.301661096661,
    -170.722271623));
#6030 = CARTESIAN_POINT('',(41.955906981594,7.456386703782,
    139.22127162309));
#6031 = CARTESIAN_POINT('',(41.955906981594,7.456386703782,
    -170.722271623));
#6032 = CARTESIAN_POINT('',(41.659794181758,7.960578768366,
    139.22127162309));
#6033 = CARTESIAN_POINT('',(41.659794181758,7.960578768366,
    -170.722271623));
#6034 = CARTESIAN_POINT('',(41.585099061079,8.160654984471,
    139.22127162309));
#6035 = CARTESIAN_POINT('',(41.585099061079,8.160654984471,
    -170.722271623));
#6036 = ADVANCED_FACE('',(#6037),#6048,.T.);
#6037 = FACE_BOUND('',#6038,.T.);
#6038 = EDGE_LOOP('',(#6039,#6040,#6041,#6042));
#6039 = ORIENTED_EDGE('',*,*,#5920,.F.);
#6040 = ORIENTED_EDGE('',*,*,#6022,.T.);
#6041 = ORIENTED_EDGE('',*,*,#1872,.F.);
#6042 = ORIENTED_EDGE('',*,*,#6043,.F.);
#6043 = EDGE_CURVE('',#5921,#1865,#6044,.T.);
#6044 = LINE('',#6045,#6046);
#6045 = CARTESIAN_POINT('',(39.365586903755,7.301661096661,
    139.22127162309));
#6046 = VECTOR('',#6047,1.);
#6047 = DIRECTION('',(0.,0.,-1.));
#6048 = PLANE('',#6049);
#6049 = AXIS2_PLACEMENT_3D('',#6050,#6051,#6052);
#6050 = CARTESIAN_POINT('',(42.102629540071,7.301661096661,
    139.22127162309));
#6051 = DIRECTION('',(0.,1.,0.));
#6052 = DIRECTION('',(0.,-0.,1.));
#6053 = ADVANCED_FACE('',(#6054),#6060,.T.);
#6054 = FACE_BOUND('',#6055,.T.);
#6055 = EDGE_LOOP('',(#6056,#6057,#6058,#6059));
#6056 = ORIENTED_EDGE('',*,*,#5928,.F.);
#6057 = ORIENTED_EDGE('',*,*,#6043,.T.);
#6058 = ORIENTED_EDGE('',*,*,#1864,.F.);
#6059 = ORIENTED_EDGE('',*,*,#6003,.F.);
#6060 = PLANE('',#6061);
#6061 = AXIS2_PLACEMENT_3D('',#6062,#6063,#6064);
#6062 = CARTESIAN_POINT('',(39.365586903755,7.301661096661,
    139.22127162309));
#6063 = DIRECTION('',(-1.,0.,0.));
#6064 = DIRECTION('',(0.,0.,1.));
#6065 = ADVANCED_FACE('',(#6066),#6223,.T.);
#6066 = FACE_BOUND('',#6067,.T.);
#6067 = EDGE_LOOP('',(#6068,#6082,#6091,#6100,#6112,#6121,#6129,#6137,
    #6145,#6153,#6161,#6169,#6181,#6193,#6205,#6217));
#6068 = ORIENTED_EDGE('',*,*,#6069,.T.);
#6069 = EDGE_CURVE('',#6070,#6072,#6074,.T.);
#6070 = VERTEX_POINT('',#6071);
#6071 = CARTESIAN_POINT('',(40.283269814956,5.770411122738,-27.25));
#6072 = VERTEX_POINT('',#6073);
#6073 = CARTESIAN_POINT('',(39.306897880364,4.644648946787,-27.25));
#6074 = B_SPLINE_CURVE_WITH_KNOTS('',3,(#6075,#6076,#6077,#6078,#6079,
    #6080,#6081),.UNSPECIFIED.,.F.,.F.,(4,3,4),(-0.24305177086,
    -0.12152588543,0.),.PIECEWISE_BEZIER_KNOTS.);
#6075 = CARTESIAN_POINT('',(40.283269814956,5.770411122738,-27.25));
#6076 = CARTESIAN_POINT('',(39.988046242748,5.74195583867,-27.25));
#6077 = CARTESIAN_POINT('',(39.751511693931,5.626800860956,-27.25));
#6078 = CARTESIAN_POINT('',(39.573666168504,5.424946189597,-27.25));
#6079 = CARTESIAN_POINT('',(39.395820643078,5.223091518237,-27.25));
#6080 = CARTESIAN_POINT('',(39.306897880364,4.962992437301,-27.25));
#6081 = CARTESIAN_POINT('',(39.306897880364,4.644648946787,-27.25));
#6082 = ORIENTED_EDGE('',*,*,#6083,.T.);
#6083 = EDGE_CURVE('',#6072,#6084,#6086,.T.);
#6084 = VERTEX_POINT('',#6085);
#6085 = CARTESIAN_POINT('',(39.731059458507,3.726966035586,-27.25));
#6086 = B_SPLINE_CURVE_WITH_KNOTS('',3,(#6087,#6088,#6089,#6090),
  .UNSPECIFIED.,.F.,.F.,(4,4),(-0.105604144115,0.),
  .PIECEWISE_BEZIER_KNOTS.);
#6087 = CARTESIAN_POINT('',(39.306897880364,4.644648946787,-27.25));
#6088 = CARTESIAN_POINT('',(39.306897880364,4.256945701357,-27.25));
#6089 = CARTESIAN_POINT('',(39.448285073079,3.951051397624,-27.25));
#6090 = CARTESIAN_POINT('',(39.731059458507,3.726966035586,-27.25));
#6091 = ORIENTED_EDGE('',*,*,#6092,.T.);
#6092 = EDGE_CURVE('',#6084,#6093,#6095,.T.);
#6093 = VERTEX_POINT('',#6094);
#6094 = CARTESIAN_POINT('',(40.555373468859,3.449527015921,-27.25));
#6095 = B_SPLINE_CURVE_WITH_KNOTS('',3,(#6096,#6097,#6098,#6099),
  .UNSPECIFIED.,.F.,.F.,(4,4),(-8.943307971352E-02,0.),
  .PIECEWISE_BEZIER_KNOTS.);
#6096 = CARTESIAN_POINT('',(39.731059458507,3.726966035586,-27.25));
#6097 = CARTESIAN_POINT('',(39.962258641561,3.542006689143,-27.25));
#6098 = CARTESIAN_POINT('',(40.237029978345,3.449527015921,-27.25));
#6099 = CARTESIAN_POINT('',(40.555373468859,3.449527015921,-27.25));
#6100 = ORIENTED_EDGE('',*,*,#6101,.T.);
#6101 = EDGE_CURVE('',#6093,#6102,#6104,.T.);
#6102 = VERTEX_POINT('',#6103);
#6103 = CARTESIAN_POINT('',(41.689138693454,4.537941631532,-27.25));
#6104 = B_SPLINE_CURVE_WITH_KNOTS('',3,(#6105,#6106,#6107,#6108,#6109,
    #6110,#6111),.UNSPECIFIED.,.F.,.F.,(4,3,4),(-0.152743956966,
    -7.637197848297E-02,0.),.UNSPECIFIED.);
#6105 = CARTESIAN_POINT('',(40.555373468859,3.449527015921,-27.25));
#6106 = CARTESIAN_POINT('',(40.887944601407,3.449527015921,-27.25));
#6107 = CARTESIAN_POINT('',(41.160048255309,3.554455875922,-27.25));
#6108 = CARTESIAN_POINT('',(41.371684430567,3.764313595926,-27.25));
#6109 = CARTESIAN_POINT('',(41.583320605825,3.974171315929,-27.25));
#6110 = CARTESIAN_POINT('',(41.689138693454,4.232047327798,-27.25));
#6111 = CARTESIAN_POINT('',(41.689138693454,4.537941631532,-27.25));
#6112 = ORIENTED_EDGE('',*,*,#6113,.T.);
#6113 = EDGE_CURVE('',#6102,#6114,#6116,.T.);
#6114 = VERTEX_POINT('',#6115);
#6115 = CARTESIAN_POINT('',(41.470388697179,5.199526986118,-27.25));
#6116 = B_SPLINE_CURVE_WITH_KNOTS('',3,(#6117,#6118,#6119,#6120),
  .UNSPECIFIED.,.F.,.F.,(4,4),(-7.12379296595E-02,0.),
  .PIECEWISE_BEZIER_KNOTS.);
#6117 = CARTESIAN_POINT('',(41.689138693454,4.537941631532,-27.25));
#6118 = CARTESIAN_POINT('',(41.689138693454,4.769140814586,-27.25));
#6119 = CARTESIAN_POINT('',(41.616222028029,4.989669266115,-27.25));
#6120 = CARTESIAN_POINT('',(41.470388697179,5.199526986118,-27.25));
#6121 = ORIENTED_EDGE('',*,*,#6122,.T.);
#6122 = EDGE_CURVE('',#6114,#6123,#6125,.T.);
#6123 = VERTEX_POINT('',#6124);
#6124 = CARTESIAN_POINT('',(42.409413071431,5.010121501539,-27.25));
#6125 = LINE('',#6126,#6127);
#6126 = CARTESIAN_POINT('',(22.049703665971,9.116767432754,-27.25));
#6127 = VECTOR('',#6128,1.);
#6128 = DIRECTION('',(0.98025803366,-0.197722501108,0.));
#6129 = ORIENTED_EDGE('',*,*,#6130,.T.);
#6130 = EDGE_CURVE('',#6123,#6131,#6133,.T.);
#6131 = VERTEX_POINT('',#6132);
#6132 = CARTESIAN_POINT('',(42.409413071431,3.614923354567,-27.25));
#6133 = LINE('',#6134,#6135);
#6134 = CARTESIAN_POINT('',(42.409413071431,2.50506075077,-27.25));
#6135 = VECTOR('',#6136,1.);
#6136 = DIRECTION('',(0.,-1.,0.));
#6137 = ORIENTED_EDGE('',*,*,#6138,.T.);
#6138 = EDGE_CURVE('',#6131,#6139,#6141,.T.);
#6139 = VERTEX_POINT('',#6140);
#6140 = CARTESIAN_POINT('',(42.820236235167,3.614923354567,-27.25));
#6141 = LINE('',#6142,#6143);
#6142 = CARTESIAN_POINT('',(21.204706535716,3.614923354567,-27.25));
#6143 = VECTOR('',#6144,1.);
#6144 = DIRECTION('',(1.,0.,0.));
#6145 = ORIENTED_EDGE('',*,*,#6146,.T.);
#6146 = EDGE_CURVE('',#6139,#6147,#6149,.T.);
#6147 = VERTEX_POINT('',#6148);
#6148 = CARTESIAN_POINT('',(42.820236235167,5.35425259324,-27.25));
#6149 = LINE('',#6150,#6151);
#6150 = CARTESIAN_POINT('',(42.820236235167,1.807461677284,-27.25));
#6151 = VECTOR('',#6152,1.);
#6152 = DIRECTION('',(0.,1.,0.));
#6153 = ORIENTED_EDGE('',*,*,#6154,.T.);
#6154 = EDGE_CURVE('',#6147,#6155,#6157,.T.);
#6155 = VERTEX_POINT('',#6156);
#6156 = CARTESIAN_POINT('',(41.022217973104,5.693048319177,-27.25));
#6157 = LINE('',#6158,#6159);
#6158 = CARTESIAN_POINT('',(22.631364600628,9.158387159392,-27.25));
#6159 = VECTOR('',#6160,1.);
#6160 = DIRECTION('',(-0.982706733626,0.185168776217,0.));
#6161 = ORIENTED_EDGE('',*,*,#6162,.T.);
#6162 = EDGE_CURVE('',#6155,#6163,#6165,.T.);
#6163 = VERTEX_POINT('',#6164);
#6164 = CARTESIAN_POINT('',(40.968864315476,5.290228204086,-27.25));
#6165 = LINE('',#6166,#6167);
#6166 = CARTESIAN_POINT('',(40.298070455472,0.225734561056,-27.25));
#6167 = VECTOR('',#6168,1.);
#6168 = DIRECTION('',(-0.131303603071,-0.991342203187,0.));
#6169 = ORIENTED_EDGE('',*,*,#6170,.T.);
#6170 = EDGE_CURVE('',#6163,#6171,#6173,.T.);
#6171 = VERTEX_POINT('',#6172);
#6172 = CARTESIAN_POINT('',(41.310327724295,4.652651995432,-27.25));
#6173 = B_SPLINE_CURVE_WITH_KNOTS('',3,(#6174,#6175,#6176,#6177,#6178,
    #6179,#6180),.UNSPECIFIED.,.F.,.F.,(4,3,4),(-9.718870832035E-02,
    -4.859435416017E-02,0.),.UNSPECIFIED.);
#6174 = CARTESIAN_POINT('',(40.968864315476,5.290228204086,-27.25));
#6175 = CARTESIAN_POINT('',(41.070236264969,5.226203814932,-27.25));
#6176 = CARTESIAN_POINT('',(41.152489820479,5.13861489366,-27.25));
#6177 = CARTESIAN_POINT('',(41.215624982005,5.027461440268,-27.25));
#6178 = CARTESIAN_POINT('',(41.278760143532,4.916307986877,-27.25));
#6179 = CARTESIAN_POINT('',(41.310327724295,4.791371505264,-27.25));
#6180 = CARTESIAN_POINT('',(41.310327724295,4.652651995432,-27.25));
#6181 = ORIENTED_EDGE('',*,*,#6182,.T.);
#6182 = EDGE_CURVE('',#6171,#6183,#6185,.T.);
#6183 = VERTEX_POINT('',#6184);
#6184 = CARTESIAN_POINT('',(40.515358225638,3.90570078864,-27.25));
#6185 = B_SPLINE_CURVE_WITH_KNOTS('',3,(#6186,#6187,#6188,#6189,#6190,
    #6191,#6192),.UNSPECIFIED.,.F.,.F.,(4,3,4),(-0.180151519346,
    -9.007575967308E-02,0.),.UNSPECIFIED.);
#6186 = CARTESIAN_POINT('',(41.310327724295,4.652651995432,-27.25));
#6187 = CARTESIAN_POINT('',(41.310327724295,4.428566633394,-27.25));
#6188 = CARTESIAN_POINT('',(41.239189514124,4.248053425086,-27.25));
#6189 = CARTESIAN_POINT('',(41.096913093783,4.111112370508,-27.25));
#6190 = CARTESIAN_POINT('',(40.954636673442,3.974171315929,-27.25));
#6191 = CARTESIAN_POINT('',(40.760785050727,3.90570078864,-27.25));
#6192 = CARTESIAN_POINT('',(40.515358225638,3.90570078864,-27.25));
#6193 = ORIENTED_EDGE('',*,*,#6194,.T.);
#6194 = EDGE_CURVE('',#6183,#6195,#6197,.T.);
#6195 = VERTEX_POINT('',#6196);
#6196 = CARTESIAN_POINT('',(39.659032020709,4.647316629669,-27.25));
#6197 = B_SPLINE_CURVE_WITH_KNOTS('',3,(#6198,#6199,#6200,#6201,#6202,
    #6203,#6204),.UNSPECIFIED.,.F.,.F.,(4,3,4),(-0.100818043267,
    -5.040902163326E-02,0.),.UNSPECIFIED.);
#6198 = CARTESIAN_POINT('',(40.515358225638,3.90570078864,-27.25));
#6199 = CARTESIAN_POINT('',(40.25748221377,3.90570078864,-27.25));
#6200 = CARTESIAN_POINT('',(40.050292176648,3.976838998811,-27.25));
#6201 = CARTESIAN_POINT('',(39.893788114272,4.119115419152,-27.25));
#6202 = CARTESIAN_POINT('',(39.737284051897,4.261391839493,-27.25));
#6203 = CARTESIAN_POINT('',(39.659032020709,4.437458909665,-27.25));
#6204 = CARTESIAN_POINT('',(39.659032020709,4.647316629669,-27.25));
#6205 = ORIENTED_EDGE('',*,*,#6206,.T.);
#6206 = EDGE_CURVE('',#6195,#6207,#6209,.T.);
#6207 = VERTEX_POINT('',#6208);
#6208 = CARTESIAN_POINT('',(40.320617375296,5.319572715781,-27.25));
#6209 = B_SPLINE_CURVE_WITH_KNOTS('',3,(#6210,#6211,#6212,#6213,#6214,
    #6215,#6216),.UNSPECIFIED.,.F.,.F.,(4,3,4),(-8.64601118902E-02,
    -4.32300559451E-02,0.),.UNSPECIFIED.);
#6210 = CARTESIAN_POINT('',(39.659032020709,4.647316629669,-27.25));
#6211 = CARTESIAN_POINT('',(39.659032020709,4.819826789333,-27.25));
#6212 = CARTESIAN_POINT('',(39.714164133591,4.96654934781,-27.25));
#6213 = CARTESIAN_POINT('',(39.824428359356,5.0874843051,-27.25));
#6214 = CARTESIAN_POINT('',(39.93469258512,5.20841926239,-27.25));
#6215 = CARTESIAN_POINT('',(40.100088923767,5.28578206595,-27.25));
#6216 = CARTESIAN_POINT('',(40.320617375296,5.319572715781,-27.25));
#6217 = ORIENTED_EDGE('',*,*,#6218,.T.);
#6218 = EDGE_CURVE('',#6207,#6070,#6219,.T.);
#6219 = LINE('',#6220,#6221);
#6220 = CARTESIAN_POINT('',(40.402045689097,4.336616642035,-27.25));
#6221 = VECTOR('',#6222,1.);
#6222 = DIRECTION('',(-8.25574455868E-02,0.996586307441,0.));
#6223 = PLANE('',#6224);
#6224 = AXIS2_PLACEMENT_3D('',#6225,#6226,#6227);
#6225 = CARTESIAN_POINT('',(-5.551115123126E-16,-2.314121116953E-14,
    -27.25));
#6226 = DIRECTION('',(0.,0.,1.));
#6227 = DIRECTION('',(1.,0.,-0.));
#6228 = ADVANCED_FACE('',(#6229),#6245,.T.);
#6229 = FACE_BOUND('',#6230,.T.);
#6230 = EDGE_LOOP('',(#6231,#6232,#6238,#6239));
#6231 = ORIENTED_EDGE('',*,*,#6138,.F.);
#6232 = ORIENTED_EDGE('',*,*,#6233,.T.);
#6233 = EDGE_CURVE('',#6131,#1892,#6234,.T.);
#6234 = LINE('',#6235,#6236);
#6235 = CARTESIAN_POINT('',(42.409413071431,3.614923354567,
    139.22127162309));
#6236 = VECTOR('',#6237,1.);
#6237 = DIRECTION('',(0.,0.,-1.));
#6238 = ORIENTED_EDGE('',*,*,#1889,.F.);
#6239 = ORIENTED_EDGE('',*,*,#6240,.F.);
#6240 = EDGE_CURVE('',#6139,#1890,#6241,.T.);
#6241 = LINE('',#6242,#6243);
#6242 = CARTESIAN_POINT('',(42.820236235167,3.614923354567,
    139.22127162309));
#6243 = VECTOR('',#6244,1.);
#6244 = DIRECTION('',(0.,0.,-1.));
#6245 = PLANE('',#6246);
#6246 = AXIS2_PLACEMENT_3D('',#6247,#6248,#6249);
#6247 = CARTESIAN_POINT('',(42.409413071431,3.614923354567,
    139.22127162309));
#6248 = DIRECTION('',(0.,-1.,0.));
#6249 = DIRECTION('',(0.,0.,-1.));
#6250 = ADVANCED_FACE('',(#6251),#6262,.T.);
#6251 = FACE_BOUND('',#6252,.T.);
#6252 = EDGE_LOOP('',(#6253,#6254,#6260,#6261));
#6253 = ORIENTED_EDGE('',*,*,#6130,.F.);
#6254 = ORIENTED_EDGE('',*,*,#6255,.T.);
#6255 = EDGE_CURVE('',#6123,#1900,#6256,.T.);
#6256 = LINE('',#6257,#6258);
#6257 = CARTESIAN_POINT('',(42.409413071431,5.010121501539,
    139.22127162309));
#6258 = VECTOR('',#6259,1.);
#6259 = DIRECTION('',(0.,0.,-1.));
#6260 = ORIENTED_EDGE('',*,*,#1899,.F.);
#6261 = ORIENTED_EDGE('',*,*,#6233,.F.);
#6262 = PLANE('',#6263);
#6263 = AXIS2_PLACEMENT_3D('',#6264,#6265,#6266);
#6264 = CARTESIAN_POINT('',(42.409413071431,5.010121501539,
    139.22127162309));
#6265 = DIRECTION('',(-1.,0.,0.));
#6266 = DIRECTION('',(0.,0.,1.));
#6267 = ADVANCED_FACE('',(#6268),#6279,.T.);
#6268 = FACE_BOUND('',#6269,.T.);
#6269 = EDGE_LOOP('',(#6270,#6271,#6277,#6278));
#6270 = ORIENTED_EDGE('',*,*,#6122,.F.);
#6271 = ORIENTED_EDGE('',*,*,#6272,.T.);
#6272 = EDGE_CURVE('',#6114,#1908,#6273,.T.);
#6273 = LINE('',#6274,#6275);
#6274 = CARTESIAN_POINT('',(41.470388697179,5.199526986118,
    139.22127162309));
#6275 = VECTOR('',#6276,1.);
#6276 = DIRECTION('',(0.,0.,-1.));
#6277 = ORIENTED_EDGE('',*,*,#1907,.F.);
#6278 = ORIENTED_EDGE('',*,*,#6255,.F.);
#6279 = PLANE('',#6280);
#6280 = AXIS2_PLACEMENT_3D('',#6281,#6282,#6283);
#6281 = CARTESIAN_POINT('',(41.470388697179,5.199526986118,
    139.22127162309));
#6282 = DIRECTION('',(-0.197722501108,-0.98025803366,0.));
#6283 = DIRECTION('',(-0.,0.,-1.));
#6284 = ADVANCED_FACE('',(#6285),#6296,.T.);
#6285 = FACE_BOUND('',#6286,.T.);
#6286 = EDGE_LOOP('',(#6287,#6288,#6294,#6295));
#6287 = ORIENTED_EDGE('',*,*,#6113,.F.);
#6288 = ORIENTED_EDGE('',*,*,#6289,.T.);
#6289 = EDGE_CURVE('',#6102,#1916,#6290,.T.);
#6290 = LINE('',#6291,#6292);
#6291 = CARTESIAN_POINT('',(41.689138693454,4.537941631532,
    139.22127162309));
#6292 = VECTOR('',#6293,1.);
#6293 = DIRECTION('',(0.,0.,-1.));
#6294 = ORIENTED_EDGE('',*,*,#1915,.F.);
#6295 = ORIENTED_EDGE('',*,*,#6272,.F.);
#6296 = B_SPLINE_SURFACE_WITH_KNOTS('',2,1,(
    (#6297,#6298)
    ,(#6299,#6300)
    ,(#6301,#6302
    )),.UNSPECIFIED.,.F.,.F.,.F.,(3,3),(2,2),(0.,1.),(0.,30.994354324618
    ),.PIECEWISE_BEZIER_KNOTS.);
#6297 = CARTESIAN_POINT('',(41.470388697179,5.199526986118,
    139.22127162309));
#6298 = CARTESIAN_POINT('',(41.470388697179,5.199526986118,
    -170.722271623));
#6299 = CARTESIAN_POINT('',(41.689138693454,4.884740406113,
    139.22127162309));
#6300 = CARTESIAN_POINT('',(41.689138693454,4.884740406113,
    -170.722271623));
#6301 = CARTESIAN_POINT('',(41.689138693454,4.537941631532,
    139.22127162309));
#6302 = CARTESIAN_POINT('',(41.689138693454,4.537941631532,
    -170.722271623));
#6303 = ADVANCED_FACE('',(#6304),#6315,.T.);
#6304 = FACE_BOUND('',#6305,.T.);
#6305 = EDGE_LOOP('',(#6306,#6307,#6313,#6314));
#6306 = ORIENTED_EDGE('',*,*,#6101,.F.);
#6307 = ORIENTED_EDGE('',*,*,#6308,.T.);
#6308 = EDGE_CURVE('',#6093,#1924,#6309,.T.);
#6309 = LINE('',#6310,#6311);
#6310 = CARTESIAN_POINT('',(40.555373468859,3.449527015921,
    139.22127162309));
#6311 = VECTOR('',#6312,1.);
#6312 = DIRECTION('',(0.,0.,-1.));
#6313 = ORIENTED_EDGE('',*,*,#1923,.F.);
#6314 = ORIENTED_EDGE('',*,*,#6289,.F.);
#6315 = B_SPLINE_SURFACE_WITH_KNOTS('',2,1,(
    (#6316,#6317)
    ,(#6318,#6319)
    ,(#6320,#6321)
    ,(#6322,#6323
    )),.UNSPECIFIED.,.F.,.F.,.F.,(3,1,3),(2,2),(0.,1.,2.),(0.,
    30.994354324618),.UNSPECIFIED.);
#6316 = CARTESIAN_POINT('',(41.689138693454,4.537941631532,
    139.22127162309));
#6317 = CARTESIAN_POINT('',(41.689138693454,4.537941631532,
    -170.722271623));
#6318 = CARTESIAN_POINT('',(41.689138693454,4.079100175931,
    139.22127162309));
#6319 = CARTESIAN_POINT('',(41.689138693454,4.079100175931,
    -170.722271623));
#6320 = CARTESIAN_POINT('',(41.054230167681,3.449527015921,
    139.22127162309));
#6321 = CARTESIAN_POINT('',(41.054230167681,3.449527015921,
    -170.722271623));
#6322 = CARTESIAN_POINT('',(40.555373468859,3.449527015921,
    139.22127162309));
#6323 = CARTESIAN_POINT('',(40.555373468859,3.449527015921,
    -170.722271623));
#6324 = ADVANCED_FACE('',(#6325),#6336,.T.);
#6325 = FACE_BOUND('',#6326,.T.);
#6326 = EDGE_LOOP('',(#6327,#6328,#6334,#6335));
#6327 = ORIENTED_EDGE('',*,*,#6092,.F.);
#6328 = ORIENTED_EDGE('',*,*,#6329,.T.);
#6329 = EDGE_CURVE('',#6084,#1933,#6330,.T.);
#6330 = LINE('',#6331,#6332);
#6331 = CARTESIAN_POINT('',(39.731059458507,3.726966035586,
    139.22127162309));
#6332 = VECTOR('',#6333,1.);
#6333 = DIRECTION('',(0.,0.,-1.));
#6334 = ORIENTED_EDGE('',*,*,#1932,.F.);
#6335 = ORIENTED_EDGE('',*,*,#6308,.F.);
#6336 = B_SPLINE_SURFACE_WITH_KNOTS('',2,1,(
    (#6337,#6338)
    ,(#6339,#6340)
    ,(#6341,#6342
    )),.UNSPECIFIED.,.F.,.F.,.F.,(3,3),(2,2),(0.,1.),(0.,30.994354324618
    ),.PIECEWISE_BEZIER_KNOTS.);
#6337 = CARTESIAN_POINT('',(40.555373468859,3.449527015921,
    139.22127162309));
#6338 = CARTESIAN_POINT('',(40.555373468859,3.449527015921,
    -170.722271623));
#6339 = CARTESIAN_POINT('',(40.077858233089,3.449527015921,
    139.22127162309));
#6340 = CARTESIAN_POINT('',(40.077858233089,3.449527015921,
    -170.722271623));
#6341 = CARTESIAN_POINT('',(39.731059458507,3.726966035586,
    139.22127162309));
#6342 = CARTESIAN_POINT('',(39.731059458507,3.726966035586,
    -170.722271623));
#6343 = ADVANCED_FACE('',(#6344),#6355,.T.);
#6344 = FACE_BOUND('',#6345,.T.);
#6345 = EDGE_LOOP('',(#6346,#6347,#6353,#6354));
#6346 = ORIENTED_EDGE('',*,*,#6083,.F.);
#6347 = ORIENTED_EDGE('',*,*,#6348,.T.);
#6348 = EDGE_CURVE('',#6072,#1941,#6349,.T.);
#6349 = LINE('',#6350,#6351);
#6350 = CARTESIAN_POINT('',(39.306897880364,4.644648946787,
    139.22127162309));
#6351 = VECTOR('',#6352,1.);
#6352 = DIRECTION('',(0.,0.,-1.));
#6353 = ORIENTED_EDGE('',*,*,#1940,.F.);
#6354 = ORIENTED_EDGE('',*,*,#6329,.F.);
#6355 = B_SPLINE_SURFACE_WITH_KNOTS('',2,1,(
    (#6356,#6357)
    ,(#6358,#6359)
    ,(#6360,#6361
    )),.UNSPECIFIED.,.F.,.F.,.F.,(3,3),(2,2),(0.,1.),(0.,30.994354324618
    ),.PIECEWISE_BEZIER_KNOTS.);
#6356 = CARTESIAN_POINT('',(39.731059458507,3.726966035586,
    139.22127162309));
#6357 = CARTESIAN_POINT('',(39.731059458507,3.726966035586,
    -170.722271623));
#6358 = CARTESIAN_POINT('',(39.306897880364,4.063094078643,
    139.22127162309));
#6359 = CARTESIAN_POINT('',(39.306897880364,4.063094078643,
    -170.722271623));
#6360 = CARTESIAN_POINT('',(39.306897880364,4.644648946787,
    139.22127162309));
#6361 = CARTESIAN_POINT('',(39.306897880364,4.644648946787,
    -170.722271623));
#6362 = ADVANCED_FACE('',(#6363),#6374,.T.);
#6363 = FACE_BOUND('',#6364,.T.);
#6364 = EDGE_LOOP('',(#6365,#6366,#6372,#6373));
#6365 = ORIENTED_EDGE('',*,*,#6069,.F.);
#6366 = ORIENTED_EDGE('',*,*,#6367,.T.);
#6367 = EDGE_CURVE('',#6070,#1949,#6368,.T.);
#6368 = LINE('',#6369,#6370);
#6369 = CARTESIAN_POINT('',(40.283269814956,5.770411122738,
    139.22127162309));
#6370 = VECTOR('',#6371,1.);
#6371 = DIRECTION('',(0.,0.,-1.));
#6372 = ORIENTED_EDGE('',*,*,#1948,.F.);
#6373 = ORIENTED_EDGE('',*,*,#6348,.F.);
#6374 = B_SPLINE_SURFACE_WITH_KNOTS('',2,1,(
    (#6375,#6376)
    ,(#6377,#6378)
    ,(#6379,#6380)
    ,(#6381,#6382
    )),.UNSPECIFIED.,.F.,.F.,.F.,(3,1,3),(2,2),(0.,1.,2.),(0.,
    30.994354324618),.UNSPECIFIED.);
#6375 = CARTESIAN_POINT('',(39.306897880364,4.644648946787,
    139.22127162309));
#6376 = CARTESIAN_POINT('',(39.306897880364,4.644648946787,
    -170.722271623));
#6377 = CARTESIAN_POINT('',(39.306897880364,5.122164182558,
    139.22127162309));
#6378 = CARTESIAN_POINT('',(39.306897880364,5.122164182558,
    -170.722271623));
#6379 = CARTESIAN_POINT('',(39.840434456644,5.727728196635,
    139.22127162309));
#6380 = CARTESIAN_POINT('',(39.840434456644,5.727728196635,
    -170.722271623));
#6381 = CARTESIAN_POINT('',(40.283269814956,5.770411122738,
    139.22127162309));
#6382 = CARTESIAN_POINT('',(40.283269814956,5.770411122738,
    -170.722271623));
#6383 = ADVANCED_FACE('',(#6384),#6395,.T.);
#6384 = FACE_BOUND('',#6385,.T.);
#6385 = EDGE_LOOP('',(#6386,#6387,#6388,#6389));
#6386 = ORIENTED_EDGE('',*,*,#6146,.F.);
#6387 = ORIENTED_EDGE('',*,*,#6240,.T.);
#6388 = ORIENTED_EDGE('',*,*,#2017,.F.);
#6389 = ORIENTED_EDGE('',*,*,#6390,.F.);
#6390 = EDGE_CURVE('',#6147,#2010,#6391,.T.);
#6391 = LINE('',#6392,#6393);
#6392 = CARTESIAN_POINT('',(42.820236235167,5.35425259324,
    139.22127162309));
#6393 = VECTOR('',#6394,1.);
#6394 = DIRECTION('',(0.,0.,-1.));
#6395 = PLANE('',#6396);
#6396 = AXIS2_PLACEMENT_3D('',#6397,#6398,#6399);
#6397 = CARTESIAN_POINT('',(42.820236235167,3.614923354567,
    139.22127162309));
#6398 = DIRECTION('',(1.,0.,0.));
#6399 = DIRECTION('',(0.,0.,-1.));
#6400 = ADVANCED_FACE('',(#6401),#6412,.T.);
#6401 = FACE_BOUND('',#6402,.T.);
#6402 = EDGE_LOOP('',(#6403,#6404,#6405,#6406));
#6403 = ORIENTED_EDGE('',*,*,#6154,.F.);
#6404 = ORIENTED_EDGE('',*,*,#6390,.T.);
#6405 = ORIENTED_EDGE('',*,*,#2009,.F.);
#6406 = ORIENTED_EDGE('',*,*,#6407,.F.);
#6407 = EDGE_CURVE('',#6155,#2002,#6408,.T.);
#6408 = LINE('',#6409,#6410);
#6409 = CARTESIAN_POINT('',(41.022217973104,5.693048319177,
    139.22127162309));
#6410 = VECTOR('',#6411,1.);
#6411 = DIRECTION('',(0.,0.,-1.));
#6412 = PLANE('',#6413);
#6413 = AXIS2_PLACEMENT_3D('',#6414,#6415,#6416);
#6414 = CARTESIAN_POINT('',(42.820236235167,5.35425259324,
    139.22127162309));
#6415 = DIRECTION('',(0.185168776217,0.982706733626,0.));
#6416 = DIRECTION('',(0.,-0.,1.));
#6417 = ADVANCED_FACE('',(#6418),#6429,.T.);
#6418 = FACE_BOUND('',#6419,.T.);
#6419 = EDGE_LOOP('',(#6420,#6421,#6422,#6423));
#6420 = ORIENTED_EDGE('',*,*,#6162,.F.);
#6421 = ORIENTED_EDGE('',*,*,#6407,.T.);
#6422 = ORIENTED_EDGE('',*,*,#2001,.F.);
#6423 = ORIENTED_EDGE('',*,*,#6424,.F.);
#6424 = EDGE_CURVE('',#6163,#1993,#6425,.T.);
#6425 = LINE('',#6426,#6427);
#6426 = CARTESIAN_POINT('',(40.968864315476,5.290228204086,
    139.22127162309));
#6427 = VECTOR('',#6428,1.);
#6428 = DIRECTION('',(0.,0.,-1.));
#6429 = PLANE('',#6430);
#6430 = AXIS2_PLACEMENT_3D('',#6431,#6432,#6433);
#6431 = CARTESIAN_POINT('',(41.022217973104,5.693048319177,
    139.22127162309));
#6432 = DIRECTION('',(-0.991342203187,0.131303603071,0.));
#6433 = DIRECTION('',(0.,0.,1.));
#6434 = ADVANCED_FACE('',(#6435),#6446,.T.);
#6435 = FACE_BOUND('',#6436,.T.);
#6436 = EDGE_LOOP('',(#6437,#6438,#6439,#6440));
#6437 = ORIENTED_EDGE('',*,*,#6170,.F.);
#6438 = ORIENTED_EDGE('',*,*,#6424,.T.);
#6439 = ORIENTED_EDGE('',*,*,#1992,.F.);
#6440 = ORIENTED_EDGE('',*,*,#6441,.F.);
#6441 = EDGE_CURVE('',#6171,#1984,#6442,.T.);
#6442 = LINE('',#6443,#6444);
#6443 = CARTESIAN_POINT('',(41.310327724295,4.652651995432,
    139.22127162309));
#6444 = VECTOR('',#6445,1.);
#6445 = DIRECTION('',(0.,0.,-1.));
#6446 = B_SPLINE_SURFACE_WITH_KNOTS('',2,1,(
    (#6447,#6448)
    ,(#6449,#6450)
    ,(#6451,#6452)
    ,(#6453,#6454
    )),.UNSPECIFIED.,.F.,.F.,.F.,(3,1,3),(2,2),(0.,1.,2.),(0.,
    30.994354324618),.UNSPECIFIED.);
#6447 = CARTESIAN_POINT('',(41.310327724295,4.652651995432,
    139.22127162309));
#6448 = CARTESIAN_POINT('',(41.310327724295,4.652651995432,
    -170.722271623));
#6449 = CARTESIAN_POINT('',(41.310327724295,4.860731260181,
    139.22127162309));
#6450 = CARTESIAN_POINT('',(41.310327724295,4.860731260181,
    -170.722271623));
#6451 = CARTESIAN_POINT('',(41.120922239716,5.194191620356,
    139.22127162309));
#6452 = CARTESIAN_POINT('',(41.120922239716,5.194191620356,
    -170.722271623));
#6453 = CARTESIAN_POINT('',(40.968864315476,5.290228204086,
    139.22127162309));
#6454 = CARTESIAN_POINT('',(40.968864315476,5.290228204086,
    -170.722271623));
#6455 = ADVANCED_FACE('',(#6456),#6467,.T.);
#6456 = FACE_BOUND('',#6457,.T.);
#6457 = EDGE_LOOP('',(#6458,#6459,#6460,#6461));
#6458 = ORIENTED_EDGE('',*,*,#6182,.F.);
#6459 = ORIENTED_EDGE('',*,*,#6441,.T.);
#6460 = ORIENTED_EDGE('',*,*,#1983,.F.);
#6461 = ORIENTED_EDGE('',*,*,#6462,.F.);
#6462 = EDGE_CURVE('',#6183,#1975,#6463,.T.);
#6463 = LINE('',#6464,#6465);
#6464 = CARTESIAN_POINT('',(40.515358225638,3.90570078864,
    139.22127162309));
#6465 = VECTOR('',#6466,1.);
#6466 = DIRECTION('',(0.,0.,-1.));
#6467 = B_SPLINE_SURFACE_WITH_KNOTS('',2,1,(
    (#6468,#6469)
    ,(#6470,#6471)
    ,(#6472,#6473)
    ,(#6474,#6475
    )),.UNSPECIFIED.,.F.,.F.,.F.,(3,1,3),(2,2),(0.,1.,2.),(0.,
    30.994354324618),.UNSPECIFIED.);
#6468 = CARTESIAN_POINT('',(40.515358225638,3.90570078864,
    139.22127162309));
#6469 = CARTESIAN_POINT('',(40.515358225638,3.90570078864,-170.722271623
    ));
#6470 = CARTESIAN_POINT('',(40.883498463271,3.90570078864,
    139.22127162309));
#6471 = CARTESIAN_POINT('',(40.883498463271,3.90570078864,-170.722271623
    ));
#6472 = CARTESIAN_POINT('',(41.310327724295,4.316523952375,
    139.22127162309));
#6473 = CARTESIAN_POINT('',(41.310327724295,4.316523952375,
    -170.722271623));
#6474 = CARTESIAN_POINT('',(41.310327724295,4.652651995432,
    139.22127162309));
#6475 = CARTESIAN_POINT('',(41.310327724295,4.652651995432,
    -170.722271623));
#6476 = ADVANCED_FACE('',(#6477),#6488,.T.);
#6477 = FACE_BOUND('',#6478,.T.);
#6478 = EDGE_LOOP('',(#6479,#6480,#6481,#6482));
#6479 = ORIENTED_EDGE('',*,*,#6194,.F.);
#6480 = ORIENTED_EDGE('',*,*,#6462,.T.);
#6481 = ORIENTED_EDGE('',*,*,#1974,.F.);
#6482 = ORIENTED_EDGE('',*,*,#6483,.F.);
#6483 = EDGE_CURVE('',#6195,#1966,#6484,.T.);
#6484 = LINE('',#6485,#6486);
#6485 = CARTESIAN_POINT('',(39.659032020709,4.647316629669,
    139.22127162309));
#6486 = VECTOR('',#6487,1.);
#6487 = DIRECTION('',(0.,0.,-1.));
#6488 = B_SPLINE_SURFACE_WITH_KNOTS('',2,1,(
    (#6489,#6490)
    ,(#6491,#6492)
    ,(#6493,#6494)
    ,(#6495,#6496
    )),.UNSPECIFIED.,.F.,.F.,.F.,(3,1,3),(2,2),(0.,1.,2.),(0.,
    30.994354324618),.UNSPECIFIED.);
#6489 = CARTESIAN_POINT('',(39.659032020709,4.647316629669,
    139.22127162309));
#6490 = CARTESIAN_POINT('',(39.659032020709,4.647316629669,
    -170.722271623));
#6491 = CARTESIAN_POINT('',(39.659032020709,4.332530049664,
    139.22127162309));
#6492 = CARTESIAN_POINT('',(39.659032020709,4.332530049664,
    -170.722271623));
#6493 = CARTESIAN_POINT('',(40.128544207835,3.90570078864,
    139.22127162309));
#6494 = CARTESIAN_POINT('',(40.128544207835,3.90570078864,-170.722271623
    ));
#6495 = CARTESIAN_POINT('',(40.515358225638,3.90570078864,
    139.22127162309));
#6496 = CARTESIAN_POINT('',(40.515358225638,3.90570078864,-170.722271623
    ));
#6497 = ADVANCED_FACE('',(#6498),#6509,.T.);
#6498 = FACE_BOUND('',#6499,.T.);
#6499 = EDGE_LOOP('',(#6500,#6501,#6502,#6503));
#6500 = ORIENTED_EDGE('',*,*,#6206,.F.);
#6501 = ORIENTED_EDGE('',*,*,#6483,.T.);
#6502 = ORIENTED_EDGE('',*,*,#1965,.F.);
#6503 = ORIENTED_EDGE('',*,*,#6504,.F.);
#6504 = EDGE_CURVE('',#6207,#1958,#6505,.T.);
#6505 = LINE('',#6506,#6507);
#6506 = CARTESIAN_POINT('',(40.320617375296,5.319572715781,
    139.22127162309));
#6507 = VECTOR('',#6508,1.);
#6508 = DIRECTION('',(0.,0.,-1.));
#6509 = B_SPLINE_SURFACE_WITH_KNOTS('',2,1,(
    (#6510,#6511)
    ,(#6512,#6513)
    ,(#6514,#6515)
    ,(#6516,#6517
    )),.UNSPECIFIED.,.F.,.F.,.F.,(3,1,3),(2,2),(0.,1.,2.),(0.,
    30.994354324618),.UNSPECIFIED.);
#6510 = CARTESIAN_POINT('',(40.320617375296,5.319572715781,
    139.22127162309));
#6511 = CARTESIAN_POINT('',(40.320617375296,5.319572715781,
    -170.722271623));
#6512 = CARTESIAN_POINT('',(39.989824698003,5.268886741035,
    139.22127162309));
#6513 = CARTESIAN_POINT('',(39.989824698003,5.268886741035,
    -170.722271623));
#6514 = CARTESIAN_POINT('',(39.659032020709,4.906081869165,
    139.22127162309));
#6515 = CARTESIAN_POINT('',(39.659032020709,4.906081869165,
    -170.722271623));
#6516 = CARTESIAN_POINT('',(39.659032020709,4.647316629669,
    139.22127162309));
#6517 = CARTESIAN_POINT('',(39.659032020709,4.647316629669,
    -170.722271623));
#6518 = ADVANCED_FACE('',(#6519),#6525,.T.);
#6519 = FACE_BOUND('',#6520,.T.);
#6520 = EDGE_LOOP('',(#6521,#6522,#6523,#6524));
#6521 = ORIENTED_EDGE('',*,*,#6218,.F.);
#6522 = ORIENTED_EDGE('',*,*,#6504,.T.);
#6523 = ORIENTED_EDGE('',*,*,#1957,.F.);
#6524 = ORIENTED_EDGE('',*,*,#6367,.F.);
#6525 = PLANE('',#6526);
#6526 = AXIS2_PLACEMENT_3D('',#6527,#6528,#6529);
#6527 = CARTESIAN_POINT('',(40.320617375296,5.319572715781,
    139.22127162309));
#6528 = DIRECTION('',(0.996586307441,8.25574455868E-02,0.));
#6529 = DIRECTION('',(0.,0.,-1.));
#6530 = ADVANCED_FACE('',(#6531,#6658),#6708,.T.);
#6531 = FACE_BOUND('',#6532,.T.);
#6532 = EDGE_LOOP('',(#6533,#6547,#6562,#6577,#6589,#6601,#6613,#6622,
    #6640,#6652));
#6533 = ORIENTED_EDGE('',*,*,#6534,.T.);
#6534 = EDGE_CURVE('',#6535,#6537,#6539,.T.);
#6535 = VERTEX_POINT('',#6536);
#6536 = CARTESIAN_POINT('',(40.176562499701,2.988017877439,-27.25));
#6537 = VERTEX_POINT('',#6538);
#6538 = CARTESIAN_POINT('',(39.306897880364,2.006310577084,-27.25));
#6539 = B_SPLINE_CURVE_WITH_KNOTS('',3,(#6540,#6541,#6542,#6543,#6544,
    #6545,#6546),.UNSPECIFIED.,.F.,.F.,(4,3,4),(-0.185638077887,
    -9.281903894335E-02,0.),.UNSPECIFIED.);
#6540 = CARTESIAN_POINT('',(40.176562499701,2.988017877439,-27.25));
#6541 = CARTESIAN_POINT('',(39.900901935289,2.952448772353,-27.25));
#6542 = CARTESIAN_POINT('',(39.687042690964,2.847964526165,-27.25));
#6543 = CARTESIAN_POINT('',(39.534984766724,2.674565138874,-27.25));
#6544 = CARTESIAN_POINT('',(39.382926842484,2.501165751583,-27.25));
#6545 = CARTESIAN_POINT('',(39.306897880364,2.278414230987,-27.25));
#6546 = CARTESIAN_POINT('',(39.306897880364,2.006310577084,-27.25));
#6547 = ORIENTED_EDGE('',*,*,#6548,.T.);
#6548 = EDGE_CURVE('',#6537,#6549,#6551,.T.);
#6549 = VERTEX_POINT('',#6550);
#6550 = CARTESIAN_POINT('',(41.187614311751,0.752499622826,-27.25));
#6551 = B_SPLINE_CURVE_WITH_KNOTS('',3,(#6552,#6553,#6554,#6555,#6556,
    #6557,#6558,#6559,#6560,#6561),.UNSPECIFIED.,.F.,.F.,(4,3,3,4),(
    -0.259132938884,-0.172755292589,-8.637764629474E-02,0.),
  .UNSPECIFIED.);
#6552 = CARTESIAN_POINT('',(39.306897880364,2.006310577084,-27.25));
#6553 = CARTESIAN_POINT('',(39.306897880364,1.748434565215,-27.25));
#6554 = CARTESIAN_POINT('',(39.376257635281,1.523459975551,-27.25));
#6555 = CARTESIAN_POINT('',(39.514977145114,1.33138680809,-27.25));
#6556 = CARTESIAN_POINT('',(39.653696654946,1.139313640629,-27.25));
#6557 = CARTESIAN_POINT('',(39.855106712492,0.99481415122,-27.25));
#6558 = CARTESIAN_POINT('',(40.11920731775,0.897888339863,-27.25));
#6559 = CARTESIAN_POINT('',(40.383307923009,0.800962528505,-27.25));
#6560 = CARTESIAN_POINT('',(40.739443587676,0.752499622826,-27.25));
#6561 = CARTESIAN_POINT('',(41.187614311751,0.752499622826,-27.25));
#6562 = ORIENTED_EDGE('',*,*,#6563,.T.);
#6563 = EDGE_CURVE('',#6549,#6564,#6566,.T.);
#6564 = VERTEX_POINT('',#6565);
#6565 = CARTESIAN_POINT('',(42.878925258558,1.952956919456,-27.25));
#6566 = B_SPLINE_CURVE_WITH_KNOTS('',3,(#6567,#6568,#6569,#6570,#6571,
    #6572,#6573,#6574,#6575,#6576),.UNSPECIFIED.,.F.,.F.,(4,3,3,4),(
    -0.13093168338,-8.728778891969E-02,-4.364389445984E-02,0.),
  .UNSPECIFIED.);
#6567 = CARTESIAN_POINT('',(41.187614311751,0.752499622826,-27.25));
#6568 = CARTESIAN_POINT('',(41.616222028029,0.752499622826,-27.25));
#6569 = CARTESIAN_POINT('',(41.943902408627,0.801407142319,-27.25));
#6570 = CARTESIAN_POINT('',(42.170655453546,0.899222181303,-27.25));
#6571 = CARTESIAN_POINT('',(42.397408498465,0.997037220288,-27.25));
#6572 = CARTESIAN_POINT('',(42.572141727197,1.140202868256,-27.25));
#6573 = CARTESIAN_POINT('',(42.694855139741,1.328719125209,-27.25));
#6574 = CARTESIAN_POINT('',(42.817568552285,1.517235382161,-27.25));
#6575 = CARTESIAN_POINT('',(42.878925258558,1.72531464691,-27.25));
#6576 = CARTESIAN_POINT('',(42.878925258558,1.952956919456,-27.25));
#6577 = ORIENTED_EDGE('',*,*,#6578,.T.);
#6578 = EDGE_CURVE('',#6564,#6579,#6581,.T.);
#6579 = VERTEX_POINT('',#6580);
#6580 = CARTESIAN_POINT('',(41.697141742098,3.052042266592,-27.25));
#6581 = B_SPLINE_CURVE_WITH_KNOTS('',3,(#6582,#6583,#6584,#6585,#6586,
    #6587,#6588),.UNSPECIFIED.,.F.,.F.,(4,3,4),(-0.261016237703,
    -0.130508118852,0.),.PIECEWISE_BEZIER_KNOTS.);
#6582 = CARTESIAN_POINT('',(42.878925258558,1.952956919456,-27.25));
#6583 = CARTESIAN_POINT('',(42.878925258558,2.267743499461,-27.25));
#6584 = CARTESIAN_POINT('',(42.770884101861,2.529621035652,-27.25));
#6585 = CARTESIAN_POINT('',(42.554801788468,2.738589528028,-27.25));
#6586 = CARTESIAN_POINT('',(42.338719475074,2.947558020404,-27.25));
#6587 = CARTESIAN_POINT('',(42.052832792951,3.052042266592,-27.25));
#6588 = CARTESIAN_POINT('',(41.697141742098,3.052042266592,-27.25));
#6589 = ORIENTED_EDGE('',*,*,#6590,.T.);
#6590 = EDGE_CURVE('',#6579,#6591,#6593,.T.);
#6591 = VERTEX_POINT('',#6592);
#6592 = CARTESIAN_POINT('',(40.552705785978,2.01698130861,-27.25));
#6593 = B_SPLINE_CURVE_WITH_KNOTS('',3,(#6594,#6595,#6596,#6597,#6598,
    #6599,#6600),.UNSPECIFIED.,.F.,.F.,(4,3,4),(-0.174030371251,
    -8.701518562565E-02,0.),.UNSPECIFIED.);
#6594 = CARTESIAN_POINT('',(41.697141742098,3.052042266592,-27.25));
#6595 = CARTESIAN_POINT('',(41.353899878024,3.052042266592,-27.25));
#6596 = CARTESIAN_POINT('',(41.077350085986,2.95200415854,-27.25));
#6597 = CARTESIAN_POINT('',(40.867492365983,2.751927942435,-27.25));
#6598 = CARTESIAN_POINT('',(40.657634645979,2.55185172633,-27.25));
#6599 = CARTESIAN_POINT('',(40.552705785978,2.306869515055,-27.25));
#6600 = CARTESIAN_POINT('',(40.552705785978,2.01698130861,-27.25));
#6601 = ORIENTED_EDGE('',*,*,#6602,.T.);
#6602 = EDGE_CURVE('',#6591,#6603,#6605,.T.);
#6603 = VERTEX_POINT('',#6604);
#6604 = CARTESIAN_POINT('',(41.01421492446,1.181996566732,-27.25));
#6605 = B_SPLINE_CURVE_WITH_KNOTS('',3,(#6606,#6607,#6608,#6609,#6610,
    #6611,#6612),.UNSPECIFIED.,.F.,.F.,(4,3,4),(-8.305192506308E-02,
    -4.152596253154E-02,0.),.PIECEWISE_BEZIER_KNOTS.);
#6606 = CARTESIAN_POINT('',(40.552705785978,2.01698130861,-27.25));
#6607 = CARTESIAN_POINT('',(40.552705785978,1.842692693691,-27.25));
#6608 = CARTESIAN_POINT('',(40.59538871208,1.681297879367,-27.25));
#6609 = CARTESIAN_POINT('',(40.680754564285,1.532796865636,-27.25));
#6610 = CARTESIAN_POINT('',(40.76612041649,1.384295851904,-27.25));
#6611 = CARTESIAN_POINT('',(40.877273869881,1.267362418936,-27.25));
#6612 = CARTESIAN_POINT('',(41.01421492446,1.181996566732,-27.25));
#6613 = ORIENTED_EDGE('',*,*,#6614,.T.);
#6614 = EDGE_CURVE('',#6603,#6615,#6617,.T.);
#6615 = VERTEX_POINT('',#6616);
#6616 = CARTESIAN_POINT('',(40.928849072255,1.17932888385,-27.25));
#6617 = B_SPLINE_CURVE_WITH_KNOTS('',3,(#6618,#6619,#6620,#6621),
  .UNSPECIFIED.,.F.,.F.,(4,4),(-8.212763707058E-03,0.),
  .PIECEWISE_BEZIER_KNOTS.);
#6618 = CARTESIAN_POINT('',(41.01421492446,1.181996566732,-27.25));
#6619 = CARTESIAN_POINT('',(40.975088908866,1.180218111477,-27.25));
#6620 = CARTESIAN_POINT('',(40.946633624798,1.17932888385,-27.25));
#6621 = CARTESIAN_POINT('',(40.928849072255,1.17932888385,-27.25));
#6622 = ORIENTED_EDGE('',*,*,#6623,.T.);
#6623 = EDGE_CURVE('',#6615,#6624,#6626,.T.);
#6624 = VERTEX_POINT('',#6625);
#6625 = CARTESIAN_POINT('',(39.659032020709,1.995639845558,-27.25));
#6626 = B_SPLINE_CURVE_WITH_KNOTS('',3,(#6627,#6628,#6629,#6630,#6631,
    #6632,#6633,#6634,#6635,#6636,#6637,#6638,#6639),.UNSPECIFIED.,.F.,
  .F.,(4,3,3,3,4),(-0.40423670937,-0.303177532027,-0.202118354685,
    -0.101059177342,0.),.UNSPECIFIED.);
#6627 = CARTESIAN_POINT('',(40.928849072255,1.17932888385,-27.25));
#6628 = CARTESIAN_POINT('',(40.749225091574,1.17932888385,-27.25));
#6629 = CARTESIAN_POINT('',(40.573602635215,1.200670346901,-27.25));
#6630 = CARTESIAN_POINT('',(40.401981703179,1.243353273004,-27.25));
#6631 = CARTESIAN_POINT('',(40.230360771142,1.286036199106,-27.25));
#6632 = CARTESIAN_POINT('',(40.093864330377,1.338945242921,-27.25));
#6633 = CARTESIAN_POINT('',(39.992492380884,1.402080404447,-27.25));
#6634 = CARTESIAN_POINT('',(39.891120431391,1.465215565974,-27.25));
#6635 = CARTESIAN_POINT('',(39.810200717322,1.54702450767,-27.25));
#6636 = CARTESIAN_POINT('',(39.749733238677,1.647507229536,-27.25));
#6637 = CARTESIAN_POINT('',(39.689265760032,1.747989951402,-27.25));
#6638 = CARTESIAN_POINT('',(39.659032020709,1.864034156743,-27.25));
#6639 = CARTESIAN_POINT('',(39.659032020709,1.995639845558,-27.25));
#6640 = ORIENTED_EDGE('',*,*,#6641,.T.);
#6641 = EDGE_CURVE('',#6624,#6642,#6644,.T.);
#6642 = VERTEX_POINT('',#6643);
#6643 = CARTESIAN_POINT('',(40.21391006004,2.574527030822,-27.25));
#6644 = B_SPLINE_CURVE_WITH_KNOTS('',3,(#6645,#6646,#6647,#6648,#6649,
    #6650,#6651),.UNSPECIFIED.,.F.,.F.,(4,3,4),(-0.102114732034,
    -5.105736601698E-02,0.),.UNSPECIFIED.);
#6645 = CARTESIAN_POINT('',(39.659032020709,1.995639845558,-27.25));
#6646 = CARTESIAN_POINT('',(39.659032020709,2.148586997425,-27.25));
#6647 = CARTESIAN_POINT('',(39.703048788252,2.274412706665,-27.25));
#6648 = CARTESIAN_POINT('',(39.791082323338,2.373116973276,-27.25));
#6649 = CARTESIAN_POINT('',(39.879115858424,2.471821239888,-27.25));
#6650 = CARTESIAN_POINT('',(40.020058437325,2.538957925737,-27.25));
#6651 = CARTESIAN_POINT('',(40.21391006004,2.574527030822,-27.25));
#6652 = ORIENTED_EDGE('',*,*,#6653,.T.);
#6653 = EDGE_CURVE('',#6642,#6535,#6654,.T.);
#6654 = LINE('',#6655,#6656);
#6655 = CARTESIAN_POINT('',(40.166529631592,3.099096060069,-27.25));
#6656 = VECTOR('',#6657,1.);
#6657 = DIRECTION('',(-8.995638631488E-02,0.995945705629,0.));
#6658 = FACE_BOUND('',#6659,.T.);
#6659 = EDGE_LOOP('',(#6660,#6674,#6686,#6698));
#6660 = ORIENTED_EDGE('',*,*,#6661,.T.);
#6661 = EDGE_CURVE('',#6662,#6664,#6666,.T.);
#6662 = VERTEX_POINT('',#6663);
#6663 = CARTESIAN_POINT('',(41.683803327691,2.60920690828,-27.25));
#6664 = VERTEX_POINT('',#6665);
#6665 = CARTESIAN_POINT('',(42.524123435331,1.899603261828,-27.25));
#6666 = B_SPLINE_CURVE_WITH_KNOTS('',3,(#6667,#6668,#6669,#6670,#6671,
    #6672,#6673),.UNSPECIFIED.,.F.,.F.,(4,3,4),(-0.107593310994,
    -5.379665549699E-02,0.),.UNSPECIFIED.);
#6667 = CARTESIAN_POINT('',(41.683803327691,2.60920690828,-27.25));
#6668 = CARTESIAN_POINT('',(41.932787063288,2.60920690828,-27.25));
#6669 = CARTESIAN_POINT('',(42.135086348461,2.538957925737,-27.25));
#6670 = CARTESIAN_POINT('',(42.290701183209,2.39845996065,-27.25));
#6671 = CARTESIAN_POINT('',(42.446316017957,2.257961995563,-27.25));
#6672 = CARTESIAN_POINT('',(42.524123435331,2.091676429289,-27.25));
#6673 = CARTESIAN_POINT('',(42.524123435331,1.899603261828,-27.25));
#6674 = ORIENTED_EDGE('',*,*,#6675,.T.);
#6675 = EDGE_CURVE('',#6664,#6676,#6678,.T.);
#6676 = VERTEX_POINT('',#6677);
#6677 = CARTESIAN_POINT('',(41.718483205149,1.230014858597,-27.25));
#6678 = B_SPLINE_CURVE_WITH_KNOTS('',3,(#6679,#6680,#6681,#6682,#6683,
    #6684,#6685),.UNSPECIFIED.,.F.,.F.,(4,3,4),(-0.147785642883,
    -7.389282144157E-02,0.),.PIECEWISE_BEZIER_KNOTS.);
#6679 = CARTESIAN_POINT('',(42.524123435331,1.899603261828,-27.25));
#6680 = CARTESIAN_POINT('',(42.524123435331,1.714643915384,-27.25));
#6681 = CARTESIAN_POINT('',(42.45165138372,1.556806011568,-27.25));
#6682 = CARTESIAN_POINT('',(42.306707280497,1.42608955038,-27.25));
#6683 = CARTESIAN_POINT('',(42.161763177275,1.295373089191,-27.25));
#6684 = CARTESIAN_POINT('',(41.965688485492,1.230014858597,-27.25));
#6685 = CARTESIAN_POINT('',(41.718483205149,1.230014858597,-27.25));
#6686 = ORIENTED_EDGE('',*,*,#6687,.T.);
#6687 = EDGE_CURVE('',#6676,#6688,#6690,.T.);
#6688 = VERTEX_POINT('',#6689);
#6689 = CARTESIAN_POINT('',(40.931516755136,1.910273993354,-27.25));
#6690 = B_SPLINE_CURVE_WITH_KNOTS('',3,(#6691,#6692,#6693,#6694,#6695,
    #6696,#6697),.UNSPECIFIED.,.F.,.F.,(4,3,4),(-0.136296036061,
    -6.814801803026E-02,0.),.UNSPECIFIED.);
#6691 = CARTESIAN_POINT('',(41.718483205149,1.230014858597,-27.25));
#6692 = CARTESIAN_POINT('',(41.47305638006,1.230014858597,-27.25));
#6693 = CARTESIAN_POINT('',(41.280538598786,1.29403924775,-27.25));
#6694 = CARTESIAN_POINT('',(41.140929861326,1.422088026058,-27.25));
#6695 = CARTESIAN_POINT('',(41.001321123866,1.550136804365,-27.25));
#6696 = CARTESIAN_POINT('',(40.931516755136,1.71286546013,-27.25));
#6697 = CARTESIAN_POINT('',(40.931516755136,1.910273993354,-27.25));
#6698 = ORIENTED_EDGE('',*,*,#6699,.T.);
#6699 = EDGE_CURVE('',#6688,#6662,#6700,.T.);
#6700 = B_SPLINE_CURVE_WITH_KNOTS('',3,(#6701,#6702,#6703,#6704,#6705,
    #6706,#6707),.UNSPECIFIED.,.F.,.F.,(4,3,4),(-0.150409711053,
    -7.520485552674E-02,0.),.UNSPECIFIED.);
#6701 = CARTESIAN_POINT('',(40.931516755136,1.910273993354,-27.25));
#6702 = CARTESIAN_POINT('',(40.931516755136,2.109460981831,-27.25));
#6703 = CARTESIAN_POINT('',(41.001321123866,2.275746548105,-27.25));
#6704 = CARTESIAN_POINT('',(41.140929861326,2.409130692175,-27.25));
#6705 = CARTESIAN_POINT('',(41.280538598786,2.542514836245,-27.25));
#6706 = CARTESIAN_POINT('',(41.461496420908,2.60920690828,-27.25));
#6707 = CARTESIAN_POINT('',(41.683803327691,2.60920690828,-27.25));
#6708 = PLANE('',#6709);
#6709 = AXIS2_PLACEMENT_3D('',#6710,#6711,#6712);
#6710 = CARTESIAN_POINT('',(-5.551115123126E-16,-2.314121116953E-14,
    -27.25));
#6711 = DIRECTION('',(0.,0.,1.));
#6712 = DIRECTION('',(1.,0.,-0.));
#6713 = ADVANCED_FACE('',(#6714),#6740,.F.);
#6714 = FACE_BOUND('',#6715,.F.);
#6715 = EDGE_LOOP('',(#6716,#6724,#6733,#6739));
#6716 = ORIENTED_EDGE('',*,*,#6717,.T.);
#6717 = EDGE_CURVE('',#6676,#6718,#6720,.T.);
#6718 = VERTEX_POINT('',#6719);
#6719 = CARTESIAN_POINT('',(41.718483205149,1.230014858597,-27.75));
#6720 = LINE('',#6721,#6722);
#6721 = CARTESIAN_POINT('',(41.718483205149,1.230014858597,
    139.22127162309));
#6722 = VECTOR('',#6723,1.);
#6723 = DIRECTION('',(0.,0.,-1.));
#6724 = ORIENTED_EDGE('',*,*,#6725,.T.);
#6725 = EDGE_CURVE('',#6718,#6726,#6728,.T.);
#6726 = VERTEX_POINT('',#6727);
#6727 = CARTESIAN_POINT('',(42.524123435331,1.899603261828,-27.75));
#6728 = B_SPLINE_CURVE_WITH_KNOTS('',2,(#6729,#6730,#6731,#6732),
  .UNSPECIFIED.,.F.,.F.,(3,1,3),(0.,1.,2.),.QUASI_UNIFORM_KNOTS.);
#6729 = CARTESIAN_POINT('',(41.718483205149,1.230014858597,-27.75));
#6730 = CARTESIAN_POINT('',(42.089291125664,1.230014858597,-27.75));
#6731 = CARTESIAN_POINT('',(42.524123435331,1.622164242163,-27.75));
#6732 = CARTESIAN_POINT('',(42.524123435331,1.899603261828,-27.75));
#6733 = ORIENTED_EDGE('',*,*,#6734,.F.);
#6734 = EDGE_CURVE('',#6664,#6726,#6735,.T.);
#6735 = LINE('',#6736,#6737);
#6736 = CARTESIAN_POINT('',(42.524123435331,1.899603261828,
    139.22127162309));
#6737 = VECTOR('',#6738,1.);
#6738 = DIRECTION('',(0.,0.,-1.));
#6739 = ORIENTED_EDGE('',*,*,#6675,.T.);
#6740 = B_SPLINE_SURFACE_WITH_KNOTS('',2,1,(
    (#6741,#6742)
    ,(#6743,#6744)
    ,(#6745,#6746)
    ,(#6747,#6748
  )),.UNSPECIFIED.,.F.,.F.,.F.,(3,1,3),(2,2),(-2.,-1.,0.),(0.,
    30.994354324618),.UNSPECIFIED.);
#6741 = CARTESIAN_POINT('',(42.524123435331,1.899603261828,
    139.22127162309));
#6742 = CARTESIAN_POINT('',(42.524123435331,1.899603261828,
    -170.722271623));
#6743 = CARTESIAN_POINT('',(42.524123435331,1.622164242163,
    139.22127162309));
#6744 = CARTESIAN_POINT('',(42.524123435331,1.622164242163,
    -170.722271623));
#6745 = CARTESIAN_POINT('',(42.089291125664,1.230014858597,
    139.22127162309));
#6746 = CARTESIAN_POINT('',(42.089291125664,1.230014858597,
    -170.722271623));
#6747 = CARTESIAN_POINT('',(41.718483205149,1.230014858597,
    139.22127162309));
#6748 = CARTESIAN_POINT('',(41.718483205149,1.230014858597,
    -170.722271623));
#6749 = ADVANCED_FACE('',(#6750),#6769,.F.);
#6750 = FACE_BOUND('',#6751,.F.);
#6751 = EDGE_LOOP('',(#6752,#6753,#6762,#6768));
#6752 = ORIENTED_EDGE('',*,*,#6734,.T.);
#6753 = ORIENTED_EDGE('',*,*,#6754,.T.);
#6754 = EDGE_CURVE('',#6726,#6755,#6757,.T.);
#6755 = VERTEX_POINT('',#6756);
#6756 = CARTESIAN_POINT('',(41.683803327691,2.60920690828,-27.75));
#6757 = B_SPLINE_CURVE_WITH_KNOTS('',2,(#6758,#6759,#6760,#6761),
  .UNSPECIFIED.,.F.,.F.,(3,1,3),(0.,1.,2.),.QUASI_UNIFORM_KNOTS.);
#6758 = CARTESIAN_POINT('',(42.524123435331,1.899603261828,-27.75));
#6759 = CARTESIAN_POINT('',(42.524123435331,2.187713013019,-27.75));
#6760 = CARTESIAN_POINT('',(42.057278931087,2.60920690828,-27.75));
#6761 = CARTESIAN_POINT('',(41.683803327691,2.60920690828,-27.75));
#6762 = ORIENTED_EDGE('',*,*,#6763,.F.);
#6763 = EDGE_CURVE('',#6662,#6755,#6764,.T.);
#6764 = LINE('',#6765,#6766);
#6765 = CARTESIAN_POINT('',(41.683803327691,2.60920690828,
    139.22127162309));
#6766 = VECTOR('',#6767,1.);
#6767 = DIRECTION('',(0.,0.,-1.));
#6768 = ORIENTED_EDGE('',*,*,#6661,.T.);
#6769 = B_SPLINE_SURFACE_WITH_KNOTS('',2,1,(
    (#6770,#6771)
    ,(#6772,#6773)
    ,(#6774,#6775)
    ,(#6776,#6777
  )),.UNSPECIFIED.,.F.,.F.,.F.,(3,1,3),(2,2),(-2.,-1.,0.),(0.,
    30.994354324618),.UNSPECIFIED.);
#6770 = CARTESIAN_POINT('',(41.683803327691,2.60920690828,
    139.22127162309));
#6771 = CARTESIAN_POINT('',(41.683803327691,2.60920690828,-170.722271623
    ));
#6772 = CARTESIAN_POINT('',(42.057278931087,2.60920690828,
    139.22127162309));
#6773 = CARTESIAN_POINT('',(42.057278931087,2.60920690828,-170.722271623
    ));
#6774 = CARTESIAN_POINT('',(42.524123435331,2.187713013019,
    139.22127162309));
#6775 = CARTESIAN_POINT('',(42.524123435331,2.187713013019,
    -170.722271623));
#6776 = CARTESIAN_POINT('',(42.524123435331,1.899603261828,
    139.22127162309));
#6777 = CARTESIAN_POINT('',(42.524123435331,1.899603261828,
    -170.722271623));
#6778 = ADVANCED_FACE('',(#6779),#6795,.T.);
#6779 = FACE_BOUND('',#6780,.T.);
#6780 = EDGE_LOOP('',(#6781,#6782,#6788,#6789));
#6781 = ORIENTED_EDGE('',*,*,#6590,.F.);
#6782 = ORIENTED_EDGE('',*,*,#6783,.T.);
#6783 = EDGE_CURVE('',#6579,#2028,#6784,.T.);
#6784 = LINE('',#6785,#6786);
#6785 = CARTESIAN_POINT('',(41.697141742098,3.052042266592,
    139.22127162309));
#6786 = VECTOR('',#6787,1.);
#6787 = DIRECTION('',(0.,0.,-1.));
#6788 = ORIENTED_EDGE('',*,*,#2025,.F.);
#6789 = ORIENTED_EDGE('',*,*,#6790,.F.);
#6790 = EDGE_CURVE('',#6591,#2026,#6791,.T.);
#6791 = LINE('',#6792,#6793);
#6792 = CARTESIAN_POINT('',(40.552705785978,2.01698130861,
    139.22127162309));
#6793 = VECTOR('',#6794,1.);
#6794 = DIRECTION('',(0.,0.,-1.));
#6795 = B_SPLINE_SURFACE_WITH_KNOTS('',2,1,(
    (#6796,#6797)
    ,(#6798,#6799)
    ,(#6800,#6801)
    ,(#6802,#6803
    )),.UNSPECIFIED.,.F.,.F.,.F.,(3,1,3),(2,2),(0.,1.,2.),(0.,
    30.994354324618),.UNSPECIFIED.);
#6796 = CARTESIAN_POINT('',(40.552705785978,2.01698130861,
    139.22127162309));
#6797 = CARTESIAN_POINT('',(40.552705785978,2.01698130861,-170.722271623
    ));
#6798 = CARTESIAN_POINT('',(40.552705785978,2.451813618278,
    139.22127162309));
#6799 = CARTESIAN_POINT('',(40.552705785978,2.451813618278,
    -170.722271623));
#6800 = CARTESIAN_POINT('',(41.182278945988,3.052042266592,
    139.22127162309));
#6801 = CARTESIAN_POINT('',(41.182278945988,3.052042266592,
    -170.722271623));
#6802 = CARTESIAN_POINT('',(41.697141742098,3.052042266592,
    139.22127162309));
#6803 = CARTESIAN_POINT('',(41.697141742098,3.052042266592,
    -170.722271623));
#6804 = ADVANCED_FACE('',(#6805),#6816,.T.);
#6805 = FACE_BOUND('',#6806,.T.);
#6806 = EDGE_LOOP('',(#6807,#6808,#6814,#6815));
#6807 = ORIENTED_EDGE('',*,*,#6578,.F.);
#6808 = ORIENTED_EDGE('',*,*,#6809,.T.);
#6809 = EDGE_CURVE('',#6564,#2037,#6810,.T.);
#6810 = LINE('',#6811,#6812);
#6811 = CARTESIAN_POINT('',(42.878925258558,1.952956919456,
    139.22127162309));
#6812 = VECTOR('',#6813,1.);
#6813 = DIRECTION('',(0.,0.,-1.));
#6814 = ORIENTED_EDGE('',*,*,#2036,.F.);
#6815 = ORIENTED_EDGE('',*,*,#6783,.F.);
#6816 = B_SPLINE_SURFACE_WITH_KNOTS('',2,1,(
    (#6817,#6818)
    ,(#6819,#6820)
    ,(#6821,#6822)
    ,(#6823,#6824
    )),.UNSPECIFIED.,.F.,.F.,.F.,(3,1,3),(2,2),(0.,1.,2.),(0.,
    30.994354324618),.UNSPECIFIED.);
#6817 = CARTESIAN_POINT('',(41.697141742098,3.052042266592,
    139.22127162309));
#6818 = CARTESIAN_POINT('',(41.697141742098,3.052042266592,
    -170.722271623));
#6819 = CARTESIAN_POINT('',(42.230678318378,3.052042266592,
    139.22127162309));
#6820 = CARTESIAN_POINT('',(42.230678318378,3.052042266592,
    -170.722271623));
#6821 = CARTESIAN_POINT('',(42.878925258558,2.425136789464,
    139.22127162309));
#6822 = CARTESIAN_POINT('',(42.878925258558,2.425136789464,
    -170.722271623));
#6823 = CARTESIAN_POINT('',(42.878925258558,1.952956919456,
    139.22127162309));
#6824 = CARTESIAN_POINT('',(42.878925258558,1.952956919456,
    -170.722271623));
#6825 = ADVANCED_FACE('',(#6826),#6837,.T.);
#6826 = FACE_BOUND('',#6827,.T.);
#6827 = EDGE_LOOP('',(#6828,#6829,#6835,#6836));
#6828 = ORIENTED_EDGE('',*,*,#6563,.F.);
#6829 = ORIENTED_EDGE('',*,*,#6830,.T.);
#6830 = EDGE_CURVE('',#6549,#2046,#6831,.T.);
#6831 = LINE('',#6832,#6833);
#6832 = CARTESIAN_POINT('',(41.187614311751,0.752499622826,
    139.22127162309));
#6833 = VECTOR('',#6834,1.);
#6834 = DIRECTION('',(0.,0.,-1.));
#6835 = ORIENTED_EDGE('',*,*,#2045,.F.);
#6836 = ORIENTED_EDGE('',*,*,#6809,.F.);
#6837 = B_SPLINE_SURFACE_WITH_KNOTS('',2,1,(
    (#6838,#6839)
    ,(#6840,#6841)
    ,(#6842,#6843)
    ,(#6844,#6845)
    ,(#6846,#6847
    )),.UNSPECIFIED.,.F.,.F.,.F.,(3,1,1,3),(2,2),(0.,1.,2.,3.),(0.,
    30.994354324618),.UNSPECIFIED.);
#6838 = CARTESIAN_POINT('',(42.878925258558,1.952956919456,
    139.22127162309));
#6839 = CARTESIAN_POINT('',(42.878925258558,1.952956919456,
    -170.722271623));
#6840 = CARTESIAN_POINT('',(42.878925258558,1.611493510637,
    139.22127162309));
#6841 = CARTESIAN_POINT('',(42.878925258558,1.611493510637,
    -170.722271623));
#6842 = CARTESIAN_POINT('',(42.510785020925,1.04594473978,
    139.22127162309));
#6843 = CARTESIAN_POINT('',(42.510785020925,1.04594473978,-170.722271623
    ));
#6844 = CARTESIAN_POINT('',(41.830525886168,0.752499622826,
    139.22127162309));
#6845 = CARTESIAN_POINT('',(41.830525886168,0.752499622826,
    -170.722271623));
#6846 = CARTESIAN_POINT('',(41.187614311751,0.752499622826,
    139.22127162309));
#6847 = CARTESIAN_POINT('',(41.187614311751,0.752499622826,
    -170.722271623));
#6848 = ADVANCED_FACE('',(#6849),#6860,.T.);
#6849 = FACE_BOUND('',#6850,.T.);
#6850 = EDGE_LOOP('',(#6851,#6852,#6858,#6859));
#6851 = ORIENTED_EDGE('',*,*,#6548,.F.);
#6852 = ORIENTED_EDGE('',*,*,#6853,.T.);
#6853 = EDGE_CURVE('',#6537,#2056,#6854,.T.);
#6854 = LINE('',#6855,#6856);
#6855 = CARTESIAN_POINT('',(39.306897880364,2.006310577084,
    139.22127162309));
#6856 = VECTOR('',#6857,1.);
#6857 = DIRECTION('',(0.,0.,-1.));
#6858 = ORIENTED_EDGE('',*,*,#2055,.F.);
#6859 = ORIENTED_EDGE('',*,*,#6830,.F.);
#6860 = B_SPLINE_SURFACE_WITH_KNOTS('',2,1,(
    (#6861,#6862)
    ,(#6863,#6864)
    ,(#6865,#6866)
    ,(#6867,#6868)
    ,(#6869,#6870
    )),.UNSPECIFIED.,.F.,.F.,.F.,(3,1,1,3),(2,2),(0.,1.,2.,3.),(0.,
    30.994354324618),.UNSPECIFIED.);
#6861 = CARTESIAN_POINT('',(41.187614311751,0.752499622826,
    139.22127162309));
#6862 = CARTESIAN_POINT('',(41.187614311751,0.752499622826,
    -170.722271623));
#6863 = CARTESIAN_POINT('',(40.515358225638,0.752499622826,
    139.22127162309));
#6864 = CARTESIAN_POINT('',(40.515358225638,0.752499622826,
    -170.722271623));
#6865 = CARTESIAN_POINT('',(39.723056409863,1.043277056899,
    139.22127162309));
#6866 = CARTESIAN_POINT('',(39.723056409863,1.043277056899,
    -170.722271623));
#6867 = CARTESIAN_POINT('',(39.306897880364,1.619496559281,
    139.22127162309));
#6868 = CARTESIAN_POINT('',(39.306897880364,1.619496559281,
    -170.722271623));
#6869 = CARTESIAN_POINT('',(39.306897880364,2.006310577084,
    139.22127162309));
#6870 = CARTESIAN_POINT('',(39.306897880364,2.006310577084,
    -170.722271623));
#6871 = ADVANCED_FACE('',(#6872),#6883,.T.);
#6872 = FACE_BOUND('',#6873,.T.);
#6873 = EDGE_LOOP('',(#6874,#6875,#6881,#6882));
#6874 = ORIENTED_EDGE('',*,*,#6534,.F.);
#6875 = ORIENTED_EDGE('',*,*,#6876,.T.);
#6876 = EDGE_CURVE('',#6535,#2066,#6877,.T.);
#6877 = LINE('',#6878,#6879);
#6878 = CARTESIAN_POINT('',(40.176562499701,2.988017877439,
    139.22127162309));
#6879 = VECTOR('',#6880,1.);
#6880 = DIRECTION('',(0.,0.,-1.));
#6881 = ORIENTED_EDGE('',*,*,#2065,.F.);
#6882 = ORIENTED_EDGE('',*,*,#6853,.F.);
#6883 = B_SPLINE_SURFACE_WITH_KNOTS('',2,1,(
    (#6884,#6885)
    ,(#6886,#6887)
    ,(#6888,#6889)
    ,(#6890,#6891
    )),.UNSPECIFIED.,.F.,.F.,.F.,(3,1,3),(2,2),(0.,1.,2.),(0.,
    30.994354324618),.UNSPECIFIED.);
#6884 = CARTESIAN_POINT('',(39.306897880364,2.006310577084,
    139.22127162309));
#6885 = CARTESIAN_POINT('',(39.306897880364,2.006310577084,
    -170.722271623));
#6886 = CARTESIAN_POINT('',(39.306897880364,2.414466057938,
    139.22127162309));
#6887 = CARTESIAN_POINT('',(39.306897880364,2.414466057938,
    -170.722271623));
#6888 = CARTESIAN_POINT('',(39.763071653084,2.934664219811,
    139.22127162309));
#6889 = CARTESIAN_POINT('',(39.763071653084,2.934664219811,
    -170.722271623));
#6890 = CARTESIAN_POINT('',(40.176562499701,2.988017877439,
    139.22127162309));
#6891 = CARTESIAN_POINT('',(40.176562499701,2.988017877439,
    -170.722271623));
#6892 = ADVANCED_FACE('',(#6893),#6912,.F.);
#6893 = FACE_BOUND('',#6894,.F.);
#6894 = EDGE_LOOP('',(#6895,#6896,#6905,#6911));
#6895 = ORIENTED_EDGE('',*,*,#6763,.T.);
#6896 = ORIENTED_EDGE('',*,*,#6897,.T.);
#6897 = EDGE_CURVE('',#6755,#6898,#6900,.T.);
#6898 = VERTEX_POINT('',#6899);
#6899 = CARTESIAN_POINT('',(40.931516755136,1.910273993354,-27.75));
#6900 = B_SPLINE_CURVE_WITH_KNOTS('',2,(#6901,#6902,#6903,#6904),
  .UNSPECIFIED.,.F.,.F.,(3,1,3),(0.,1.,2.),.QUASI_UNIFORM_KNOTS.);
#6901 = CARTESIAN_POINT('',(41.683803327691,2.60920690828,-27.75));
#6902 = CARTESIAN_POINT('',(41.350342967516,2.60920690828,-27.75));
#6903 = CARTESIAN_POINT('',(40.931516755136,2.20905447607,-27.75));
#6904 = CARTESIAN_POINT('',(40.931516755136,1.910273993354,-27.75));
#6905 = ORIENTED_EDGE('',*,*,#6906,.F.);
#6906 = EDGE_CURVE('',#6688,#6898,#6907,.T.);
#6907 = LINE('',#6908,#6909);
#6908 = CARTESIAN_POINT('',(40.931516755136,1.910273993354,
    139.22127162309));
#6909 = VECTOR('',#6910,1.);
#6910 = DIRECTION('',(0.,0.,-1.));
#6911 = ORIENTED_EDGE('',*,*,#6699,.T.);
#6912 = B_SPLINE_SURFACE_WITH_KNOTS('',2,1,(
    (#6913,#6914)
    ,(#6915,#6916)
    ,(#6917,#6918)
    ,(#6919,#6920
  )),.UNSPECIFIED.,.F.,.F.,.F.,(3,1,3),(2,2),(-2.,-1.,0.),(0.,
    30.994354324618),.UNSPECIFIED.);
#6913 = CARTESIAN_POINT('',(40.931516755136,1.910273993354,
    139.22127162309));
#6914 = CARTESIAN_POINT('',(40.931516755136,1.910273993354,
    -170.722271623));
#6915 = CARTESIAN_POINT('',(40.931516755136,2.20905447607,
    139.22127162309));
#6916 = CARTESIAN_POINT('',(40.931516755136,2.20905447607,-170.722271623
    ));
#6917 = CARTESIAN_POINT('',(41.350342967516,2.60920690828,
    139.22127162309));
#6918 = CARTESIAN_POINT('',(41.350342967516,2.60920690828,-170.722271623
    ));
#6919 = CARTESIAN_POINT('',(41.683803327691,2.60920690828,
    139.22127162309));
#6920 = CARTESIAN_POINT('',(41.683803327691,2.60920690828,-170.722271623
    ));
#6921 = ADVANCED_FACE('',(#6922),#6934,.F.);
#6922 = FACE_BOUND('',#6923,.F.);
#6923 = EDGE_LOOP('',(#6924,#6925,#6932,#6933));
#6924 = ORIENTED_EDGE('',*,*,#6906,.T.);
#6925 = ORIENTED_EDGE('',*,*,#6926,.T.);
#6926 = EDGE_CURVE('',#6898,#6718,#6927,.T.);
#6927 = B_SPLINE_CURVE_WITH_KNOTS('',2,(#6928,#6929,#6930,#6931),
  .UNSPECIFIED.,.F.,.F.,(3,1,3),(0.,1.,2.),.QUASI_UNIFORM_KNOTS.);
#6928 = CARTESIAN_POINT('',(40.931516755136,1.910273993354,-27.75));
#6929 = CARTESIAN_POINT('',(40.931516755136,1.614161193518,-27.75));
#6930 = CARTESIAN_POINT('',(41.350342967516,1.230014858597,-27.75));
#6931 = CARTESIAN_POINT('',(41.718483205149,1.230014858597,-27.75));
#6932 = ORIENTED_EDGE('',*,*,#6717,.F.);
#6933 = ORIENTED_EDGE('',*,*,#6687,.T.);
#6934 = B_SPLINE_SURFACE_WITH_KNOTS('',2,1,(
    (#6935,#6936)
    ,(#6937,#6938)
    ,(#6939,#6940)
    ,(#6941,#6942
  )),.UNSPECIFIED.,.F.,.F.,.F.,(3,1,3),(2,2),(-2.,-1.,0.),(0.,
    30.994354324618),.UNSPECIFIED.);
#6935 = CARTESIAN_POINT('',(41.718483205149,1.230014858597,
    139.22127162309));
#6936 = CARTESIAN_POINT('',(41.718483205149,1.230014858597,
    -170.722271623));
#6937 = CARTESIAN_POINT('',(41.350342967516,1.230014858597,
    139.22127162309));
#6938 = CARTESIAN_POINT('',(41.350342967516,1.230014858597,
    -170.722271623));
#6939 = CARTESIAN_POINT('',(40.931516755136,1.614161193518,
    139.22127162309));
#6940 = CARTESIAN_POINT('',(40.931516755136,1.614161193518,
    -170.722271623));
#6941 = CARTESIAN_POINT('',(40.931516755136,1.910273993354,
    139.22127162309));
#6942 = CARTESIAN_POINT('',(40.931516755136,1.910273993354,
    -170.722271623));
#6943 = ADVANCED_FACE('',(#6944),#6955,.T.);
#6944 = FACE_BOUND('',#6945,.T.);
#6945 = EDGE_LOOP('',(#6946,#6947,#6948,#6949));
#6946 = ORIENTED_EDGE('',*,*,#6602,.F.);
#6947 = ORIENTED_EDGE('',*,*,#6790,.T.);
#6948 = ORIENTED_EDGE('',*,*,#2110,.F.);
#6949 = ORIENTED_EDGE('',*,*,#6950,.F.);
#6950 = EDGE_CURVE('',#6603,#2103,#6951,.T.);
#6951 = LINE('',#6952,#6953);
#6952 = CARTESIAN_POINT('',(41.01421492446,1.181996566732,
    139.22127162309));
#6953 = VECTOR('',#6954,1.);
#6954 = DIRECTION('',(0.,0.,-1.));
#6955 = B_SPLINE_SURFACE_WITH_KNOTS('',2,1,(
    (#6956,#6957)
    ,(#6958,#6959)
    ,(#6960,#6961)
    ,(#6962,#6963
    )),.UNSPECIFIED.,.F.,.F.,.F.,(3,1,3),(2,2),(0.,1.,2.),(0.,
    30.994354324618),.UNSPECIFIED.);
#6956 = CARTESIAN_POINT('',(41.01421492446,1.181996566732,
    139.22127162309));
#6957 = CARTESIAN_POINT('',(41.01421492446,1.181996566732,-170.722271623
    ));
#6958 = CARTESIAN_POINT('',(40.808803342592,1.310045345039,
    139.22127162309));
#6959 = CARTESIAN_POINT('',(40.808803342592,1.310045345039,
    -170.722271623));
#6960 = CARTESIAN_POINT('',(40.552705785978,1.755548386232,
    139.22127162309));
#6961 = CARTESIAN_POINT('',(40.552705785978,1.755548386232,
    -170.722271623));
#6962 = CARTESIAN_POINT('',(40.552705785978,2.01698130861,
    139.22127162309));
#6963 = CARTESIAN_POINT('',(40.552705785978,2.01698130861,-170.722271623
    ));
#6964 = ADVANCED_FACE('',(#6965),#6976,.T.);
#6965 = FACE_BOUND('',#6966,.T.);
#6966 = EDGE_LOOP('',(#6967,#6968,#6969,#6970));
#6967 = ORIENTED_EDGE('',*,*,#6614,.F.);
#6968 = ORIENTED_EDGE('',*,*,#6950,.T.);
#6969 = ORIENTED_EDGE('',*,*,#2102,.F.);
#6970 = ORIENTED_EDGE('',*,*,#6971,.F.);
#6971 = EDGE_CURVE('',#6615,#2092,#6972,.T.);
#6972 = LINE('',#6973,#6974);
#6973 = CARTESIAN_POINT('',(40.928849072255,1.17932888385,
    139.22127162309));
#6974 = VECTOR('',#6975,1.);
#6975 = DIRECTION('',(0.,0.,-1.));
#6976 = B_SPLINE_SURFACE_WITH_KNOTS('',2,1,(
    (#6977,#6978)
    ,(#6979,#6980)
    ,(#6981,#6982
    )),.UNSPECIFIED.,.F.,.F.,.F.,(3,3),(2,2),(0.,1.),(0.,30.994354324618
    ),.PIECEWISE_BEZIER_KNOTS.);
#6977 = CARTESIAN_POINT('',(40.928849072255,1.17932888385,
    139.22127162309));
#6978 = CARTESIAN_POINT('',(40.928849072255,1.17932888385,-170.722271623
    ));
#6979 = CARTESIAN_POINT('',(40.955525901069,1.17932888385,
    139.22127162309));
#6980 = CARTESIAN_POINT('',(40.955525901069,1.17932888385,-170.722271623
    ));
#6981 = CARTESIAN_POINT('',(41.01421492446,1.181996566732,
    139.22127162309));
#6982 = CARTESIAN_POINT('',(41.01421492446,1.181996566732,-170.722271623
    ));
#6983 = ADVANCED_FACE('',(#6984),#6995,.T.);
#6984 = FACE_BOUND('',#6985,.T.);
#6985 = EDGE_LOOP('',(#6986,#6987,#6988,#6989));
#6986 = ORIENTED_EDGE('',*,*,#6623,.F.);
#6987 = ORIENTED_EDGE('',*,*,#6971,.T.);
#6988 = ORIENTED_EDGE('',*,*,#2091,.F.);
#6989 = ORIENTED_EDGE('',*,*,#6990,.F.);
#6990 = EDGE_CURVE('',#6624,#2083,#6991,.T.);
#6991 = LINE('',#6992,#6993);
#6992 = CARTESIAN_POINT('',(39.659032020709,1.995639845558,
    139.22127162309));
#6993 = VECTOR('',#6994,1.);
#6994 = DIRECTION('',(0.,0.,-1.));
#6995 = B_SPLINE_SURFACE_WITH_KNOTS('',2,1,(
    (#6996,#6997)
    ,(#6998,#6999)
    ,(#7000,#7001)
    ,(#7002,#7003)
    ,(#7004,#7005)
    ,(#7006,#7007
    )),.UNSPECIFIED.,.F.,.F.,.F.,(3,1,1,1,3),(2,2),(0.,1.,2.,3.,4.),(0.,
    30.994354324618),.UNSPECIFIED.);
#6996 = CARTESIAN_POINT('',(39.659032020709,1.995639845558,
    139.22127162309));
#6997 = CARTESIAN_POINT('',(39.659032020709,1.995639845558,
    -170.722271623));
#6998 = CARTESIAN_POINT('',(39.659032020709,1.798231312335,
    139.22127162309));
#6999 = CARTESIAN_POINT('',(39.659032020709,1.798231312335,
    -170.722271623));
#7000 = CARTESIAN_POINT('',(39.840434456644,1.496783146737,
    139.22127162309));
#7001 = CARTESIAN_POINT('',(39.840434456644,1.496783146737,
    -170.722271623));
#7002 = CARTESIAN_POINT('',(40.144550305124,1.307377662157,
    139.22127162309));
#7003 = CARTESIAN_POINT('',(40.144550305124,1.307377662157,
    -170.722271623));
#7004 = CARTESIAN_POINT('',(40.659413101234,1.17932888385,
    139.22127162309));
#7005 = CARTESIAN_POINT('',(40.659413101234,1.17932888385,-170.722271623
    ));
#7006 = CARTESIAN_POINT('',(40.928849072255,1.17932888385,
    139.22127162309));
#7007 = CARTESIAN_POINT('',(40.928849072255,1.17932888385,-170.722271623
    ));
#7008 = ADVANCED_FACE('',(#7009),#7020,.T.);
#7009 = FACE_BOUND('',#7010,.T.);
#7010 = EDGE_LOOP('',(#7011,#7012,#7013,#7014));
#7011 = ORIENTED_EDGE('',*,*,#6641,.F.);
#7012 = ORIENTED_EDGE('',*,*,#6990,.T.);
#7013 = ORIENTED_EDGE('',*,*,#2082,.F.);
#7014 = ORIENTED_EDGE('',*,*,#7015,.F.);
#7015 = EDGE_CURVE('',#6642,#2075,#7016,.T.);
#7016 = LINE('',#7017,#7018);
#7017 = CARTESIAN_POINT('',(40.21391006004,2.574527030822,
    139.22127162309));
#7018 = VECTOR('',#7019,1.);
#7019 = DIRECTION('',(0.,0.,-1.));
#7020 = B_SPLINE_SURFACE_WITH_KNOTS('',2,1,(
    (#7021,#7022)
    ,(#7023,#7024)
    ,(#7025,#7026)
    ,(#7027,#7028
    )),.UNSPECIFIED.,.F.,.F.,.F.,(3,1,3),(2,2),(0.,1.,2.),(0.,
    30.994354324618),.UNSPECIFIED.);
#7021 = CARTESIAN_POINT('',(40.21391006004,2.574527030822,
    139.22127162309));
#7022 = CARTESIAN_POINT('',(40.21391006004,2.574527030822,-170.722271623
    ));
#7023 = CARTESIAN_POINT('',(39.923132625968,2.521173373194,
    139.22127162309));
#7024 = CARTESIAN_POINT('',(39.923132625968,2.521173373194,
    -170.722271623));
#7025 = CARTESIAN_POINT('',(39.659032020709,2.225060573359,
    139.22127162309));
#7026 = CARTESIAN_POINT('',(39.659032020709,2.225060573359,
    -170.722271623));
#7027 = CARTESIAN_POINT('',(39.659032020709,1.995639845558,
    139.22127162309));
#7028 = CARTESIAN_POINT('',(39.659032020709,1.995639845558,
    -170.722271623));
#7029 = ADVANCED_FACE('',(#7030),#7036,.T.);
#7030 = FACE_BOUND('',#7031,.T.);
#7031 = EDGE_LOOP('',(#7032,#7033,#7034,#7035));
#7032 = ORIENTED_EDGE('',*,*,#6653,.F.);
#7033 = ORIENTED_EDGE('',*,*,#7015,.T.);
#7034 = ORIENTED_EDGE('',*,*,#2074,.F.);
#7035 = ORIENTED_EDGE('',*,*,#6876,.F.);
#7036 = PLANE('',#7037);
#7037 = AXIS2_PLACEMENT_3D('',#7038,#7039,#7040);
#7038 = CARTESIAN_POINT('',(40.21391006004,2.574527030822,
    139.22127162309));
#7039 = DIRECTION('',(0.995945705629,8.995638631488E-02,0.));
#7040 = DIRECTION('',(0.,0.,-1.));
#7041 = ADVANCED_FACE('',(#7042,#7110),#7166,.T.);
#7042 = FACE_BOUND('',#7043,.T.);
#7043 = EDGE_LOOP('',(#7044,#7055,#7064,#7079,#7097));
#7044 = ORIENTED_EDGE('',*,*,#7045,.T.);
#7045 = EDGE_CURVE('',#7046,#7048,#7050,.T.);
#7046 = VERTEX_POINT('',#7047);
#7047 = CARTESIAN_POINT('',(41.09157772802,0.333673410447,-27.25));
#7048 = VERTEX_POINT('',#7049);
#7049 = CARTESIAN_POINT('',(39.667035069353,-1.312536413501E-02,-27.25)
  );
#7050 = B_SPLINE_CURVE_WITH_KNOTS('',3,(#7051,#7052,#7053,#7054),
  .UNSPECIFIED.,.F.,.F.,(4,4),(-0.140931731552,0.),
  .PIECEWISE_BEZIER_KNOTS.);
#7051 = CARTESIAN_POINT('',(41.09157772802,0.333673410447,-27.25));
#7052 = CARTESIAN_POINT('',(40.435327739196,0.333673410447,-27.25));
#7053 = CARTESIAN_POINT('',(39.960480186307,0.21807381892,-27.25));
#7054 = CARTESIAN_POINT('',(39.667035069353,-1.312536413501E-02,-27.25)
  );
#7055 = ORIENTED_EDGE('',*,*,#7056,.T.);
#7056 = EDGE_CURVE('',#7048,#7057,#7059,.T.);
#7057 = VERTEX_POINT('',#7058);
#7058 = CARTESIAN_POINT('',(39.306897880364,-0.808094862792,-27.25));
#7059 = B_SPLINE_CURVE_WITH_KNOTS('',3,(#7060,#7061,#7062,#7063),
  .UNSPECIFIED.,.F.,.F.,(4,4),(-9.098862978866E-02,0.),
  .PIECEWISE_BEZIER_KNOTS.);
#7060 = CARTESIAN_POINT('',(39.667035069353,-1.312536413501E-02,-27.25)
  );
#7061 = CARTESIAN_POINT('',(39.426943610027,-0.205198531596,-27.25));
#7062 = CARTESIAN_POINT('',(39.306897880364,-0.470188364481,-27.25));
#7063 = CARTESIAN_POINT('',(39.306897880364,-0.808094862792,-27.25));
#7064 = ORIENTED_EDGE('',*,*,#7065,.T.);
#7065 = EDGE_CURVE('',#7057,#7066,#7068,.T.);
#7066 = VERTEX_POINT('',#7067);
#7067 = CARTESIAN_POINT('',(41.09157772802,-1.947195453149,-27.25));
#7068 = B_SPLINE_CURVE_WITH_KNOTS('',3,(#7069,#7070,#7071,#7072,#7073,
    #7074,#7075,#7076,#7077,#7078),.UNSPECIFIED.,.F.,.F.,(4,3,3,4),(
    -0.913522152702,-0.609014768468,-0.304507384234,-1.110223024625E-16)
  ,.UNSPECIFIED.);
#7069 = CARTESIAN_POINT('',(39.306897880364,-0.808094862792,-27.25));
#7070 = CARTESIAN_POINT('',(39.306897880364,-1.062413964152,-27.25));
#7071 = CARTESIAN_POINT('',(39.375368407654,-1.273605525596,-27.25));
#7072 = CARTESIAN_POINT('',(39.512309462232,-1.441669547124,-27.25));
#7073 = CARTESIAN_POINT('',(39.649250516811,-1.609733568652,-27.25));
#7074 = CARTESIAN_POINT('',(39.843991367153,-1.736003891705,-27.25));
#7075 = CARTESIAN_POINT('',(40.096532013259,-1.820480516283,-27.25));
#7076 = CARTESIAN_POINT('',(40.349072659364,-1.90495714086,-27.25));
#7077 = CARTESIAN_POINT('',(40.680754564285,-1.947195453149,-27.25));
#7078 = CARTESIAN_POINT('',(41.09157772802,-1.947195453149,-27.25));
#7079 = ORIENTED_EDGE('',*,*,#7080,.T.);
#7080 = EDGE_CURVE('',#7066,#7081,#7083,.T.);
#7081 = VERTEX_POINT('',#7082);
#7082 = CARTESIAN_POINT('',(42.878925258558,-0.808094862792,-27.25));
#7083 = B_SPLINE_CURVE_WITH_KNOTS('',3,(#7084,#7085,#7086,#7087,#7088,
    #7089,#7090,#7091,#7092,#7093,#7094,#7095,#7096),.UNSPECIFIED.,.F.,
  .F.,(4,3,3,3,4),(-0.138940095426,-0.10420507157,-6.947004771322E-02,
    -3.473502385661E-02,0.),.UNSPECIFIED.);
#7084 = CARTESIAN_POINT('',(41.09157772802,-1.947195453149,-27.25));
#7085 = CARTESIAN_POINT('',(41.438376502602,-1.947195453149,-27.25));
#7086 = CARTESIAN_POINT('',(41.714037067013,-1.920963238149,-27.25));
#7087 = CARTESIAN_POINT('',(41.918559421254,-1.868498808148,-27.25));
#7088 = CARTESIAN_POINT('',(42.123081775495,-1.816034378147,-27.25));
#7089 = CARTESIAN_POINT('',(42.296481162785,-1.744006940349,-27.25));
#7090 = CARTESIAN_POINT('',(42.438757583127,-1.652416494755,-27.25));
#7091 = CARTESIAN_POINT('',(42.581034003468,-1.56082604916,-27.25));
#7092 = CARTESIAN_POINT('',(42.689964387792,-1.443892616192,-27.25));
#7093 = CARTESIAN_POINT('',(42.765548736098,-1.301616195851,-27.25));
#7094 = CARTESIAN_POINT('',(42.841133084404,-1.159339775509,-27.25));
#7095 = CARTESIAN_POINT('',(42.878925258558,-0.99483266449,-27.25));
#7096 = CARTESIAN_POINT('',(42.878925258558,-0.808094862792,-27.25));
#7097 = ORIENTED_EDGE('',*,*,#7098,.T.);
#7098 = EDGE_CURVE('',#7081,#7046,#7099,.T.);
#7099 = B_SPLINE_CURVE_WITH_KNOTS('',3,(#7100,#7101,#7102,#7103,#7104,
    #7105,#7106,#7107,#7108,#7109),.UNSPECIFIED.,.F.,.F.,(4,3,3,4),(
    -0.941312016878,-0.627541344586,-0.313770672293,0.),.UNSPECIFIED.);
#7100 = CARTESIAN_POINT('',(42.878925258558,-0.808094862792,-27.25));
#7101 = CARTESIAN_POINT('',(42.878925258558,-0.551997306178,-27.25));
#7102 = CARTESIAN_POINT('',(42.810899345082,-0.34036113092,-27.25));
#7103 = CARTESIAN_POINT('',(42.67484751813,-0.173186337019,-27.25));
#7104 = CARTESIAN_POINT('',(42.538795691179,-6.011543117949E-03,-27.25)
  );
#7105 = CARTESIAN_POINT('',(42.344499454651,0.120258779935,-27.25));
#7106 = CARTESIAN_POINT('',(42.091958808545,0.20562463214,-27.25));
#7107 = CARTESIAN_POINT('',(41.839418162439,0.290990484344,-27.25));
#7108 = CARTESIAN_POINT('',(41.505957802264,0.333673410447,-27.25));
#7109 = CARTESIAN_POINT('',(41.09157772802,0.333673410447,-27.25));
#7110 = FACE_BOUND('',#7111,.T.);
#7111 = EDGE_LOOP('',(#7112,#7126,#7138,#7147,#7156));
#7112 = ORIENTED_EDGE('',*,*,#7113,.T.);
#7113 = EDGE_CURVE('',#7114,#7116,#7118,.T.);
#7114 = VERTEX_POINT('',#7115);
#7115 = CARTESIAN_POINT('',(41.09157772802,-1.504360094837,-27.25));
#7116 = VERTEX_POINT('',#7117);
#7117 = CARTESIAN_POINT('',(39.659032020709,-0.808094862792,-27.25));
#7118 = B_SPLINE_CURVE_WITH_KNOTS('',3,(#7119,#7120,#7121,#7122,#7123,
    #7124,#7125),.UNSPECIFIED.,.F.,.F.,(4,3,4),(-0.118234871006,
    -5.911743550297E-02,0.),.UNSPECIFIED.);
#7119 = CARTESIAN_POINT('',(41.09157772802,-1.504360094837,-27.25));
#7120 = CARTESIAN_POINT('',(40.517136680892,-1.504360094837,-27.25));
#7121 = CARTESIAN_POINT('',(40.134768801225,-1.437223408988,-27.25));
#7122 = CARTESIAN_POINT('',(39.944474089019,-1.302950037291,-27.25));
#7123 = CARTESIAN_POINT('',(39.754179376812,-1.168676665594,-27.25));
#7124 = CARTESIAN_POINT('',(39.659032020709,-1.003724940761,-27.25));
#7125 = CARTESIAN_POINT('',(39.659032020709,-0.808094862792,-27.25));
#7126 = ORIENTED_EDGE('',*,*,#7127,.T.);
#7127 = EDGE_CURVE('',#7116,#7128,#7130,.T.);
#7128 = VERTEX_POINT('',#7129);
#7129 = CARTESIAN_POINT('',(41.09157772802,-0.109161947865,-27.25));
#7130 = B_SPLINE_CURVE_WITH_KNOTS('',3,(#7131,#7132,#7133,#7134,#7135,
    #7136,#7137),.UNSPECIFIED.,.F.,.F.,(4,3,4),(-0.319473096338,
    -0.159736548169,0.),.PIECEWISE_BEZIER_KNOTS.);
#7131 = CARTESIAN_POINT('',(39.659032020709,-0.808094862792,-27.25));
#7132 = CARTESIAN_POINT('',(39.659032020709,-0.610686329568,-27.25));
#7133 = CARTESIAN_POINT('',(39.753734762999,-0.444845377108,-27.25));
#7134 = CARTESIAN_POINT('',(39.943140247578,-0.310572005411,-27.25));
#7135 = CARTESIAN_POINT('',(40.132545732157,-0.176298633714,-27.25));
#7136 = CARTESIAN_POINT('',(40.515358225638,-0.109161947865,-27.25));
#7137 = CARTESIAN_POINT('',(41.09157772802,-0.109161947865,-27.25));
#7138 = ORIENTED_EDGE('',*,*,#7139,.T.);
#7139 = EDGE_CURVE('',#7128,#7140,#7142,.T.);
#7140 = VERTEX_POINT('',#7141);
#7141 = CARTESIAN_POINT('',(42.27336124448,-0.330579627021,-27.25));
#7142 = B_SPLINE_CURVE_WITH_KNOTS('',3,(#7143,#7144,#7145,#7146),
  .UNSPECIFIED.,.F.,.F.,(4,4),(-0.105744300732,0.),
  .PIECEWISE_BEZIER_KNOTS.);
#7143 = CARTESIAN_POINT('',(41.09157772802,-0.109161947865,-27.25));
#7144 = CARTESIAN_POINT('',(41.666018775148,-0.109161947865,-27.25));
#7145 = CARTESIAN_POINT('',(42.059946613968,-0.182967840917,-27.25));
#7146 = CARTESIAN_POINT('',(42.27336124448,-0.330579627021,-27.25));
#7147 = ORIENTED_EDGE('',*,*,#7148,.T.);
#7148 = EDGE_CURVE('',#7140,#7149,#7151,.T.);
#7149 = VERTEX_POINT('',#7150);
#7150 = CARTESIAN_POINT('',(42.524123435331,-0.802759497029,-27.25));
#7151 = B_SPLINE_CURVE_WITH_KNOTS('',3,(#7152,#7153,#7154,#7155),
  .UNSPECIFIED.,.F.,.F.,(4,4),(-5.615173913902E-02,0.),
  .PIECEWISE_BEZIER_KNOTS.);
#7152 = CARTESIAN_POINT('',(42.27336124448,-0.330579627021,-27.25));
#7153 = CARTESIAN_POINT('',(42.440536038381,-0.447957673803,-27.25));
#7154 = CARTESIAN_POINT('',(42.524123435331,-0.605350963806,-27.25));
#7155 = CARTESIAN_POINT('',(42.524123435331,-0.802759497029,-27.25));
#7156 = ORIENTED_EDGE('',*,*,#7157,.T.);
#7157 = EDGE_CURVE('',#7149,#7114,#7158,.T.);
#7158 = B_SPLINE_CURVE_WITH_KNOTS('',3,(#7159,#7160,#7161,#7162,#7163,
    #7164,#7165),.UNSPECIFIED.,.F.,.F.,(4,3,4),(-0.321472947626,
    -0.160736473813,0.),.PIECEWISE_BEZIER_KNOTS.);
#7159 = CARTESIAN_POINT('',(42.524123435331,-0.802759497029,-27.25));
#7160 = CARTESIAN_POINT('',(42.524123435331,-1.001946485507,-27.25));
#7161 = CARTESIAN_POINT('',(42.429420693042,-1.168676665594,-27.25));
#7162 = CARTESIAN_POINT('',(42.240015208463,-1.302950037291,-27.25));
#7163 = CARTESIAN_POINT('',(42.050609723883,-1.437223408988,-27.25));
#7164 = CARTESIAN_POINT('',(41.667797230402,-1.504360094837,-27.25));
#7165 = CARTESIAN_POINT('',(41.09157772802,-1.504360094837,-27.25));
#7166 = PLANE('',#7167);
#7167 = AXIS2_PLACEMENT_3D('',#7168,#7169,#7170);
#7168 = CARTESIAN_POINT('',(-5.551115123126E-16,-2.314121116953E-14,
    -27.25));
#7169 = DIRECTION('',(0.,0.,1.));
#7170 = DIRECTION('',(1.,0.,-0.));
#7171 = ADVANCED_FACE('',(#7172),#7197,.F.);
#7172 = FACE_BOUND('',#7173,.F.);
#7173 = EDGE_LOOP('',(#7174,#7182,#7190,#7196));
#7174 = ORIENTED_EDGE('',*,*,#7175,.T.);
#7175 = EDGE_CURVE('',#7140,#7176,#7178,.T.);
#7176 = VERTEX_POINT('',#7177);
#7177 = CARTESIAN_POINT('',(42.27336124448,-0.330579627021,-27.75));
#7178 = LINE('',#7179,#7180);
#7179 = CARTESIAN_POINT('',(42.27336124448,-0.330579627021,
    139.22127162309));
#7180 = VECTOR('',#7181,1.);
#7181 = DIRECTION('',(0.,0.,-1.));
#7182 = ORIENTED_EDGE('',*,*,#7183,.T.);
#7183 = EDGE_CURVE('',#7176,#7184,#7186,.T.);
#7184 = VERTEX_POINT('',#7185);
#7185 = CARTESIAN_POINT('',(41.09157772802,-0.109161947865,-27.75));
#7186 = B_SPLINE_CURVE_WITH_KNOTS('',2,(#7187,#7188,#7189),
  .UNSPECIFIED.,.F.,.F.,(3,3),(0.,1.),.PIECEWISE_BEZIER_KNOTS.);
#7187 = CARTESIAN_POINT('',(42.27336124448,-0.330579627021,-27.75));
#7188 = CARTESIAN_POINT('',(41.953239298712,-0.109161947865,-27.75));
#7189 = CARTESIAN_POINT('',(41.09157772802,-0.109161947865,-27.75));
#7190 = ORIENTED_EDGE('',*,*,#7191,.F.);
#7191 = EDGE_CURVE('',#7128,#7184,#7192,.T.);
#7192 = LINE('',#7193,#7194);
#7193 = CARTESIAN_POINT('',(41.09157772802,-0.109161947865,
    139.22127162309));
#7194 = VECTOR('',#7195,1.);
#7195 = DIRECTION('',(0.,0.,-1.));
#7196 = ORIENTED_EDGE('',*,*,#7139,.T.);
#7197 = B_SPLINE_SURFACE_WITH_KNOTS('',2,1,(
    (#7198,#7199)
    ,(#7200,#7201)
    ,(#7202,#7203
    )),.UNSPECIFIED.,.F.,.F.,.F.,(3,3),(2,2),(-1.,0.),(0.,
    30.994354324618),.PIECEWISE_BEZIER_KNOTS.);
#7198 = CARTESIAN_POINT('',(41.09157772802,-0.109161947865,
    139.22127162309));
#7199 = CARTESIAN_POINT('',(41.09157772802,-0.109161947865,
    -170.722271623));
#7200 = CARTESIAN_POINT('',(41.953239298712,-0.109161947865,
    139.22127162309));
#7201 = CARTESIAN_POINT('',(41.953239298712,-0.109161947865,
    -170.722271623));
#7202 = CARTESIAN_POINT('',(42.27336124448,-0.330579627021,
    139.22127162309));
#7203 = CARTESIAN_POINT('',(42.27336124448,-0.330579627021,
    -170.722271623));
#7204 = ADVANCED_FACE('',(#7205),#7224,.F.);
#7205 = FACE_BOUND('',#7206,.F.);
#7206 = EDGE_LOOP('',(#7207,#7208,#7217,#7223));
#7207 = ORIENTED_EDGE('',*,*,#7191,.T.);
#7208 = ORIENTED_EDGE('',*,*,#7209,.T.);
#7209 = EDGE_CURVE('',#7184,#7210,#7212,.T.);
#7210 = VERTEX_POINT('',#7211);
#7211 = CARTESIAN_POINT('',(39.659032020709,-0.808094862792,-27.75));
#7212 = B_SPLINE_CURVE_WITH_KNOTS('',2,(#7213,#7214,#7215,#7216),
  .UNSPECIFIED.,.F.,.F.,(3,1,3),(0.,1.,2.),.QUASI_UNIFORM_KNOTS.);
#7213 = CARTESIAN_POINT('',(41.09157772802,-0.109161947865,-27.75));
#7214 = CARTESIAN_POINT('',(40.227248474447,-0.109161947865,-27.75));
#7215 = CARTESIAN_POINT('',(39.659032020709,-0.511982062957,-27.75));
#7216 = CARTESIAN_POINT('',(39.659032020709,-0.808094862792,-27.75));
#7217 = ORIENTED_EDGE('',*,*,#7218,.F.);
#7218 = EDGE_CURVE('',#7116,#7210,#7219,.T.);
#7219 = LINE('',#7220,#7221);
#7220 = CARTESIAN_POINT('',(39.659032020709,-0.808094862792,
    139.22127162309));
#7221 = VECTOR('',#7222,1.);
#7222 = DIRECTION('',(0.,0.,-1.));
#7223 = ORIENTED_EDGE('',*,*,#7127,.T.);
#7224 = B_SPLINE_SURFACE_WITH_KNOTS('',2,1,(
    (#7225,#7226)
    ,(#7227,#7228)
    ,(#7229,#7230)
    ,(#7231,#7232
  )),.UNSPECIFIED.,.F.,.F.,.F.,(3,1,3),(2,2),(-2.,-1.,0.),(0.,
    30.994354324618),.UNSPECIFIED.);
#7225 = CARTESIAN_POINT('',(39.659032020709,-0.808094862792,
    139.22127162309));
#7226 = CARTESIAN_POINT('',(39.659032020709,-0.808094862792,
    -170.722271623));
#7227 = CARTESIAN_POINT('',(39.659032020709,-0.511982062957,
    139.22127162309));
#7228 = CARTESIAN_POINT('',(39.659032020709,-0.511982062957,
    -170.722271623));
#7229 = CARTESIAN_POINT('',(40.227248474447,-0.109161947865,
    139.22127162309));
#7230 = CARTESIAN_POINT('',(40.227248474447,-0.109161947865,
    -170.722271623));
#7231 = CARTESIAN_POINT('',(41.09157772802,-0.109161947865,
    139.22127162309));
#7232 = CARTESIAN_POINT('',(41.09157772802,-0.109161947865,
    -170.722271623));
#7233 = ADVANCED_FACE('',(#7234),#7253,.F.);
#7234 = FACE_BOUND('',#7235,.F.);
#7235 = EDGE_LOOP('',(#7236,#7237,#7246,#7252));
#7236 = ORIENTED_EDGE('',*,*,#7218,.T.);
#7237 = ORIENTED_EDGE('',*,*,#7238,.T.);
#7238 = EDGE_CURVE('',#7210,#7239,#7241,.T.);
#7239 = VERTEX_POINT('',#7240);
#7240 = CARTESIAN_POINT('',(41.09157772802,-1.504360094837,-27.75));
#7241 = B_SPLINE_CURVE_WITH_KNOTS('',2,(#7242,#7243,#7244,#7245),
  .UNSPECIFIED.,.F.,.F.,(3,1,3),(0.,1.,2.),.QUASI_UNIFORM_KNOTS.);
#7242 = CARTESIAN_POINT('',(39.659032020709,-0.808094862792,-27.75));
#7243 = CARTESIAN_POINT('',(39.659032020709,-1.101539979746,-27.75));
#7244 = CARTESIAN_POINT('',(40.229916157329,-1.504360094837,-27.75));
#7245 = CARTESIAN_POINT('',(41.09157772802,-1.504360094837,-27.75));
#7246 = ORIENTED_EDGE('',*,*,#7247,.F.);
#7247 = EDGE_CURVE('',#7114,#7239,#7248,.T.);
#7248 = LINE('',#7249,#7250);
#7249 = CARTESIAN_POINT('',(41.09157772802,-1.504360094837,
    139.22127162309));
#7250 = VECTOR('',#7251,1.);
#7251 = DIRECTION('',(0.,0.,-1.));
#7252 = ORIENTED_EDGE('',*,*,#7113,.T.);
#7253 = B_SPLINE_SURFACE_WITH_KNOTS('',2,1,(
    (#7254,#7255)
    ,(#7256,#7257)
    ,(#7258,#7259)
    ,(#7260,#7261
  )),.UNSPECIFIED.,.F.,.F.,.F.,(3,1,3),(2,2),(-2.,-1.,0.),(0.,
    30.994354324618),.UNSPECIFIED.);
#7254 = CARTESIAN_POINT('',(41.09157772802,-1.504360094837,
    139.22127162309));
#7255 = CARTESIAN_POINT('',(41.09157772802,-1.504360094837,
    -170.722271623));
#7256 = CARTESIAN_POINT('',(40.229916157329,-1.504360094837,
    139.22127162309));
#7257 = CARTESIAN_POINT('',(40.229916157329,-1.504360094837,
    -170.722271623));
#7258 = CARTESIAN_POINT('',(39.659032020709,-1.101539979746,
    139.22127162309));
#7259 = CARTESIAN_POINT('',(39.659032020709,-1.101539979746,
    -170.722271623));
#7260 = CARTESIAN_POINT('',(39.659032020709,-0.808094862792,
    139.22127162309));
#7261 = CARTESIAN_POINT('',(39.659032020709,-0.808094862792,
    -170.722271623));
#7262 = ADVANCED_FACE('',(#7263),#7279,.T.);
#7263 = FACE_BOUND('',#7264,.T.);
#7264 = EDGE_LOOP('',(#7265,#7266,#7272,#7273));
#7265 = ORIENTED_EDGE('',*,*,#7065,.F.);
#7266 = ORIENTED_EDGE('',*,*,#7267,.T.);
#7267 = EDGE_CURVE('',#7057,#2122,#7268,.T.);
#7268 = LINE('',#7269,#7270);
#7269 = CARTESIAN_POINT('',(39.306897880364,-0.808094862792,
    139.22127162309));
#7270 = VECTOR('',#7271,1.);
#7271 = DIRECTION('',(0.,0.,-1.));
#7272 = ORIENTED_EDGE('',*,*,#2119,.F.);
#7273 = ORIENTED_EDGE('',*,*,#7274,.F.);
#7274 = EDGE_CURVE('',#7066,#2120,#7275,.T.);
#7275 = LINE('',#7276,#7277);
#7276 = CARTESIAN_POINT('',(41.09157772802,-1.947195453149,
    139.22127162309));
#7277 = VECTOR('',#7278,1.);
#7278 = DIRECTION('',(0.,0.,-1.));
#7279 = B_SPLINE_SURFACE_WITH_KNOTS('',2,1,(
    (#7280,#7281)
    ,(#7282,#7283)
    ,(#7284,#7285)
    ,(#7286,#7287)
    ,(#7288,#7289
    )),.UNSPECIFIED.,.F.,.F.,.F.,(3,1,1,3),(2,2),(0.,1.,2.,3.),(0.,
    30.994354324618),.UNSPECIFIED.);
#7280 = CARTESIAN_POINT('',(41.09157772802,-1.947195453149,
    139.22127162309));
#7281 = CARTESIAN_POINT('',(41.09157772802,-1.947195453149,
    -170.722271623));
#7282 = CARTESIAN_POINT('',(40.475342982417,-1.947195453149,
    139.22127162309));
#7283 = CARTESIAN_POINT('',(40.475342982417,-1.947195453149,
    -170.722271623));
#7284 = CARTESIAN_POINT('',(39.7177210441,-1.693765579416,
    139.22127162309));
#7285 = CARTESIAN_POINT('',(39.7177210441,-1.693765579416,-170.722271623
    ));
#7286 = CARTESIAN_POINT('',(39.306897880364,-1.189573514832,
    139.22127162309));
#7287 = CARTESIAN_POINT('',(39.306897880364,-1.189573514832,
    -170.722271623));
#7288 = CARTESIAN_POINT('',(39.306897880364,-0.808094862792,
    139.22127162309));
#7289 = CARTESIAN_POINT('',(39.306897880364,-0.808094862792,
    -170.722271623));
#7290 = ADVANCED_FACE('',(#7291),#7302,.T.);
#7291 = FACE_BOUND('',#7292,.T.);
#7292 = EDGE_LOOP('',(#7293,#7294,#7300,#7301));
#7293 = ORIENTED_EDGE('',*,*,#7056,.F.);
#7294 = ORIENTED_EDGE('',*,*,#7295,.T.);
#7295 = EDGE_CURVE('',#7048,#2132,#7296,.T.);
#7296 = LINE('',#7297,#7298);
#7297 = CARTESIAN_POINT('',(39.667035069353,-1.312536413501E-02,
    139.22127162309));
#7298 = VECTOR('',#7299,1.);
#7299 = DIRECTION('',(0.,0.,-1.));
#7300 = ORIENTED_EDGE('',*,*,#2131,.F.);
#7301 = ORIENTED_EDGE('',*,*,#7267,.F.);
#7302 = B_SPLINE_SURFACE_WITH_KNOTS('',2,1,(
    (#7303,#7304)
    ,(#7305,#7306)
    ,(#7307,#7308
    )),.UNSPECIFIED.,.F.,.F.,.F.,(3,3),(2,2),(0.,1.),(0.,30.994354324618
    ),.PIECEWISE_BEZIER_KNOTS.);
#7303 = CARTESIAN_POINT('',(39.306897880364,-0.808094862792,
    139.22127162309));
#7304 = CARTESIAN_POINT('',(39.306897880364,-0.808094862792,
    -170.722271623));
#7305 = CARTESIAN_POINT('',(39.306897880364,-0.301235115326,
    139.22127162309));
#7306 = CARTESIAN_POINT('',(39.306897880364,-0.301235115326,
    -170.722271623));
#7307 = CARTESIAN_POINT('',(39.667035069353,-1.312536413501E-02,
    139.22127162309));
#7308 = CARTESIAN_POINT('',(39.667035069353,-1.312536413501E-02,
    -170.722271623));
#7309 = ADVANCED_FACE('',(#7310),#7321,.T.);
#7310 = FACE_BOUND('',#7311,.T.);
#7311 = EDGE_LOOP('',(#7312,#7313,#7319,#7320));
#7312 = ORIENTED_EDGE('',*,*,#7045,.F.);
#7313 = ORIENTED_EDGE('',*,*,#7314,.T.);
#7314 = EDGE_CURVE('',#7046,#2140,#7315,.T.);
#7315 = LINE('',#7316,#7317);
#7316 = CARTESIAN_POINT('',(41.09157772802,0.333673410447,
    139.22127162309));
#7317 = VECTOR('',#7318,1.);
#7318 = DIRECTION('',(0.,0.,-1.));
#7319 = ORIENTED_EDGE('',*,*,#2139,.F.);
#7320 = ORIENTED_EDGE('',*,*,#7295,.F.);
#7321 = B_SPLINE_SURFACE_WITH_KNOTS('',2,1,(
    (#7322,#7323)
    ,(#7324,#7325)
    ,(#7326,#7327
    )),.UNSPECIFIED.,.F.,.F.,.F.,(3,3),(2,2),(0.,1.),(0.,30.994354324618
    ),.PIECEWISE_BEZIER_KNOTS.);
#7322 = CARTESIAN_POINT('',(39.667035069353,-1.312536413501E-02,
    139.22127162309));
#7323 = CARTESIAN_POINT('',(39.667035069353,-1.312536413501E-02,
    -170.722271623));
#7324 = CARTESIAN_POINT('',(40.107202744784,0.333673410447,
    139.22127162309));
#7325 = CARTESIAN_POINT('',(40.107202744784,0.333673410447,
    -170.722271623));
#7326 = CARTESIAN_POINT('',(41.09157772802,0.333673410447,
    139.22127162309));
#7327 = CARTESIAN_POINT('',(41.09157772802,0.333673410447,-170.722271623
    ));
#7328 = ADVANCED_FACE('',(#7329),#7348,.F.);
#7329 = FACE_BOUND('',#7330,.F.);
#7330 = EDGE_LOOP('',(#7331,#7332,#7341,#7347));
#7331 = ORIENTED_EDGE('',*,*,#7247,.T.);
#7332 = ORIENTED_EDGE('',*,*,#7333,.T.);
#7333 = EDGE_CURVE('',#7239,#7334,#7336,.T.);
#7334 = VERTEX_POINT('',#7335);
#7335 = CARTESIAN_POINT('',(42.524123435331,-0.802759497029,-27.75));
#7336 = B_SPLINE_CURVE_WITH_KNOTS('',2,(#7337,#7338,#7339,#7340),
  .UNSPECIFIED.,.F.,.F.,(3,1,3),(0.,1.,2.),.QUASI_UNIFORM_KNOTS.);
#7337 = CARTESIAN_POINT('',(41.09157772802,-1.504360094837,-27.75));
#7338 = CARTESIAN_POINT('',(41.955906981594,-1.504360094837,-27.75));
#7339 = CARTESIAN_POINT('',(42.524123435331,-1.101539979746,-27.75));
#7340 = CARTESIAN_POINT('',(42.524123435331,-0.802759497029,-27.75));
#7341 = ORIENTED_EDGE('',*,*,#7342,.F.);
#7342 = EDGE_CURVE('',#7149,#7334,#7343,.T.);
#7343 = LINE('',#7344,#7345);
#7344 = CARTESIAN_POINT('',(42.524123435331,-0.802759497029,
    139.22127162309));
#7345 = VECTOR('',#7346,1.);
#7346 = DIRECTION('',(0.,0.,-1.));
#7347 = ORIENTED_EDGE('',*,*,#7157,.T.);
#7348 = B_SPLINE_SURFACE_WITH_KNOTS('',2,1,(
    (#7349,#7350)
    ,(#7351,#7352)
    ,(#7353,#7354)
    ,(#7355,#7356
  )),.UNSPECIFIED.,.F.,.F.,.F.,(3,1,3),(2,2),(-2.,-1.,0.),(0.,
    30.994354324618),.UNSPECIFIED.);
#7349 = CARTESIAN_POINT('',(42.524123435331,-0.802759497029,
    139.22127162309));
#7350 = CARTESIAN_POINT('',(42.524123435331,-0.802759497029,
    -170.722271623));
#7351 = CARTESIAN_POINT('',(42.524123435331,-1.101539979746,
    139.22127162309));
#7352 = CARTESIAN_POINT('',(42.524123435331,-1.101539979746,
    -170.722271623));
#7353 = CARTESIAN_POINT('',(41.955906981594,-1.504360094837,
    139.22127162309));
#7354 = CARTESIAN_POINT('',(41.955906981594,-1.504360094837,
    -170.722271623));
#7355 = CARTESIAN_POINT('',(41.09157772802,-1.504360094837,
    139.22127162309));
#7356 = CARTESIAN_POINT('',(41.09157772802,-1.504360094837,
    -170.722271623));
#7357 = ADVANCED_FACE('',(#7358),#7369,.F.);
#7358 = FACE_BOUND('',#7359,.F.);
#7359 = EDGE_LOOP('',(#7360,#7361,#7367,#7368));
#7360 = ORIENTED_EDGE('',*,*,#7342,.T.);
#7361 = ORIENTED_EDGE('',*,*,#7362,.T.);
#7362 = EDGE_CURVE('',#7334,#7176,#7363,.T.);
#7363 = B_SPLINE_CURVE_WITH_KNOTS('',2,(#7364,#7365,#7366),
  .UNSPECIFIED.,.F.,.F.,(3,3),(0.,1.),.PIECEWISE_BEZIER_KNOTS.);
#7364 = CARTESIAN_POINT('',(42.524123435331,-0.802759497029,-27.75));
#7365 = CARTESIAN_POINT('',(42.524123435331,-0.506646697194,-27.75));
#7366 = CARTESIAN_POINT('',(42.27336124448,-0.330579627021,-27.75));
#7367 = ORIENTED_EDGE('',*,*,#7175,.F.);
#7368 = ORIENTED_EDGE('',*,*,#7148,.T.);
#7369 = B_SPLINE_SURFACE_WITH_KNOTS('',2,1,(
    (#7370,#7371)
    ,(#7372,#7373)
    ,(#7374,#7375
    )),.UNSPECIFIED.,.F.,.F.,.F.,(3,3),(2,2),(-1.,0.),(0.,
    30.994354324618),.PIECEWISE_BEZIER_KNOTS.);
#7370 = CARTESIAN_POINT('',(42.27336124448,-0.330579627021,
    139.22127162309));
#7371 = CARTESIAN_POINT('',(42.27336124448,-0.330579627021,
    -170.722271623));
#7372 = CARTESIAN_POINT('',(42.524123435331,-0.506646697194,
    139.22127162309));
#7373 = CARTESIAN_POINT('',(42.524123435331,-0.506646697194,
    -170.722271623));
#7374 = CARTESIAN_POINT('',(42.524123435331,-0.802759497029,
    139.22127162309));
#7375 = CARTESIAN_POINT('',(42.524123435331,-0.802759497029,
    -170.722271623));
#7376 = ADVANCED_FACE('',(#7377),#7388,.T.);
#7377 = FACE_BOUND('',#7378,.T.);
#7378 = EDGE_LOOP('',(#7379,#7380,#7381,#7382));
#7379 = ORIENTED_EDGE('',*,*,#7080,.F.);
#7380 = ORIENTED_EDGE('',*,*,#7274,.T.);
#7381 = ORIENTED_EDGE('',*,*,#2157,.F.);
#7382 = ORIENTED_EDGE('',*,*,#7383,.F.);
#7383 = EDGE_CURVE('',#7081,#2148,#7384,.T.);
#7384 = LINE('',#7385,#7386);
#7385 = CARTESIAN_POINT('',(42.878925258558,-0.808094862792,
    139.22127162309));
#7386 = VECTOR('',#7387,1.);
#7387 = DIRECTION('',(0.,0.,-1.));
#7388 = B_SPLINE_SURFACE_WITH_KNOTS('',2,1,(
    (#7389,#7390)
    ,(#7391,#7392)
    ,(#7393,#7394)
    ,(#7395,#7396)
    ,(#7397,#7398)
    ,(#7399,#7400
    )),.UNSPECIFIED.,.F.,.F.,.F.,(3,1,1,1,3),(2,2),(0.,1.,2.,3.,4.),(0.,
    30.994354324618),.UNSPECIFIED.);
#7389 = CARTESIAN_POINT('',(42.878925258558,-0.808094862792,
    139.22127162309));
#7390 = CARTESIAN_POINT('',(42.878925258558,-0.808094862792,
    -170.722271623));
#7391 = CARTESIAN_POINT('',(42.878925258558,-1.088201565339,
    139.22127162309));
#7392 = CARTESIAN_POINT('',(42.878925258558,-1.088201565339,
    -170.722271623));
#7393 = CARTESIAN_POINT('',(42.652172213639,-1.515030826363,
    139.22127162309));
#7394 = CARTESIAN_POINT('',(42.652172213639,-1.515030826363,
    -170.722271623));
#7395 = CARTESIAN_POINT('',(42.225342952615,-1.789802163147,
    139.22127162309));
#7396 = CARTESIAN_POINT('',(42.225342952615,-1.789802163147,
    -170.722271623));
#7397 = CARTESIAN_POINT('',(41.611775889893,-1.947195453149,
    139.22127162309));
#7398 = CARTESIAN_POINT('',(41.611775889893,-1.947195453149,
    -170.722271623));
#7399 = CARTESIAN_POINT('',(41.09157772802,-1.947195453149,
    139.22127162309));
#7400 = CARTESIAN_POINT('',(41.09157772802,-1.947195453149,
    -170.722271623));
#7401 = ADVANCED_FACE('',(#7402),#7408,.T.);
#7402 = FACE_BOUND('',#7403,.T.);
#7403 = EDGE_LOOP('',(#7404,#7405,#7406,#7407));
#7404 = ORIENTED_EDGE('',*,*,#7098,.F.);
#7405 = ORIENTED_EDGE('',*,*,#7383,.T.);
#7406 = ORIENTED_EDGE('',*,*,#2147,.F.);
#7407 = ORIENTED_EDGE('',*,*,#7314,.F.);
#7408 = B_SPLINE_SURFACE_WITH_KNOTS('',2,1,(
    (#7409,#7410)
    ,(#7411,#7412)
    ,(#7413,#7414)
    ,(#7415,#7416)
    ,(#7417,#7418
    )),.UNSPECIFIED.,.F.,.F.,.F.,(3,1,1,3),(2,2),(0.,1.,2.,3.),(0.,
    30.994354324618),.UNSPECIFIED.);
#7409 = CARTESIAN_POINT('',(41.09157772802,0.333673410447,
    139.22127162309));
#7410 = CARTESIAN_POINT('',(41.09157772802,0.333673410447,-170.722271623
    ));
#7411 = CARTESIAN_POINT('',(41.713147839386,0.333673410447,
    139.22127162309));
#7412 = CARTESIAN_POINT('',(41.713147839386,0.333673410447,
    -170.722271623));
#7413 = CARTESIAN_POINT('',(42.470769777704,7.757585383255E-02,
    139.22127162309));
#7414 = CARTESIAN_POINT('',(42.470769777704,7.757585383255E-02,
    -170.722271623));
#7415 = CARTESIAN_POINT('',(42.878925258558,-0.42394852787,
    139.22127162309));
#7416 = CARTESIAN_POINT('',(42.878925258558,-0.42394852787,
    -170.722271623));
#7417 = CARTESIAN_POINT('',(42.878925258558,-0.808094862792,
    139.22127162309));
#7418 = CARTESIAN_POINT('',(42.878925258558,-0.808094862792,
    -170.722271623));
#7419 = ADVANCED_FACE('',(#7420,#7482,#7547),#7630,.T.);
#7420 = FACE_BOUND('',#7421,.T.);
#7421 = EDGE_LOOP('',(#7422,#7433,#7441,#7449,#7457,#7472));
#7422 = ORIENTED_EDGE('',*,*,#7423,.T.);
#7423 = EDGE_CURVE('',#7424,#7426,#7428,.T.);
#7424 = VERTEX_POINT('',#7425);
#7425 = CARTESIAN_POINT('',(41.435708819721,-4.201387487931,-27.25));
#7426 = VERTEX_POINT('',#7427);
#7427 = CARTESIAN_POINT('',(41.3956935765,-3.758552129619,-27.25));
#7428 = B_SPLINE_CURVE_WITH_KNOTS('',3,(#7429,#7430,#7431,#7432),
  .UNSPECIFIED.,.F.,.F.,(4,4),(-4.420404600646E-02,0.),
  .PIECEWISE_BEZIER_KNOTS.);
#7429 = CARTESIAN_POINT('',(41.435708819721,-4.201387487931,-27.25));
#7430 = CARTESIAN_POINT('',(41.409031990907,-4.112464725218,-27.25));
#7431 = CARTESIAN_POINT('',(41.3956935765,-3.964852939114,-27.25));
#7432 = CARTESIAN_POINT('',(41.3956935765,-3.758552129619,-27.25));
#7433 = ORIENTED_EDGE('',*,*,#7434,.T.);
#7434 = EDGE_CURVE('',#7426,#7435,#7437,.T.);
#7435 = VERTEX_POINT('',#7436);
#7436 = CARTESIAN_POINT('',(41.3956935765,-3.003597874183,-27.25));
#7437 = LINE('',#7438,#7439);
#7438 = CARTESIAN_POINT('',(41.3956935765,-1.501798937092,-27.25));
#7439 = VECTOR('',#7440,1.);
#7440 = DIRECTION('',(0.,1.,0.));
#7441 = ORIENTED_EDGE('',*,*,#7442,.T.);
#7442 = EDGE_CURVE('',#7435,#7443,#7445,.T.);
#7443 = VERTEX_POINT('',#7444);
#7444 = CARTESIAN_POINT('',(42.452095997534,-3.003597874183,-27.25));
#7445 = LINE('',#7446,#7447);
#7446 = CARTESIAN_POINT('',(21.226047998767,-3.003597874183,-27.25));
#7447 = VECTOR('',#7448,1.);
#7448 = DIRECTION('',(1.,0.,0.));
#7449 = ORIENTED_EDGE('',*,*,#7450,.T.);
#7450 = EDGE_CURVE('',#7443,#7451,#7453,.T.);
#7451 = VERTEX_POINT('',#7452);
#7452 = CARTESIAN_POINT('',(42.452095997534,-3.70253078911,-27.25));
#7453 = LINE('',#7454,#7455);
#7454 = CARTESIAN_POINT('',(42.452095997534,-1.851265394555,-27.25));
#7455 = VECTOR('',#7456,1.);
#7456 = DIRECTION('',(0.,-1.,0.));
#7457 = ORIENTED_EDGE('',*,*,#7458,.T.);
#7458 = EDGE_CURVE('',#7451,#7459,#7461,.T.);
#7459 = VERTEX_POINT('',#7460);
#7460 = CARTESIAN_POINT('',(41.915891738373,-4.556189311157,-27.25));
#7461 = B_SPLINE_CURVE_WITH_KNOTS('',3,(#7462,#7463,#7464,#7465,#7466,
    #7467,#7468,#7469,#7470,#7471),.UNSPECIFIED.,.F.,.F.,(4,3,3,4),(
    -8.194524947081E-02,-5.463016631388E-02,-2.731508315694E-02,0.),
  .PIECEWISE_BEZIER_KNOTS.);
#7462 = CARTESIAN_POINT('',(42.452095997534,-3.70253078911,-27.25));
#7463 = CARTESIAN_POINT('',(42.452095997534,-3.953292979961,-27.25));
#7464 = CARTESIAN_POINT('',(42.435645286432,-4.130249277761,-27.25));
#7465 = CARTESIAN_POINT('',(42.402743864228,-4.233399682508,-27.25));
#7466 = CARTESIAN_POINT('',(42.369842442024,-4.336550087255,-27.25));
#7467 = CARTESIAN_POINT('',(42.309374963379,-4.416135959884,-27.25));
#7468 = CARTESIAN_POINT('',(42.221341428293,-4.472157300393,-27.25));
#7469 = CARTESIAN_POINT('',(42.133307893207,-4.528178640903,-27.25));
#7470 = CARTESIAN_POINT('',(42.0314913299,-4.556189311157,-27.25));
#7471 = CARTESIAN_POINT('',(41.915891738373,-4.556189311157,-27.25));
#7472 = ORIENTED_EDGE('',*,*,#7473,.T.);
#7473 = EDGE_CURVE('',#7459,#7424,#7474,.T.);
#7474 = B_SPLINE_CURVE_WITH_KNOTS('',3,(#7475,#7476,#7477,#7478,#7479,
    #7480,#7481),.UNSPECIFIED.,.F.,.F.,(4,3,4),(-8.381673113E-02,
    -4.1908365565E-02,0.),.PIECEWISE_BEZIER_KNOTS.);
#7475 = CARTESIAN_POINT('',(41.915891738373,-4.556189311157,-27.25));
#7476 = CARTESIAN_POINT('',(41.793178325828,-4.556189311157,-27.25));
#7477 = CARTESIAN_POINT('',(41.691361762522,-4.526400185648,-27.25));
#7478 = CARTESIAN_POINT('',(41.610442048452,-4.46682193463,-27.25));
#7479 = CARTESIAN_POINT('',(41.529522334383,-4.407243683613,-27.25));
#7480 = CARTESIAN_POINT('',(41.471277924806,-4.318765534713,-27.25));
#7481 = CARTESIAN_POINT('',(41.435708819721,-4.201387487931,-27.25));
#7482 = FACE_BOUND('',#7483,.T.);
#7483 = EDGE_LOOP('',(#7484,#7495,#7503,#7511,#7519,#7534));
#7484 = ORIENTED_EDGE('',*,*,#7485,.T.);
#7485 = EDGE_CURVE('',#7486,#7488,#7490,.T.);
#7486 = VERTEX_POINT('',#7487);
#7487 = CARTESIAN_POINT('',(39.79508384766,-4.190716756406,-27.25));
#7488 = VERTEX_POINT('',#7489);
#7489 = CARTESIAN_POINT('',(39.779077750372,-3.875930176401,-27.25));
#7490 = B_SPLINE_CURVE_WITH_KNOTS('',3,(#7491,#7492,#7493,#7494),
  .UNSPECIFIED.,.F.,.F.,(4,4),(-2.954504623281E-02,0.),
  .PIECEWISE_BEZIER_KNOTS.);
#7491 = CARTESIAN_POINT('',(39.79508384766,-4.190716756406,-27.25));
#7492 = CARTESIAN_POINT('',(39.784413116135,-4.130249277761,-27.25));
#7493 = CARTESIAN_POINT('',(39.779077750372,-4.025320417759,-27.25));
#7494 = CARTESIAN_POINT('',(39.779077750372,-3.875930176401,-27.25));
#7495 = ORIENTED_EDGE('',*,*,#7496,.T.);
#7496 = EDGE_CURVE('',#7488,#7497,#7499,.T.);
#7497 = VERTEX_POINT('',#7498);
#7498 = CARTESIAN_POINT('',(39.779077750372,-3.003597874183,-27.25));
#7499 = LINE('',#7500,#7501);
#7500 = CARTESIAN_POINT('',(39.779077750372,-1.501798937092,-27.25));
#7501 = VECTOR('',#7502,1.);
#7502 = DIRECTION('',(0.,1.,0.));
#7503 = ORIENTED_EDGE('',*,*,#7504,.T.);
#7504 = EDGE_CURVE('',#7497,#7505,#7507,.T.);
#7505 = VERTEX_POINT('',#7506);
#7506 = CARTESIAN_POINT('',(40.982202729883,-3.003597874183,-27.25));
#7507 = LINE('',#7508,#7509);
#7508 = CARTESIAN_POINT('',(20.491101364941,-3.003597874183,-27.25));
#7509 = VECTOR('',#7510,1.);
#7510 = DIRECTION('',(1.,4.613913947147E-16,0.));
#7511 = ORIENTED_EDGE('',*,*,#7512,.T.);
#7512 = EDGE_CURVE('',#7505,#7513,#7515,.T.);
#7513 = VERTEX_POINT('',#7514);
#7514 = CARTESIAN_POINT('',(40.982202729883,-3.811905787247,-27.25));
#7515 = LINE('',#7516,#7517);
#7516 = CARTESIAN_POINT('',(40.982202729883,-1.905952893624,-27.25));
#7517 = VECTOR('',#7518,1.);
#7518 = DIRECTION('',(0.,-1.,0.));
#7519 = ORIENTED_EDGE('',*,*,#7520,.T.);
#7520 = EDGE_CURVE('',#7513,#7521,#7523,.T.);
#7521 = VERTEX_POINT('',#7522);
#7522 = CARTESIAN_POINT('',(40.381974081568,-4.705579552516,-27.25));
#7523 = B_SPLINE_CURVE_WITH_KNOTS('',3,(#7524,#7525,#7526,#7527,#7528,
    #7529,#7530,#7531,#7532,#7533),.UNSPECIFIED.,.F.,.F.,(4,3,3,4),(
    -0.108283669958,-7.218911330549E-02,-3.609455665274E-02,0.),
  .UNSPECIFIED.);
#7524 = CARTESIAN_POINT('',(40.982202729883,-3.811905787247,-27.25));
#7525 = CARTESIAN_POINT('',(40.982202729883,-4.03421269403,-27.25));
#7526 = CARTESIAN_POINT('',(40.962639722086,-4.204499784626,-27.25));
#7527 = CARTESIAN_POINT('',(40.923513706492,-4.322767059035,-27.25));
#7528 = CARTESIAN_POINT('',(40.884387690898,-4.441034333444,-27.25));
#7529 = CARTESIAN_POINT('',(40.816806391236,-4.534403234293,-27.25));
#7530 = CARTESIAN_POINT('',(40.720769807506,-4.602873761582,-27.25));
#7531 = CARTESIAN_POINT('',(40.624733223776,-4.671344288871,-27.25));
#7532 = CARTESIAN_POINT('',(40.51180131513,-4.705579552516,-27.25));
#7533 = CARTESIAN_POINT('',(40.381974081568,-4.705579552516,-27.25));
#7534 = ORIENTED_EDGE('',*,*,#7535,.T.);
#7535 = EDGE_CURVE('',#7521,#7486,#7536,.T.);
#7536 = B_SPLINE_CURVE_WITH_KNOTS('',3,(#7537,#7538,#7539,#7540,#7541,
    #7542,#7543,#7544,#7545,#7546),.UNSPECIFIED.,.F.,.F.,(4,3,3,4),(
    -5.168644472339E-02,-3.445762981559E-02,-1.72288149078E-02,0.),
  .UNSPECIFIED.);
#7537 = CARTESIAN_POINT('',(40.381974081568,-4.705579552516,-27.25));
#7538 = CARTESIAN_POINT('',(40.269931400549,-4.705579552516,-27.25));
#7539 = CARTESIAN_POINT('',(40.171227133938,-4.68245963421,-27.25));
#7540 = CARTESIAN_POINT('',(40.085861281733,-4.636219797599,-27.25));
#7541 = CARTESIAN_POINT('',(40.000495429528,-4.589979960988,-27.25));
#7542 = CARTESIAN_POINT('',(39.935581812748,-4.530846323784,-27.25));
#7543 = CARTESIAN_POINT('',(39.891120431391,-4.458818885986,-27.25));
#7544 = CARTESIAN_POINT('',(39.846659050034,-4.386791448189,-27.25));
#7545 = CARTESIAN_POINT('',(39.814646855457,-4.297424071662,-27.25));
#7546 = CARTESIAN_POINT('',(39.79508384766,-4.190716756406,-27.25));
#7547 = FACE_BOUND('',#7548,.T.);
#7548 = EDGE_LOOP('',(#7549,#7559,#7577,#7589,#7601,#7616,#7624));
#7549 = ORIENTED_EDGE('',*,*,#7550,.T.);
#7550 = EDGE_CURVE('',#7551,#7553,#7555,.T.);
#7551 = VERTEX_POINT('',#7552);
#7552 = CARTESIAN_POINT('',(39.365586903755,-2.53942105282,-27.25));
#7553 = VERTEX_POINT('',#7554);
#7554 = CARTESIAN_POINT('',(39.365586903755,-3.873262493519,-27.25));
#7555 = LINE('',#7556,#7557);
#7556 = CARTESIAN_POINT('',(39.365586903755,-1.26971052641,-27.25));
#7557 = VECTOR('',#7558,1.);
#7558 = DIRECTION('',(0.,-1.,0.));
#7559 = ORIENTED_EDGE('',*,*,#7560,.T.);
#7560 = EDGE_CURVE('',#7553,#7561,#7563,.T.);
#7561 = VERTEX_POINT('',#7562);
#7562 = CARTESIAN_POINT('',(40.379306398687,-5.183094788286,-27.25));
#7563 = B_SPLINE_CURVE_WITH_KNOTS('',3,(#7564,#7565,#7566,#7567,#7568,
    #7569,#7570,#7571,#7572,#7573,#7574,#7575,#7576),.UNSPECIFIED.,.F.,
  .F.,(4,3,3,3,4),(-7.172134754017E-02,-5.379101065513E-02,
    -3.586067377008E-02,-1.793033688504E-02,0.),.UNSPECIFIED.);
#7564 = CARTESIAN_POINT('',(39.365586903755,-3.873262493519,-27.25));
#7565 = CARTESIAN_POINT('',(39.365586903755,-4.097347855557,-27.25));
#7566 = CARTESIAN_POINT('',(39.385149911552,-4.286308726322,-27.25));
#7567 = CARTESIAN_POINT('',(39.424275927146,-4.440145105816,-27.25));
#7568 = CARTESIAN_POINT('',(39.46340194274,-4.59398148531,-27.25));
#7569 = CARTESIAN_POINT('',(39.521201738503,-4.721585649804,-27.25));
#7570 = CARTESIAN_POINT('',(39.597675314437,-4.822957599297,-27.25));
#7571 = CARTESIAN_POINT('',(39.67414889037,-4.92432954879,-27.25));
#7572 = CARTESIAN_POINT('',(39.782634660881,-5.009695400995,-27.25));
#7573 = CARTESIAN_POINT('',(39.923132625968,-5.079055155912,-27.25));
#7574 = CARTESIAN_POINT('',(40.063630591055,-5.148414910828,-27.25));
#7575 = CARTESIAN_POINT('',(40.215688515294,-5.183094788286,-27.25));
#7576 = CARTESIAN_POINT('',(40.379306398687,-5.183094788286,-27.25));
#7577 = ORIENTED_EDGE('',*,*,#7578,.T.);
#7578 = EDGE_CURVE('',#7561,#7579,#7581,.T.);
#7579 = VERTEX_POINT('',#7580);
#7580 = CARTESIAN_POINT('',(41.227629554972,-4.521509433699,-27.25));
#7581 = B_SPLINE_CURVE_WITH_KNOTS('',3,(#7582,#7583,#7584,#7585,#7586,
    #7587,#7588),.UNSPECIFIED.,.F.,.F.,(4,3,4),(-0.173066510205,
    -8.653325510243E-02,0.),.UNSPECIFIED.);
#7582 = CARTESIAN_POINT('',(40.379306398687,-5.183094788286,-27.25));
#7583 = CARTESIAN_POINT('',(40.583828752927,-5.183094788286,-27.25));
#7584 = CARTESIAN_POINT('',(40.760785050727,-5.12618422015,-27.25));
#7585 = CARTESIAN_POINT('',(40.910175292085,-5.012363083877,-27.25));
#7586 = CARTESIAN_POINT('',(41.059565533443,-4.898541947604,-27.25));
#7587 = CARTESIAN_POINT('',(41.165383621072,-4.734924064211,-27.25));
#7588 = CARTESIAN_POINT('',(41.227629554972,-4.521509433699,-27.25));
#7589 = ORIENTED_EDGE('',*,*,#7590,.T.);
#7590 = EDGE_CURVE('',#7579,#7591,#7593,.T.);
#7591 = VERTEX_POINT('',#7592);
#7592 = CARTESIAN_POINT('',(41.969245396001,-5.012363083877,-27.25));
#7593 = B_SPLINE_CURVE_WITH_KNOTS('',3,(#7594,#7595,#7596,#7597,#7598,
    #7599,#7600),.UNSPECIFIED.,.F.,.F.,(4,3,4),(-8.006861128723E-02,
    -4.003430564361E-02,0.),.UNSPECIFIED.);
#7594 = CARTESIAN_POINT('',(41.227629554972,-4.521509433699,-27.25));
#7595 = CARTESIAN_POINT('',(41.309438496668,-4.686905772346,-27.25));
#7596 = CARTESIAN_POINT('',(41.416145811924,-4.810063798704,-27.25));
#7597 = CARTESIAN_POINT('',(41.54775150074,-4.890983512773,-27.25));
#7598 = CARTESIAN_POINT('',(41.679357189555,-4.971903226842,-27.25));
#7599 = CARTESIAN_POINT('',(41.819855154642,-5.012363083877,-27.25));
#7600 = CARTESIAN_POINT('',(41.969245396001,-5.012363083877,-27.25));
#7601 = ORIENTED_EDGE('',*,*,#7602,.T.);
#7602 = EDGE_CURVE('',#7591,#7603,#7605,.T.);
#7603 = VERTEX_POINT('',#7604);
#7604 = CARTESIAN_POINT('',(42.865586844151,-3.851921030468,-27.25));
#7605 = B_SPLINE_CURVE_WITH_KNOTS('',3,(#7606,#7607,#7608,#7609,#7610,
    #7611,#7612,#7613,#7614,#7615),.UNSPECIFIED.,.F.,.F.,(4,3,3,4),(
    -0.250328904607,-0.166885936405,-8.344296820234E-02,0.),
  .UNSPECIFIED.);
#7606 = CARTESIAN_POINT('',(41.969245396001,-5.012363083877,-27.25));
#7607 = CARTESIAN_POINT('',(42.131084824139,-5.012363083877,-27.25));
#7608 = CARTESIAN_POINT('',(42.285365817446,-4.966567861079,-27.25));
#7609 = CARTESIAN_POINT('',(42.432088375923,-4.874977415485,-27.25));
#7610 = CARTESIAN_POINT('',(42.5788109344,-4.78338696989,-27.25));
#7611 = CARTESIAN_POINT('',(42.687741318724,-4.656672033023,-27.25));
#7612 = CARTESIAN_POINT('',(42.758879528895,-4.494832604885,-27.25));
#7613 = CARTESIAN_POINT('',(42.830017739065,-4.332993176747,-27.25));
#7614 = CARTESIAN_POINT('',(42.865586844151,-4.118689318608,-27.25));
#7615 = CARTESIAN_POINT('',(42.865586844151,-3.851921030468,-27.25));
#7616 = ORIENTED_EDGE('',*,*,#7617,.T.);
#7617 = EDGE_CURVE('',#7603,#7618,#7620,.T.);
#7618 = VERTEX_POINT('',#7619);
#7619 = CARTESIAN_POINT('',(42.865586844151,-2.53942105282,-27.25));
#7620 = LINE('',#7621,#7622);
#7621 = CARTESIAN_POINT('',(42.865586844151,-1.925960515234,-27.25));
#7622 = VECTOR('',#7623,1.);
#7623 = DIRECTION('',(0.,1.,0.));
#7624 = ORIENTED_EDGE('',*,*,#7625,.T.);
#7625 = EDGE_CURVE('',#7618,#7551,#7626,.T.);
#7626 = LINE('',#7627,#7628);
#7627 = CARTESIAN_POINT('',(21.432793422075,-2.53942105282,-27.25));
#7628 = VECTOR('',#7629,1.);
#7629 = DIRECTION('',(-1.,-1.586032919332E-16,0.));
#7630 = PLANE('',#7631);
#7631 = AXIS2_PLACEMENT_3D('',#7632,#7633,#7634);
#7632 = CARTESIAN_POINT('',(-5.551115123126E-16,-2.314121116953E-14,
    -27.25));
#7633 = DIRECTION('',(0.,0.,1.));
#7634 = DIRECTION('',(1.,0.,-0.));
#7635 = ADVANCED_FACE('',(#7636),#7661,.F.);
#7636 = FACE_BOUND('',#7637,.T.);
#7637 = EDGE_LOOP('',(#7638,#7639,#7647,#7655));
#7638 = ORIENTED_EDGE('',*,*,#7442,.F.);
#7639 = ORIENTED_EDGE('',*,*,#7640,.T.);
#7640 = EDGE_CURVE('',#7435,#7641,#7643,.T.);
#7641 = VERTEX_POINT('',#7642);
#7642 = CARTESIAN_POINT('',(41.3956935765,-3.003597874183,-27.75));
#7643 = LINE('',#7644,#7645);
#7644 = CARTESIAN_POINT('',(41.3956935765,-3.003597874183,
    139.22127162309));
#7645 = VECTOR('',#7646,1.);
#7646 = DIRECTION('',(0.,0.,-1.));
#7647 = ORIENTED_EDGE('',*,*,#7648,.F.);
#7648 = EDGE_CURVE('',#7649,#7641,#7651,.T.);
#7649 = VERTEX_POINT('',#7650);
#7650 = CARTESIAN_POINT('',(42.452095997534,-3.003597874183,-27.75));
#7651 = LINE('',#7652,#7653);
#7652 = CARTESIAN_POINT('',(21.226047998767,-3.003597874183,-27.75));
#7653 = VECTOR('',#7654,1.);
#7654 = DIRECTION('',(-1.,0.,0.));
#7655 = ORIENTED_EDGE('',*,*,#7656,.F.);
#7656 = EDGE_CURVE('',#7443,#7649,#7657,.T.);
#7657 = LINE('',#7658,#7659);
#7658 = CARTESIAN_POINT('',(42.452095997534,-3.003597874183,
    139.22127162309));
#7659 = VECTOR('',#7660,1.);
#7660 = DIRECTION('',(0.,0.,-1.));
#7661 = PLANE('',#7662);
#7662 = AXIS2_PLACEMENT_3D('',#7663,#7664,#7665);
#7663 = CARTESIAN_POINT('',(42.452095997534,-3.003597874183,
    139.22127162309));
#7664 = DIRECTION('',(0.,1.,0.));
#7665 = DIRECTION('',(0.,-0.,1.));
#7666 = ADVANCED_FACE('',(#7667),#7685,.F.);
#7667 = FACE_BOUND('',#7668,.T.);
#7668 = EDGE_LOOP('',(#7669,#7670,#7678,#7684));
#7669 = ORIENTED_EDGE('',*,*,#7434,.F.);
#7670 = ORIENTED_EDGE('',*,*,#7671,.T.);
#7671 = EDGE_CURVE('',#7426,#7672,#7674,.T.);
#7672 = VERTEX_POINT('',#7673);
#7673 = CARTESIAN_POINT('',(41.3956935765,-3.758552129619,-27.75));
#7674 = LINE('',#7675,#7676);
#7675 = CARTESIAN_POINT('',(41.3956935765,-3.758552129619,
    139.22127162309));
#7676 = VECTOR('',#7677,1.);
#7677 = DIRECTION('',(0.,0.,-1.));
#7678 = ORIENTED_EDGE('',*,*,#7679,.F.);
#7679 = EDGE_CURVE('',#7641,#7672,#7680,.T.);
#7680 = LINE('',#7681,#7682);
#7681 = CARTESIAN_POINT('',(41.3956935765,-1.501798937092,-27.75));
#7682 = VECTOR('',#7683,1.);
#7683 = DIRECTION('',(0.,-1.,0.));
#7684 = ORIENTED_EDGE('',*,*,#7640,.F.);
#7685 = PLANE('',#7686);
#7686 = AXIS2_PLACEMENT_3D('',#7687,#7688,#7689);
#7687 = CARTESIAN_POINT('',(41.3956935765,-3.003597874183,
    139.22127162309));
#7688 = DIRECTION('',(-1.,0.,0.));
#7689 = DIRECTION('',(0.,0.,1.));
#7690 = ADVANCED_FACE('',(#7691),#7709,.F.);
#7691 = FACE_BOUND('',#7692,.F.);
#7692 = EDGE_LOOP('',(#7693,#7694,#7702,#7708));
#7693 = ORIENTED_EDGE('',*,*,#7671,.T.);
#7694 = ORIENTED_EDGE('',*,*,#7695,.T.);
#7695 = EDGE_CURVE('',#7672,#7696,#7698,.T.);
#7696 = VERTEX_POINT('',#7697);
#7697 = CARTESIAN_POINT('',(41.435708819721,-4.201387487931,-27.75));
#7698 = B_SPLINE_CURVE_WITH_KNOTS('',2,(#7699,#7700,#7701),
  .UNSPECIFIED.,.F.,.F.,(3,3),(0.,1.),.PIECEWISE_BEZIER_KNOTS.);
#7699 = CARTESIAN_POINT('',(41.3956935765,-3.758552129619,-27.75));
#7700 = CARTESIAN_POINT('',(41.3956935765,-4.068003343861,-27.75));
#7701 = CARTESIAN_POINT('',(41.435708819721,-4.201387487931,-27.75));
#7702 = ORIENTED_EDGE('',*,*,#7703,.F.);
#7703 = EDGE_CURVE('',#7424,#7696,#7704,.T.);
#7704 = LINE('',#7705,#7706);
#7705 = CARTESIAN_POINT('',(41.435708819721,-4.201387487931,
    139.22127162309));
#7706 = VECTOR('',#7707,1.);
#7707 = DIRECTION('',(0.,0.,-1.));
#7708 = ORIENTED_EDGE('',*,*,#7423,.T.);
#7709 = B_SPLINE_SURFACE_WITH_KNOTS('',2,1,(
    (#7710,#7711)
    ,(#7712,#7713)
    ,(#7714,#7715
    )),.UNSPECIFIED.,.F.,.F.,.F.,(3,3),(2,2),(-1.,0.),(0.,
    30.994354324618),.PIECEWISE_BEZIER_KNOTS.);
#7710 = CARTESIAN_POINT('',(41.435708819721,-4.201387487931,
    139.22127162309));
#7711 = CARTESIAN_POINT('',(41.435708819721,-4.201387487931,
    -170.722271623));
#7712 = CARTESIAN_POINT('',(41.3956935765,-4.068003343861,
    139.22127162309));
#7713 = CARTESIAN_POINT('',(41.3956935765,-4.068003343861,-170.722271623
    ));
#7714 = CARTESIAN_POINT('',(41.3956935765,-3.758552129619,
    139.22127162309));
#7715 = CARTESIAN_POINT('',(41.3956935765,-3.758552129619,-170.722271623
    ));
#7716 = ADVANCED_FACE('',(#7717),#7742,.F.);
#7717 = FACE_BOUND('',#7718,.T.);
#7718 = EDGE_LOOP('',(#7719,#7720,#7728,#7736));
#7719 = ORIENTED_EDGE('',*,*,#7504,.F.);
#7720 = ORIENTED_EDGE('',*,*,#7721,.T.);
#7721 = EDGE_CURVE('',#7497,#7722,#7724,.T.);
#7722 = VERTEX_POINT('',#7723);
#7723 = CARTESIAN_POINT('',(39.779077750372,-3.003597874183,-27.75));
#7724 = LINE('',#7725,#7726);
#7725 = CARTESIAN_POINT('',(39.779077750372,-3.003597874183,
    139.22127162309));
#7726 = VECTOR('',#7727,1.);
#7727 = DIRECTION('',(0.,0.,-1.));
#7728 = ORIENTED_EDGE('',*,*,#7729,.F.);
#7729 = EDGE_CURVE('',#7730,#7722,#7732,.T.);
#7730 = VERTEX_POINT('',#7731);
#7731 = CARTESIAN_POINT('',(40.982202729883,-3.003597874183,-27.75));
#7732 = LINE('',#7733,#7734);
#7733 = CARTESIAN_POINT('',(20.491101364941,-3.003597874183,-27.75));
#7734 = VECTOR('',#7735,1.);
#7735 = DIRECTION('',(-1.,-4.613913947147E-16,0.));
#7736 = ORIENTED_EDGE('',*,*,#7737,.F.);
#7737 = EDGE_CURVE('',#7505,#7730,#7738,.T.);
#7738 = LINE('',#7739,#7740);
#7739 = CARTESIAN_POINT('',(40.982202729883,-3.003597874183,
    139.22127162309));
#7740 = VECTOR('',#7741,1.);
#7741 = DIRECTION('',(0.,0.,-1.));
#7742 = PLANE('',#7743);
#7743 = AXIS2_PLACEMENT_3D('',#7744,#7745,#7746);
#7744 = CARTESIAN_POINT('',(40.982202729883,-3.003597874183,
    139.22127162309));
#7745 = DIRECTION('',(-4.613913947147E-16,1.,0.));
#7746 = DIRECTION('',(0.,0.,1.));
#7747 = ADVANCED_FACE('',(#7748),#7766,.F.);
#7748 = FACE_BOUND('',#7749,.T.);
#7749 = EDGE_LOOP('',(#7750,#7751,#7759,#7765));
#7750 = ORIENTED_EDGE('',*,*,#7496,.F.);
#7751 = ORIENTED_EDGE('',*,*,#7752,.T.);
#7752 = EDGE_CURVE('',#7488,#7753,#7755,.T.);
#7753 = VERTEX_POINT('',#7754);
#7754 = CARTESIAN_POINT('',(39.779077750372,-3.875930176401,-27.75));
#7755 = LINE('',#7756,#7757);
#7756 = CARTESIAN_POINT('',(39.779077750372,-3.875930176401,
    139.22127162309));
#7757 = VECTOR('',#7758,1.);
#7758 = DIRECTION('',(0.,0.,-1.));
#7759 = ORIENTED_EDGE('',*,*,#7760,.F.);
#7760 = EDGE_CURVE('',#7722,#7753,#7761,.T.);
#7761 = LINE('',#7762,#7763);
#7762 = CARTESIAN_POINT('',(39.779077750372,-1.501798937092,-27.75));
#7763 = VECTOR('',#7764,1.);
#7764 = DIRECTION('',(0.,-1.,0.));
#7765 = ORIENTED_EDGE('',*,*,#7721,.F.);
#7766 = PLANE('',#7767);
#7767 = AXIS2_PLACEMENT_3D('',#7768,#7769,#7770);
#7768 = CARTESIAN_POINT('',(39.779077750372,-3.003597874183,
    139.22127162309));
#7769 = DIRECTION('',(-1.,0.,0.));
#7770 = DIRECTION('',(0.,0.,1.));
#7771 = ADVANCED_FACE('',(#7772),#7790,.F.);
#7772 = FACE_BOUND('',#7773,.F.);
#7773 = EDGE_LOOP('',(#7774,#7775,#7783,#7789));
#7774 = ORIENTED_EDGE('',*,*,#7752,.T.);
#7775 = ORIENTED_EDGE('',*,*,#7776,.T.);
#7776 = EDGE_CURVE('',#7753,#7777,#7779,.T.);
#7777 = VERTEX_POINT('',#7778);
#7778 = CARTESIAN_POINT('',(39.79508384766,-4.190716756406,-27.75));
#7779 = B_SPLINE_CURVE_WITH_KNOTS('',2,(#7780,#7781,#7782),
  .UNSPECIFIED.,.F.,.F.,(3,3),(0.,1.),.PIECEWISE_BEZIER_KNOTS.);
#7780 = CARTESIAN_POINT('',(39.779077750372,-3.875930176401,-27.75));
#7781 = CARTESIAN_POINT('',(39.779077750372,-4.100015538438,-27.75));
#7782 = CARTESIAN_POINT('',(39.79508384766,-4.190716756406,-27.75));
#7783 = ORIENTED_EDGE('',*,*,#7784,.F.);
#7784 = EDGE_CURVE('',#7486,#7777,#7785,.T.);
#7785 = LINE('',#7786,#7787);
#7786 = CARTESIAN_POINT('',(39.79508384766,-4.190716756406,
    139.22127162309));
#7787 = VECTOR('',#7788,1.);
#7788 = DIRECTION('',(0.,0.,-1.));
#7789 = ORIENTED_EDGE('',*,*,#7485,.T.);
#7790 = B_SPLINE_SURFACE_WITH_KNOTS('',2,1,(
    (#7791,#7792)
    ,(#7793,#7794)
    ,(#7795,#7796
    )),.UNSPECIFIED.,.F.,.F.,.F.,(3,3),(2,2),(-1.,0.),(0.,
    30.994354324618),.PIECEWISE_BEZIER_KNOTS.);
#7791 = CARTESIAN_POINT('',(39.79508384766,-4.190716756406,
    139.22127162309));
#7792 = CARTESIAN_POINT('',(39.79508384766,-4.190716756406,
    -170.722271623));
#7793 = CARTESIAN_POINT('',(39.779077750372,-4.100015538438,
    139.22127162309));
#7794 = CARTESIAN_POINT('',(39.779077750372,-4.100015538438,
    -170.722271623));
#7795 = CARTESIAN_POINT('',(39.779077750372,-3.875930176401,
    139.22127162309));
#7796 = CARTESIAN_POINT('',(39.779077750372,-3.875930176401,
    -170.722271623));
#7797 = ADVANCED_FACE('',(#7798),#7814,.T.);
#7798 = FACE_BOUND('',#7799,.T.);
#7799 = EDGE_LOOP('',(#7800,#7801,#7807,#7808));
#7800 = ORIENTED_EDGE('',*,*,#7590,.F.);
#7801 = ORIENTED_EDGE('',*,*,#7802,.T.);
#7802 = EDGE_CURVE('',#7579,#2171,#7803,.T.);
#7803 = LINE('',#7804,#7805);
#7804 = CARTESIAN_POINT('',(41.227629554972,-4.521509433699,
    139.22127162309));
#7805 = VECTOR('',#7806,1.);
#7806 = DIRECTION('',(0.,0.,-1.));
#7807 = ORIENTED_EDGE('',*,*,#2168,.F.);
#7808 = ORIENTED_EDGE('',*,*,#7809,.F.);
#7809 = EDGE_CURVE('',#7591,#2169,#7810,.T.);
#7810 = LINE('',#7811,#7812);
#7811 = CARTESIAN_POINT('',(41.969245396001,-5.012363083877,
    139.22127162309));
#7812 = VECTOR('',#7813,1.);
#7813 = DIRECTION('',(0.,0.,-1.));
#7814 = B_SPLINE_SURFACE_WITH_KNOTS('',2,1,(
    (#7815,#7816)
    ,(#7817,#7818)
    ,(#7819,#7820)
    ,(#7821,#7822
    )),.UNSPECIFIED.,.F.,.F.,.F.,(3,1,3),(2,2),(0.,1.,2.),(0.,
    30.994354324618),.UNSPECIFIED.);
#7815 = CARTESIAN_POINT('',(41.969245396001,-5.012363083877,
    139.22127162309));
#7816 = CARTESIAN_POINT('',(41.969245396001,-5.012363083877,
    -170.722271623));
#7817 = CARTESIAN_POINT('',(41.745160033963,-5.012363083877,
    139.22127162309));
#7818 = CARTESIAN_POINT('',(41.745160033963,-5.012363083877,
    -170.722271623));
#7819 = CARTESIAN_POINT('',(41.350342967516,-4.769603941669,
    139.22127162309));
#7820 = CARTESIAN_POINT('',(41.350342967516,-4.769603941669,
    -170.722271623));
#7821 = CARTESIAN_POINT('',(41.227629554972,-4.521509433699,
    139.22127162309));
#7822 = CARTESIAN_POINT('',(41.227629554972,-4.521509433699,
    -170.722271623));
#7823 = ADVANCED_FACE('',(#7824),#7835,.T.);
#7824 = FACE_BOUND('',#7825,.T.);
#7825 = EDGE_LOOP('',(#7826,#7827,#7833,#7834));
#7826 = ORIENTED_EDGE('',*,*,#7578,.F.);
#7827 = ORIENTED_EDGE('',*,*,#7828,.T.);
#7828 = EDGE_CURVE('',#7561,#2180,#7829,.T.);
#7829 = LINE('',#7830,#7831);
#7830 = CARTESIAN_POINT('',(40.379306398687,-5.183094788286,
    139.22127162309));
#7831 = VECTOR('',#7832,1.);
#7832 = DIRECTION('',(0.,0.,-1.));
#7833 = ORIENTED_EDGE('',*,*,#2179,.F.);
#7834 = ORIENTED_EDGE('',*,*,#7802,.F.);
#7835 = B_SPLINE_SURFACE_WITH_KNOTS('',2,1,(
    (#7836,#7837)
    ,(#7838,#7839)
    ,(#7840,#7841)
    ,(#7842,#7843
    )),.UNSPECIFIED.,.F.,.F.,.F.,(3,1,3),(2,2),(0.,1.,2.),(0.,
    30.994354324618),.UNSPECIFIED.);
#7836 = CARTESIAN_POINT('',(41.227629554972,-4.521509433699,
    139.22127162309));
#7837 = CARTESIAN_POINT('',(41.227629554972,-4.521509433699,
    -170.722271623));
#7838 = CARTESIAN_POINT('',(41.134260654123,-4.841631379467,
    139.22127162309));
#7839 = CARTESIAN_POINT('',(41.134260654123,-4.841631379467,
    -170.722271623));
#7840 = CARTESIAN_POINT('',(40.686089930048,-5.183094788286,
    139.22127162309));
#7841 = CARTESIAN_POINT('',(40.686089930048,-5.183094788286,
    -170.722271623));
#7842 = CARTESIAN_POINT('',(40.379306398687,-5.183094788286,
    139.22127162309));
#7843 = CARTESIAN_POINT('',(40.379306398687,-5.183094788286,
    -170.722271623));
#7844 = ADVANCED_FACE('',(#7845),#7856,.T.);
#7845 = FACE_BOUND('',#7846,.T.);
#7846 = EDGE_LOOP('',(#7847,#7848,#7854,#7855));
#7847 = ORIENTED_EDGE('',*,*,#7560,.F.);
#7848 = ORIENTED_EDGE('',*,*,#7849,.T.);
#7849 = EDGE_CURVE('',#7553,#2189,#7850,.T.);
#7850 = LINE('',#7851,#7852);
#7851 = CARTESIAN_POINT('',(39.365586903755,-3.873262493519,
    139.22127162309));
#7852 = VECTOR('',#7853,1.);
#7853 = DIRECTION('',(0.,0.,-1.));
#7854 = ORIENTED_EDGE('',*,*,#2188,.F.);
#7855 = ORIENTED_EDGE('',*,*,#7828,.F.);
#7856 = B_SPLINE_SURFACE_WITH_KNOTS('',2,1,(
    (#7857,#7858)
    ,(#7859,#7860)
    ,(#7861,#7862)
    ,(#7863,#7864)
    ,(#7865,#7866)
    ,(#7867,#7868
    )),.UNSPECIFIED.,.F.,.F.,.F.,(3,1,1,1,3),(2,2),(0.,1.,2.,3.,4.),(0.,
    30.994354324618),.UNSPECIFIED.);
#7857 = CARTESIAN_POINT('',(40.379306398687,-5.183094788286,
    139.22127162309));
#7858 = CARTESIAN_POINT('',(40.379306398687,-5.183094788286,
    -170.722271623));
#7859 = CARTESIAN_POINT('',(40.133879573598,-5.183094788286,
    139.22127162309));
#7860 = CARTESIAN_POINT('',(40.133879573598,-5.183094788286,
    -170.722271623));
#7861 = CARTESIAN_POINT('',(39.712385678337,-4.975015523537,
    139.22127162309));
#7862 = CARTESIAN_POINT('',(39.712385678337,-4.975015523537,
    -170.722271623));
#7863 = CARTESIAN_POINT('',(39.482964950537,-4.670899675057,
    139.22127162309));
#7864 = CARTESIAN_POINT('',(39.482964950537,-4.670899675057,
    -170.722271623));
#7865 = CARTESIAN_POINT('',(39.365586903755,-4.209390536575,
    139.22127162309));
#7866 = CARTESIAN_POINT('',(39.365586903755,-4.209390536575,
    -170.722271623));
#7867 = CARTESIAN_POINT('',(39.365586903755,-3.873262493519,
    139.22127162309));
#7868 = CARTESIAN_POINT('',(39.365586903755,-3.873262493519,
    -170.722271623));
#7869 = ADVANCED_FACE('',(#7870),#7881,.T.);
#7870 = FACE_BOUND('',#7871,.T.);
#7871 = EDGE_LOOP('',(#7872,#7873,#7879,#7880));
#7872 = ORIENTED_EDGE('',*,*,#7550,.F.);
#7873 = ORIENTED_EDGE('',*,*,#7874,.T.);
#7874 = EDGE_CURVE('',#7551,#2200,#7875,.T.);
#7875 = LINE('',#7876,#7877);
#7876 = CARTESIAN_POINT('',(39.365586903755,-2.53942105282,
    139.22127162309));
#7877 = VECTOR('',#7878,1.);
#7878 = DIRECTION('',(0.,0.,-1.));
#7879 = ORIENTED_EDGE('',*,*,#2199,.F.);
#7880 = ORIENTED_EDGE('',*,*,#7849,.F.);
#7881 = PLANE('',#7882);
#7882 = AXIS2_PLACEMENT_3D('',#7883,#7884,#7885);
#7883 = CARTESIAN_POINT('',(39.365586903755,-2.53942105282,
    139.22127162309));
#7884 = DIRECTION('',(-1.,0.,0.));
#7885 = DIRECTION('',(0.,0.,1.));
#7886 = ADVANCED_FACE('',(#7887),#7906,.F.);
#7887 = FACE_BOUND('',#7888,.F.);
#7888 = EDGE_LOOP('',(#7889,#7890,#7899,#7905));
#7889 = ORIENTED_EDGE('',*,*,#7703,.T.);
#7890 = ORIENTED_EDGE('',*,*,#7891,.T.);
#7891 = EDGE_CURVE('',#7696,#7892,#7894,.T.);
#7892 = VERTEX_POINT('',#7893);
#7893 = CARTESIAN_POINT('',(41.915891738373,-4.556189311157,-27.75));
#7894 = B_SPLINE_CURVE_WITH_KNOTS('',2,(#7895,#7896,#7897,#7898),
  .UNSPECIFIED.,.F.,.F.,(3,1,3),(0.,1.,2.),.QUASI_UNIFORM_KNOTS.);
#7895 = CARTESIAN_POINT('',(41.435708819721,-4.201387487931,-27.75));
#7896 = CARTESIAN_POINT('',(41.489062477349,-4.377454558104,-27.75));
#7897 = CARTESIAN_POINT('',(41.731821619556,-4.556189311157,-27.75));
#7898 = CARTESIAN_POINT('',(41.915891738373,-4.556189311157,-27.75));
#7899 = ORIENTED_EDGE('',*,*,#7900,.F.);
#7900 = EDGE_CURVE('',#7459,#7892,#7901,.T.);
#7901 = LINE('',#7902,#7903);
#7902 = CARTESIAN_POINT('',(41.915891738373,-4.556189311157,
    139.22127162309));
#7903 = VECTOR('',#7904,1.);
#7904 = DIRECTION('',(0.,0.,-1.));
#7905 = ORIENTED_EDGE('',*,*,#7473,.T.);
#7906 = B_SPLINE_SURFACE_WITH_KNOTS('',2,1,(
    (#7907,#7908)
    ,(#7909,#7910)
    ,(#7911,#7912)
    ,(#7913,#7914
  )),.UNSPECIFIED.,.F.,.F.,.F.,(3,1,3),(2,2),(-2.,-1.,0.),(0.,
    30.994354324618),.UNSPECIFIED.);
#7907 = CARTESIAN_POINT('',(41.915891738373,-4.556189311157,
    139.22127162309));
#7908 = CARTESIAN_POINT('',(41.915891738373,-4.556189311157,
    -170.722271623));
#7909 = CARTESIAN_POINT('',(41.731821619556,-4.556189311157,
    139.22127162309));
#7910 = CARTESIAN_POINT('',(41.731821619556,-4.556189311157,
    -170.722271623));
#7911 = CARTESIAN_POINT('',(41.489062477349,-4.377454558104,
    139.22127162309));
#7912 = CARTESIAN_POINT('',(41.489062477349,-4.377454558104,
    -170.722271623));
#7913 = CARTESIAN_POINT('',(41.435708819721,-4.201387487931,
    139.22127162309));
#7914 = CARTESIAN_POINT('',(41.435708819721,-4.201387487931,
    -170.722271623));
#7915 = ADVANCED_FACE('',(#7916),#7936,.F.);
#7916 = FACE_BOUND('',#7917,.F.);
#7917 = EDGE_LOOP('',(#7918,#7919,#7929,#7935));
#7918 = ORIENTED_EDGE('',*,*,#7900,.T.);
#7919 = ORIENTED_EDGE('',*,*,#7920,.T.);
#7920 = EDGE_CURVE('',#7892,#7921,#7923,.T.);
#7921 = VERTEX_POINT('',#7922);
#7922 = CARTESIAN_POINT('',(42.452095997534,-3.70253078911,-27.75));
#7923 = B_SPLINE_CURVE_WITH_KNOTS('',2,(#7924,#7925,#7926,#7927,#7928),
  .UNSPECIFIED.,.F.,.F.,(3,1,1,3),(0.,1.,2.,3.),.QUASI_UNIFORM_KNOTS.);
#7924 = CARTESIAN_POINT('',(41.915891738373,-4.556189311157,-27.75));
#7925 = CARTESIAN_POINT('',(42.089291125664,-4.556189311157,-27.75));
#7926 = CARTESIAN_POINT('',(42.353391730922,-4.388125289629,-27.75));
#7927 = CARTESIAN_POINT('',(42.452095997534,-4.078674075387,-27.75));
#7928 = CARTESIAN_POINT('',(42.452095997534,-3.70253078911,-27.75));
#7929 = ORIENTED_EDGE('',*,*,#7930,.F.);
#7930 = EDGE_CURVE('',#7451,#7921,#7931,.T.);
#7931 = LINE('',#7932,#7933);
#7932 = CARTESIAN_POINT('',(42.452095997534,-3.70253078911,
    139.22127162309));
#7933 = VECTOR('',#7934,1.);
#7934 = DIRECTION('',(0.,0.,-1.));
#7935 = ORIENTED_EDGE('',*,*,#7458,.T.);
#7936 = B_SPLINE_SURFACE_WITH_KNOTS('',2,1,(
    (#7937,#7938)
    ,(#7939,#7940)
    ,(#7941,#7942)
    ,(#7943,#7944)
    ,(#7945,#7946
    )),.UNSPECIFIED.,.F.,.F.,.F.,(3,1,1,3),(2,2),(-3.,-2.,-1.,0.),(0.,
    30.994354324618),.UNSPECIFIED.);
#7937 = CARTESIAN_POINT('',(42.452095997534,-3.70253078911,
    139.22127162309));
#7938 = CARTESIAN_POINT('',(42.452095997534,-3.70253078911,
    -170.722271623));
#7939 = CARTESIAN_POINT('',(42.452095997534,-4.078674075387,
    139.22127162309));
#7940 = CARTESIAN_POINT('',(42.452095997534,-4.078674075387,
    -170.722271623));
#7941 = CARTESIAN_POINT('',(42.353391730922,-4.388125289629,
    139.22127162309));
#7942 = CARTESIAN_POINT('',(42.353391730922,-4.388125289629,
    -170.722271623));
#7943 = CARTESIAN_POINT('',(42.089291125664,-4.556189311157,
    139.22127162309));
#7944 = CARTESIAN_POINT('',(42.089291125664,-4.556189311157,
    -170.722271623));
#7945 = CARTESIAN_POINT('',(41.915891738373,-4.556189311157,
    139.22127162309));
#7946 = CARTESIAN_POINT('',(41.915891738373,-4.556189311157,
    -170.722271623));
#7947 = ADVANCED_FACE('',(#7948),#7959,.F.);
#7948 = FACE_BOUND('',#7949,.T.);
#7949 = EDGE_LOOP('',(#7950,#7951,#7952,#7958));
#7950 = ORIENTED_EDGE('',*,*,#7450,.F.);
#7951 = ORIENTED_EDGE('',*,*,#7656,.T.);
#7952 = ORIENTED_EDGE('',*,*,#7953,.F.);
#7953 = EDGE_CURVE('',#7921,#7649,#7954,.T.);
#7954 = LINE('',#7955,#7956);
#7955 = CARTESIAN_POINT('',(42.452095997534,-1.851265394555,-27.75));
#7956 = VECTOR('',#7957,1.);
#7957 = DIRECTION('',(0.,1.,0.));
#7958 = ORIENTED_EDGE('',*,*,#7930,.F.);
#7959 = PLANE('',#7960);
#7960 = AXIS2_PLACEMENT_3D('',#7961,#7962,#7963);
#7961 = CARTESIAN_POINT('',(42.452095997534,-3.70253078911,
    139.22127162309));
#7962 = DIRECTION('',(1.,0.,0.));
#7963 = DIRECTION('',(0.,0.,-1.));
#7964 = ADVANCED_FACE('',(#7965),#7985,.F.);
#7965 = FACE_BOUND('',#7966,.F.);
#7966 = EDGE_LOOP('',(#7967,#7968,#7978,#7984));
#7967 = ORIENTED_EDGE('',*,*,#7784,.T.);
#7968 = ORIENTED_EDGE('',*,*,#7969,.T.);
#7969 = EDGE_CURVE('',#7777,#7970,#7972,.T.);
#7970 = VERTEX_POINT('',#7971);
#7971 = CARTESIAN_POINT('',(40.381974081568,-4.705579552516,-27.75));
#7972 = B_SPLINE_CURVE_WITH_KNOTS('',2,(#7973,#7974,#7975,#7976,#7977),
  .UNSPECIFIED.,.F.,.F.,(3,1,1,3),(0.,1.,2.,3.),.QUASI_UNIFORM_KNOTS.);
#7973 = CARTESIAN_POINT('',(39.79508384766,-4.190716756406,-27.75));
#7974 = CARTESIAN_POINT('',(39.824428359356,-4.35077772929,-27.75));
#7975 = CARTESIAN_POINT('',(39.957812503426,-4.566860042683,-27.75));
#7976 = CARTESIAN_POINT('',(40.21391006004,-4.705579552516,-27.75));
#7977 = CARTESIAN_POINT('',(40.381974081568,-4.705579552516,-27.75));
#7978 = ORIENTED_EDGE('',*,*,#7979,.F.);
#7979 = EDGE_CURVE('',#7521,#7970,#7980,.T.);
#7980 = LINE('',#7981,#7982);
#7981 = CARTESIAN_POINT('',(40.381974081568,-4.705579552516,
    139.22127162309));
#7982 = VECTOR('',#7983,1.);
#7983 = DIRECTION('',(0.,0.,-1.));
#7984 = ORIENTED_EDGE('',*,*,#7535,.T.);
#7985 = B_SPLINE_SURFACE_WITH_KNOTS('',2,1,(
    (#7986,#7987)
    ,(#7988,#7989)
    ,(#7990,#7991)
    ,(#7992,#7993)
    ,(#7994,#7995
    )),.UNSPECIFIED.,.F.,.F.,.F.,(3,1,1,3),(2,2),(-3.,-2.,-1.,0.),(0.,
    30.994354324618),.UNSPECIFIED.);
#7986 = CARTESIAN_POINT('',(40.381974081568,-4.705579552516,
    139.22127162309));
#7987 = CARTESIAN_POINT('',(40.381974081568,-4.705579552516,
    -170.722271623));
#7988 = CARTESIAN_POINT('',(40.21391006004,-4.705579552516,
    139.22127162309));
#7989 = CARTESIAN_POINT('',(40.21391006004,-4.705579552516,
    -170.722271623));
#7990 = CARTESIAN_POINT('',(39.957812503426,-4.566860042683,
    139.22127162309));
#7991 = CARTESIAN_POINT('',(39.957812503426,-4.566860042683,
    -170.722271623));
#7992 = CARTESIAN_POINT('',(39.824428359356,-4.35077772929,
    139.22127162309));
#7993 = CARTESIAN_POINT('',(39.824428359356,-4.35077772929,
    -170.722271623));
#7994 = CARTESIAN_POINT('',(39.79508384766,-4.190716756406,
    139.22127162309));
#7995 = CARTESIAN_POINT('',(39.79508384766,-4.190716756406,
    -170.722271623));
#7996 = ADVANCED_FACE('',(#7997),#8017,.F.);
#7997 = FACE_BOUND('',#7998,.F.);
#7998 = EDGE_LOOP('',(#7999,#8000,#8010,#8016));
#7999 = ORIENTED_EDGE('',*,*,#7979,.T.);
#8000 = ORIENTED_EDGE('',*,*,#8001,.T.);
#8001 = EDGE_CURVE('',#7970,#8002,#8004,.T.);
#8002 = VERTEX_POINT('',#8003);
#8003 = CARTESIAN_POINT('',(40.982202729883,-3.811905787247,-27.75));
#8004 = B_SPLINE_CURVE_WITH_KNOTS('',2,(#8005,#8006,#8007,#8008,#8009),
  .UNSPECIFIED.,.F.,.F.,(3,1,1,3),(0.,1.,2.,3.),.QUASI_UNIFORM_KNOTS.);
#8005 = CARTESIAN_POINT('',(40.381974081568,-4.705579552516,-27.75));
#8006 = CARTESIAN_POINT('',(40.57671493191,-4.705579552516,-27.75));
#8007 = CARTESIAN_POINT('',(40.864824683101,-4.500167970648,-27.75));
#8008 = CARTESIAN_POINT('',(40.982202729883,-4.145366147422,-27.75));
#8009 = CARTESIAN_POINT('',(40.982202729883,-3.811905787247,-27.75));
#8010 = ORIENTED_EDGE('',*,*,#8011,.F.);
#8011 = EDGE_CURVE('',#7513,#8002,#8012,.T.);
#8012 = LINE('',#8013,#8014);
#8013 = CARTESIAN_POINT('',(40.982202729883,-3.811905787247,
    139.22127162309));
#8014 = VECTOR('',#8015,1.);
#8015 = DIRECTION('',(0.,0.,-1.));
#8016 = ORIENTED_EDGE('',*,*,#7520,.T.);
#8017 = B_SPLINE_SURFACE_WITH_KNOTS('',2,1,(
    (#8018,#8019)
    ,(#8020,#8021)
    ,(#8022,#8023)
    ,(#8024,#8025)
    ,(#8026,#8027
    )),.UNSPECIFIED.,.F.,.F.,.F.,(3,1,1,3),(2,2),(-3.,-2.,-1.,0.),(0.,
    30.994354324618),.UNSPECIFIED.);
#8018 = CARTESIAN_POINT('',(40.982202729883,-3.811905787247,
    139.22127162309));
#8019 = CARTESIAN_POINT('',(40.982202729883,-3.811905787247,
    -170.722271623));
#8020 = CARTESIAN_POINT('',(40.982202729883,-4.145366147422,
    139.22127162309));
#8021 = CARTESIAN_POINT('',(40.982202729883,-4.145366147422,
    -170.722271623));
#8022 = CARTESIAN_POINT('',(40.864824683101,-4.500167970648,
    139.22127162309));
#8023 = CARTESIAN_POINT('',(40.864824683101,-4.500167970648,
    -170.722271623));
#8024 = CARTESIAN_POINT('',(40.57671493191,-4.705579552516,
    139.22127162309));
#8025 = CARTESIAN_POINT('',(40.57671493191,-4.705579552516,
    -170.722271623));
#8026 = CARTESIAN_POINT('',(40.381974081568,-4.705579552516,
    139.22127162309));
#8027 = CARTESIAN_POINT('',(40.381974081568,-4.705579552516,
    -170.722271623));
#8028 = ADVANCED_FACE('',(#8029),#8040,.F.);
#8029 = FACE_BOUND('',#8030,.T.);
#8030 = EDGE_LOOP('',(#8031,#8032,#8033,#8039));
#8031 = ORIENTED_EDGE('',*,*,#7512,.F.);
#8032 = ORIENTED_EDGE('',*,*,#7737,.T.);
#8033 = ORIENTED_EDGE('',*,*,#8034,.F.);
#8034 = EDGE_CURVE('',#8002,#7730,#8035,.T.);
#8035 = LINE('',#8036,#8037);
#8036 = CARTESIAN_POINT('',(40.982202729883,-1.905952893624,-27.75));
#8037 = VECTOR('',#8038,1.);
#8038 = DIRECTION('',(0.,1.,0.));
#8039 = ORIENTED_EDGE('',*,*,#8011,.F.);
#8040 = PLANE('',#8041);
#8041 = AXIS2_PLACEMENT_3D('',#8042,#8043,#8044);
#8042 = CARTESIAN_POINT('',(40.982202729883,-3.811905787247,
    139.22127162309));
#8043 = DIRECTION('',(1.,0.,0.));
#8044 = DIRECTION('',(0.,0.,-1.));
#8045 = ADVANCED_FACE('',(#8046),#8057,.T.);
#8046 = FACE_BOUND('',#8047,.T.);
#8047 = EDGE_LOOP('',(#8048,#8049,#8050,#8051));
#8048 = ORIENTED_EDGE('',*,*,#7602,.F.);
#8049 = ORIENTED_EDGE('',*,*,#7809,.T.);
#8050 = ORIENTED_EDGE('',*,*,#2223,.F.);
#8051 = ORIENTED_EDGE('',*,*,#8052,.F.);
#8052 = EDGE_CURVE('',#7603,#2216,#8053,.T.);
#8053 = LINE('',#8054,#8055);
#8054 = CARTESIAN_POINT('',(42.865586844151,-3.851921030468,
    139.22127162309));
#8055 = VECTOR('',#8056,1.);
#8056 = DIRECTION('',(0.,0.,-1.));
#8057 = B_SPLINE_SURFACE_WITH_KNOTS('',2,1,(
    (#8058,#8059)
    ,(#8060,#8061)
    ,(#8062,#8063)
    ,(#8064,#8065)
    ,(#8066,#8067
    )),.UNSPECIFIED.,.F.,.F.,.F.,(3,1,1,3),(2,2),(0.,1.,2.,3.),(0.,
    30.994354324618),.UNSPECIFIED.);
#8058 = CARTESIAN_POINT('',(42.865586844151,-3.851921030468,
    139.22127162309));
#8059 = CARTESIAN_POINT('',(42.865586844151,-3.851921030468,
    -170.722271623));
#8060 = CARTESIAN_POINT('',(42.865586844151,-4.252073462678,
    139.22127162309));
#8061 = CARTESIAN_POINT('',(42.865586844151,-4.252073462678,
    -170.722271623));
#8062 = CARTESIAN_POINT('',(42.652172213639,-4.737591747092,
    139.22127162309));
#8063 = CARTESIAN_POINT('',(42.652172213639,-4.737591747092,
    -170.722271623));
#8064 = CARTESIAN_POINT('',(42.212004538208,-5.012363083877,
    139.22127162309));
#8065 = CARTESIAN_POINT('',(42.212004538208,-5.012363083877,
    -170.722271623));
#8066 = CARTESIAN_POINT('',(41.969245396001,-5.012363083877,
    139.22127162309));
#8067 = CARTESIAN_POINT('',(41.969245396001,-5.012363083877,
    -170.722271623));
#8068 = ADVANCED_FACE('',(#8069),#8080,.T.);
#8069 = FACE_BOUND('',#8070,.T.);
#8070 = EDGE_LOOP('',(#8071,#8072,#8073,#8074));
#8071 = ORIENTED_EDGE('',*,*,#7617,.F.);
#8072 = ORIENTED_EDGE('',*,*,#8052,.T.);
#8073 = ORIENTED_EDGE('',*,*,#2215,.F.);
#8074 = ORIENTED_EDGE('',*,*,#8075,.F.);
#8075 = EDGE_CURVE('',#7618,#2208,#8076,.T.);
#8076 = LINE('',#8077,#8078);
#8077 = CARTESIAN_POINT('',(42.865586844151,-2.53942105282,
    139.22127162309));
#8078 = VECTOR('',#8079,1.);
#8079 = DIRECTION('',(0.,0.,-1.));
#8080 = PLANE('',#8081);
#8081 = AXIS2_PLACEMENT_3D('',#8082,#8083,#8084);
#8082 = CARTESIAN_POINT('',(42.865586844151,-3.851921030468,
    139.22127162309));
#8083 = DIRECTION('',(1.,0.,0.));
#8084 = DIRECTION('',(0.,0.,-1.));
#8085 = ADVANCED_FACE('',(#8086),#8092,.T.);
#8086 = FACE_BOUND('',#8087,.T.);
#8087 = EDGE_LOOP('',(#8088,#8089,#8090,#8091));
#8088 = ORIENTED_EDGE('',*,*,#7625,.F.);
#8089 = ORIENTED_EDGE('',*,*,#8075,.T.);
#8090 = ORIENTED_EDGE('',*,*,#2207,.F.);
#8091 = ORIENTED_EDGE('',*,*,#7874,.F.);
#8092 = PLANE('',#8093);
#8093 = AXIS2_PLACEMENT_3D('',#8094,#8095,#8096);
#8094 = CARTESIAN_POINT('',(42.865586844151,-2.53942105282,
    139.22127162309));
#8095 = DIRECTION('',(-1.586032919332E-16,1.,0.));
#8096 = DIRECTION('',(0.,0.,1.));
#8097 = ADVANCED_FACE('',(#8098),#8106,.T.);
#8098 = FACE_BOUND('',#8099,.T.);
#8099 = EDGE_LOOP('',(#8100,#8101,#8102,#8103,#8104,#8105));
#8100 = ORIENTED_EDGE('',*,*,#7729,.T.);
#8101 = ORIENTED_EDGE('',*,*,#7760,.T.);
#8102 = ORIENTED_EDGE('',*,*,#7776,.T.);
#8103 = ORIENTED_EDGE('',*,*,#7969,.T.);
#8104 = ORIENTED_EDGE('',*,*,#8001,.T.);
#8105 = ORIENTED_EDGE('',*,*,#8034,.T.);
#8106 = PLANE('',#8107);
#8107 = AXIS2_PLACEMENT_3D('',#8108,#8109,#8110);
#8108 = CARTESIAN_POINT('',(-5.551115123126E-16,-2.314121116953E-14,
    -27.75));
#8109 = DIRECTION('',(0.,0.,1.));
#8110 = DIRECTION('',(1.,0.,-0.));
#8111 = ADVANCED_FACE('',(#8112),#8120,.T.);
#8112 = FACE_BOUND('',#8113,.T.);
#8113 = EDGE_LOOP('',(#8114,#8115,#8116,#8117,#8118,#8119));
#8114 = ORIENTED_EDGE('',*,*,#7648,.T.);
#8115 = ORIENTED_EDGE('',*,*,#7679,.T.);
#8116 = ORIENTED_EDGE('',*,*,#7695,.T.);
#8117 = ORIENTED_EDGE('',*,*,#7891,.T.);
#8118 = ORIENTED_EDGE('',*,*,#7920,.T.);
#8119 = ORIENTED_EDGE('',*,*,#7953,.T.);
#8120 = PLANE('',#8121);
#8121 = AXIS2_PLACEMENT_3D('',#8122,#8123,#8124);
#8122 = CARTESIAN_POINT('',(-5.551115123126E-16,-2.314121116953E-14,
    -27.75));
#8123 = DIRECTION('',(0.,0.,1.));
#8124 = DIRECTION('',(1.,0.,-0.));
#8125 = ADVANCED_FACE('',(#8126),#8133,.T.);
#8126 = FACE_BOUND('',#8127,.T.);
#8127 = EDGE_LOOP('',(#8128,#8129,#8130,#8131,#8132));
#8128 = ORIENTED_EDGE('',*,*,#7183,.T.);
#8129 = ORIENTED_EDGE('',*,*,#7209,.T.);
#8130 = ORIENTED_EDGE('',*,*,#7238,.T.);
#8131 = ORIENTED_EDGE('',*,*,#7333,.T.);
#8132 = ORIENTED_EDGE('',*,*,#7362,.T.);
#8133 = PLANE('',#8134);
#8134 = AXIS2_PLACEMENT_3D('',#8135,#8136,#8137);
#8135 = CARTESIAN_POINT('',(-5.551115123126E-16,-2.314121116953E-14,
    -27.75));
#8136 = DIRECTION('',(0.,0.,1.));
#8137 = DIRECTION('',(1.,0.,-0.));
#8138 = ADVANCED_FACE('',(#8139),#8145,.T.);
#8139 = FACE_BOUND('',#8140,.T.);
#8140 = EDGE_LOOP('',(#8141,#8142,#8143,#8144));
#8141 = ORIENTED_EDGE('',*,*,#6725,.T.);
#8142 = ORIENTED_EDGE('',*,*,#6754,.T.);
#8143 = ORIENTED_EDGE('',*,*,#6897,.T.);
#8144 = ORIENTED_EDGE('',*,*,#6926,.T.);
#8145 = PLANE('',#8146);
#8146 = AXIS2_PLACEMENT_3D('',#8147,#8148,#8149);
#8147 = CARTESIAN_POINT('',(-5.551115123126E-16,-2.314121116953E-14,
    -27.75));
#8148 = DIRECTION('',(0.,0.,1.));
#8149 = DIRECTION('',(1.,0.,-0.));
#8150 = ADVANCED_FACE('',(#8151),#8160,.T.);
#8151 = FACE_BOUND('',#8152,.T.);
#8152 = EDGE_LOOP('',(#8153,#8154,#8155,#8156,#8157,#8158,#8159));
#8153 = ORIENTED_EDGE('',*,*,#5557,.T.);
#8154 = ORIENTED_EDGE('',*,*,#5588,.T.);
#8155 = ORIENTED_EDGE('',*,*,#5612,.T.);
#8156 = ORIENTED_EDGE('',*,*,#5628,.T.);
#8157 = ORIENTED_EDGE('',*,*,#5746,.T.);
#8158 = ORIENTED_EDGE('',*,*,#5775,.T.);
#8159 = ORIENTED_EDGE('',*,*,#5804,.T.);
#8160 = PLANE('',#8161);
#8161 = AXIS2_PLACEMENT_3D('',#8162,#8163,#8164);
#8162 = CARTESIAN_POINT('',(-5.551115123126E-16,-2.314121116953E-14,
    -27.75));
#8163 = DIRECTION('',(0.,0.,1.));
#8164 = DIRECTION('',(1.,0.,-0.));
#8165 = ADVANCED_FACE('',(#8166),#8172,.T.);
#8166 = FACE_BOUND('',#8167,.T.);
#8167 = EDGE_LOOP('',(#8168,#8169,#8170,#8171));
#8168 = ORIENTED_EDGE('',*,*,#4935,.T.);
#8169 = ORIENTED_EDGE('',*,*,#4964,.T.);
#8170 = ORIENTED_EDGE('',*,*,#5044,.T.);
#8171 = ORIENTED_EDGE('',*,*,#5076,.T.);
#8172 = PLANE('',#8173);
#8173 = AXIS2_PLACEMENT_3D('',#8174,#8175,#8176);
#8174 = CARTESIAN_POINT('',(-5.551115123126E-16,-2.314121116953E-14,
    -27.75));
#8175 = DIRECTION('',(0.,0.,1.));
#8176 = DIRECTION('',(1.,0.,-0.));
#8177 = ADVANCED_FACE('',(#8178),#8185,.T.);
#8178 = FACE_BOUND('',#8179,.T.);
#8179 = EDGE_LOOP('',(#8180,#8181,#8182,#8183,#8184));
#8180 = ORIENTED_EDGE('',*,*,#3780,.T.);
#8181 = ORIENTED_EDGE('',*,*,#3811,.T.);
#8182 = ORIENTED_EDGE('',*,*,#3835,.T.);
#8183 = ORIENTED_EDGE('',*,*,#3924,.T.);
#8184 = ORIENTED_EDGE('',*,*,#3950,.T.);
#8185 = PLANE('',#8186);
#8186 = AXIS2_PLACEMENT_3D('',#8187,#8188,#8189);
#8187 = CARTESIAN_POINT('',(-5.551115123126E-16,-2.314121116953E-14,
    -27.75));
#8188 = DIRECTION('',(0.,0.,1.));
#8189 = DIRECTION('',(1.,0.,-0.));
#8190 = ADVANCED_FACE('',(#8191),#8199,.T.);
#8191 = FACE_BOUND('',#8192,.T.);
#8192 = EDGE_LOOP('',(#8193,#8194,#8195,#8196,#8197,#8198));
#8193 = ORIENTED_EDGE('',*,*,#2975,.T.);
#8194 = ORIENTED_EDGE('',*,*,#3006,.T.);
#8195 = ORIENTED_EDGE('',*,*,#3022,.T.);
#8196 = ORIENTED_EDGE('',*,*,#3215,.T.);
#8197 = ORIENTED_EDGE('',*,*,#3247,.T.);
#8198 = ORIENTED_EDGE('',*,*,#3280,.T.);
#8199 = PLANE('',#8200);
#8200 = AXIS2_PLACEMENT_3D('',#8201,#8202,#8203);
#8201 = CARTESIAN_POINT('',(-5.551115123126E-16,-2.314121116953E-14,
    -27.75));
#8202 = DIRECTION('',(0.,0.,1.));
#8203 = DIRECTION('',(1.,0.,-0.));
#8204 = ADVANCED_FACE('',(#8205),#8216,.F.);
#8205 = FACE_BOUND('',#8206,.T.);
#8206 = EDGE_LOOP('',(#8207,#8208,#8214,#8215));
#8207 = ORIENTED_EDGE('',*,*,#342,.F.);
#8208 = ORIENTED_EDGE('',*,*,#8209,.F.);
#8209 = EDGE_CURVE('',#1147,#343,#8210,.T.);
#8210 = LINE('',#8211,#8212);
#8211 = CARTESIAN_POINT('',(-51.75,22.375,-1.387778780781E-16));
#8212 = VECTOR('',#8213,1.);
#8213 = DIRECTION('',(3.229739708E-15,1.,0.));
#8214 = ORIENTED_EDGE('',*,*,#1146,.T.);
#8215 = ORIENTED_EDGE('',*,*,#301,.F.);
#8216 = PLANE('',#8217);
#8217 = AXIS2_PLACEMENT_3D('',#8218,#8219,#8220);
#8218 = CARTESIAN_POINT('',(-51.75,44.75,0.));
#8219 = DIRECTION('',(-0.999048221582,3.22666571145E-15,
    -4.361938736534E-02));
#8220 = DIRECTION('',(3.230354214734E-15,1.,-1.407451815662E-17));
#8221 = ADVANCED_FACE('',(#8222),#8241,.T.);
#8222 = FACE_BOUND('',#8223,.T.);
#8223 = EDGE_LOOP('',(#8224,#8225,#8226,#8235));
#8224 = ORIENTED_EDGE('',*,*,#865,.F.);
#8225 = ORIENTED_EDGE('',*,*,#1007,.F.);
#8226 = ORIENTED_EDGE('',*,*,#8227,.F.);
#8227 = EDGE_CURVE('',#8228,#1000,#8230,.T.);
#8228 = VERTEX_POINT('',#8229);
#8229 = CARTESIAN_POINT('',(54.75,-39.,0.));
#8230 = CIRCLE('',#8231,3.);
#8231 = AXIS2_PLACEMENT_3D('',#8232,#8233,#8234);
#8232 = CARTESIAN_POINT('',(54.75,-42.,0.));
#8233 = DIRECTION('',(0.,-0.,1.));
#8234 = DIRECTION('',(0.,1.,0.));
#8235 = ORIENTED_EDGE('',*,*,#8236,.T.);
#8236 = EDGE_CURVE('',#8228,#811,#8237,.T.);
#8237 = LINE('',#8238,#8239);
#8238 = CARTESIAN_POINT('',(54.75,-39.,0.));
#8239 = VECTOR('',#8240,1.);
#8240 = DIRECTION('',(0.,4.361938736534E-02,-0.999048221582));
#8241 = CONICAL_SURFACE('',#8242,3.,4.36332313E-02);
#8242 = AXIS2_PLACEMENT_3D('',#8243,#8244,#8245);
#8243 = CARTESIAN_POINT('',(54.75,-42.,0.));
#8244 = DIRECTION('',(0.,0.,-1.));
#8245 = DIRECTION('',(0.,1.,0.));
#8246 = ADVANCED_FACE('',(#8247),#8258,.F.);
#8247 = FACE_BOUND('',#8248,.T.);
#8248 = EDGE_LOOP('',(#8249,#8250,#8251,#8257));
#8249 = ORIENTED_EDGE('',*,*,#810,.F.);
#8250 = ORIENTED_EDGE('',*,*,#8236,.F.);
#8251 = ORIENTED_EDGE('',*,*,#8252,.F.);
#8252 = EDGE_CURVE('',#770,#8228,#8253,.T.);
#8253 = LINE('',#8254,#8255);
#8254 = CARTESIAN_POINT('',(27.375,-39.,0.));
#8255 = VECTOR('',#8256,1.);
#8256 = DIRECTION('',(-1.,1.614869854E-15,0.));
#8257 = ORIENTED_EDGE('',*,*,#769,.F.);
#8258 = PLANE('',#8259);
#8259 = AXIS2_PLACEMENT_3D('',#8260,#8261,#8262);
#8260 = CARTESIAN_POINT('',(54.75,-39.,0.));
#8261 = DIRECTION('',(-1.613332855725E-15,-0.999048221582,
    -4.361938736534E-02));
#8262 = DIRECTION('',(-1.,1.61450114996E-15,8.444710893971E-18));
#8263 = ADVANCED_FACE('',(#8264),#8275,.F.);
#8264 = FACE_BOUND('',#8265,.T.);
#8265 = EDGE_LOOP('',(#8266,#8267,#8273,#8274));
#8266 = ORIENTED_EDGE('',*,*,#778,.F.);
#8267 = ORIENTED_EDGE('',*,*,#8268,.F.);
#8268 = EDGE_CURVE('',#682,#779,#8269,.T.);
#8269 = LINE('',#8270,#8271);
#8270 = CARTESIAN_POINT('',(57.5,-19.5,0.));
#8271 = VECTOR('',#8272,1.);
#8272 = DIRECTION('',(6.619963376647E-16,-1.,0.));
#8273 = ORIENTED_EDGE('',*,*,#681,.F.);
#8274 = ORIENTED_EDGE('',*,*,#713,.F.);
#8275 = PLANE('',#8276);
#8276 = AXIS2_PLACEMENT_3D('',#8277,#8278,#8279);
#8277 = CARTESIAN_POINT('',(57.5,-39.,0.));
#8278 = DIRECTION('',(0.999048221582,6.613662638376E-16,
    -4.361938736534E-02));
#8279 = DIRECTION('',(6.620887045153E-16,-1.,2.115548691865E-18));
#8280 = ADVANCED_FACE('',(#8281),#8299,.F.);
#8281 = FACE_BOUND('',#8282,.T.);
#8282 = EDGE_LOOP('',(#8283,#8284,#8292,#8298));
#8283 = ORIENTED_EDGE('',*,*,#690,.F.);
#8284 = ORIENTED_EDGE('',*,*,#8285,.F.);
#8285 = EDGE_CURVE('',#8286,#691,#8288,.T.);
#8286 = VERTEX_POINT('',#8287);
#8287 = CARTESIAN_POINT('',(54.75,39.,0.));
#8288 = LINE('',#8289,#8290);
#8289 = CARTESIAN_POINT('',(28.75,39.,0.));
#8290 = VECTOR('',#8291,1.);
#8291 = DIRECTION('',(1.,1.614869854E-15,0.));
#8292 = ORIENTED_EDGE('',*,*,#8293,.T.);
#8293 = EDGE_CURVE('',#8286,#518,#8294,.T.);
#8294 = LINE('',#8295,#8296);
#8295 = CARTESIAN_POINT('',(54.75,39.,0.));
#8296 = VECTOR('',#8297,1.);
#8297 = DIRECTION('',(0.,-4.361938736534E-02,-0.999048221582));
#8298 = ORIENTED_EDGE('',*,*,#595,.F.);
#8299 = PLANE('',#8300);
#8300 = AXIS2_PLACEMENT_3D('',#8301,#8302,#8303);
#8301 = CARTESIAN_POINT('',(57.5,39.,0.));
#8302 = DIRECTION('',(-1.613332855725E-15,0.999048221582,
    -4.361938736534E-02));
#8303 = DIRECTION('',(1.,1.61450114996E-15,-8.444710893972E-18));
#8304 = ADVANCED_FACE('',(#8305),#8324,.T.);
#8305 = FACE_BOUND('',#8306,.T.);
#8306 = EDGE_LOOP('',(#8307,#8308,#8309,#8318));
#8307 = ORIENTED_EDGE('',*,*,#517,.F.);
#8308 = ORIENTED_EDGE('',*,*,#8293,.F.);
#8309 = ORIENTED_EDGE('',*,*,#8310,.F.);
#8310 = EDGE_CURVE('',#8311,#8286,#8313,.T.);
#8311 = VERTEX_POINT('',#8312);
#8312 = CARTESIAN_POINT('',(51.75,42.,0.));
#8313 = CIRCLE('',#8314,3.);
#8314 = AXIS2_PLACEMENT_3D('',#8315,#8316,#8317);
#8315 = CARTESIAN_POINT('',(54.75,42.,0.));
#8316 = DIRECTION('',(0.,0.,1.));
#8317 = DIRECTION('',(-1.,0.,0.));
#8318 = ORIENTED_EDGE('',*,*,#8319,.T.);
#8319 = EDGE_CURVE('',#8311,#463,#8320,.T.);
#8320 = LINE('',#8321,#8322);
#8321 = CARTESIAN_POINT('',(51.75,42.,0.));
#8322 = VECTOR('',#8323,1.);
#8323 = DIRECTION('',(-4.361938736534E-02,0.,-0.999048221582));
#8324 = CONICAL_SURFACE('',#8325,3.,4.36332313E-02);
#8325 = AXIS2_PLACEMENT_3D('',#8326,#8327,#8328);
#8326 = CARTESIAN_POINT('',(54.75,42.,0.));
#8327 = DIRECTION('',(0.,0.,-1.));
#8328 = DIRECTION('',(-1.,0.,0.));
#8329 = ADVANCED_FACE('',(#8330),#8341,.F.);
#8330 = FACE_BOUND('',#8331,.T.);
#8331 = EDGE_LOOP('',(#8332,#8333,#8334,#8340));
#8332 = ORIENTED_EDGE('',*,*,#462,.F.);
#8333 = ORIENTED_EDGE('',*,*,#8319,.F.);
#8334 = ORIENTED_EDGE('',*,*,#8335,.F.);
#8335 = EDGE_CURVE('',#422,#8311,#8336,.T.);
#8336 = LINE('',#8337,#8338);
#8337 = CARTESIAN_POINT('',(51.75,21.,-1.387778780781E-16));
#8338 = VECTOR('',#8339,1.);
#8339 = DIRECTION('',(3.229739708E-15,-1.,0.));
#8340 = ORIENTED_EDGE('',*,*,#421,.F.);
#8341 = PLANE('',#8342);
#8342 = AXIS2_PLACEMENT_3D('',#8343,#8344,#8345);
#8343 = CARTESIAN_POINT('',(51.75,42.,0.));
#8344 = DIRECTION('',(0.999048221582,3.22666571145E-15,
    -4.361938736534E-02));
#8345 = DIRECTION('',(3.230354214734E-15,-1.,1.407451815662E-17));
#8346 = ADVANCED_FACE('',(#8347),#8358,.F.);
#8347 = FACE_BOUND('',#8348,.T.);
#8348 = EDGE_LOOP('',(#8349,#8350,#8356,#8357));
#8349 = ORIENTED_EDGE('',*,*,#430,.F.);
#8350 = ORIENTED_EDGE('',*,*,#8351,.F.);
#8351 = EDGE_CURVE('',#334,#431,#8352,.T.);
#8352 = LINE('',#8353,#8354);
#8353 = CARTESIAN_POINT('',(25.875,44.75,0.));
#8354 = VECTOR('',#8355,1.);
#8355 = DIRECTION('',(1.,9.216945864813E-16,0.));
#8356 = ORIENTED_EDGE('',*,*,#333,.F.);
#8357 = ORIENTED_EDGE('',*,*,#365,.F.);
#8358 = PLANE('',#8359);
#8359 = AXIS2_PLACEMENT_3D('',#8360,#8361,#8362);
#8360 = CARTESIAN_POINT('',(51.75,44.75,0.));
#8361 = DIRECTION('',(-9.208173374657E-16,0.999048221582,
    -4.361938736534E-02));
#8362 = DIRECTION('',(1.,9.21292838211E-16,-9.201548191073E-18));
#8363 = ADVANCED_FACE('',(#8364),#8372,.T.);
#8364 = FACE_BOUND('',#8365,.T.);
#8365 = EDGE_LOOP('',(#8366,#8367,#8368,#8369,#8370,#8371));
#8366 = ORIENTED_EDGE('',*,*,#2894,.T.);
#8367 = ORIENTED_EDGE('',*,*,#2925,.T.);
#8368 = ORIENTED_EDGE('',*,*,#2941,.T.);
#8369 = ORIENTED_EDGE('',*,*,#3137,.T.);
#8370 = ORIENTED_EDGE('',*,*,#3166,.T.);
#8371 = ORIENTED_EDGE('',*,*,#3199,.T.);
#8372 = PLANE('',#8373);
#8373 = AXIS2_PLACEMENT_3D('',#8374,#8375,#8376);
#8374 = CARTESIAN_POINT('',(-5.551115123126E-16,-2.314121116953E-14,
    -27.75));
#8375 = DIRECTION('',(0.,0.,1.));
#8376 = DIRECTION('',(1.,0.,-0.));
#8377 = ADVANCED_FACE('',(#8378),#8414,.T.);
#8378 = FACE_BOUND('',#8379,.T.);
#8379 = EDGE_LOOP('',(#8380,#8391,#8399,#8408));
#8380 = ORIENTED_EDGE('',*,*,#8381,.T.);
#8381 = EDGE_CURVE('',#8382,#8384,#8386,.T.);
#8382 = VERTEX_POINT('',#8383);
#8383 = CARTESIAN_POINT('',(58.481928192072,-41.5,-29.04361938736));
#8384 = VERTEX_POINT('',#8385);
#8385 = CARTESIAN_POINT('',(57.48287997049,-41.5,-30.));
#8386 = CIRCLE('',#8387,1.);
#8387 = AXIS2_PLACEMENT_3D('',#8388,#8389,#8390);
#8388 = CARTESIAN_POINT('',(57.48287997049,-41.5,-29.));
#8389 = DIRECTION('',(0.,1.,0.));
#8390 = DIRECTION('',(0.999048221582,0.,-4.361938736533E-02));
#8391 = ORIENTED_EDGE('',*,*,#8392,.T.);
#8392 = EDGE_CURVE('',#8384,#8393,#8395,.T.);
#8393 = VERTEX_POINT('',#8394);
#8394 = CARTESIAN_POINT('',(57.48287997049,41.5,-30.));
#8395 = LINE('',#8396,#8397);
#8396 = CARTESIAN_POINT('',(57.48287997049,-20.75,-30.));
#8397 = VECTOR('',#8398,1.);
#8398 = DIRECTION('',(0.,1.,0.));
#8399 = ORIENTED_EDGE('',*,*,#8400,.T.);
#8400 = EDGE_CURVE('',#8393,#8401,#8403,.T.);
#8401 = VERTEX_POINT('',#8402);
#8402 = CARTESIAN_POINT('',(58.481928192072,41.5,-29.04361938736));
#8403 = CIRCLE('',#8404,1.);
#8404 = AXIS2_PLACEMENT_3D('',#8405,#8406,#8407);
#8405 = CARTESIAN_POINT('',(57.48287997049,41.5,-29.));
#8406 = DIRECTION('',(0.,-1.,0.));
#8407 = DIRECTION('',(0.,0.,-1.));
#8408 = ORIENTED_EDGE('',*,*,#8409,.T.);
#8409 = EDGE_CURVE('',#8401,#8382,#8410,.T.);
#8410 = LINE('',#8411,#8412);
#8411 = CARTESIAN_POINT('',(58.481928192072,-20.75,-29.04361938736));
#8412 = VECTOR('',#8413,1.);
#8413 = DIRECTION('',(0.,-1.,0.));
#8414 = CYLINDRICAL_SURFACE('',#8415,1.);
#8415 = AXIS2_PLACEMENT_3D('',#8416,#8417,#8418);
#8416 = CARTESIAN_POINT('',(57.48287997049,-20.75,-29.));
#8417 = DIRECTION('',(0.,1.,0.));
#8418 = DIRECTION('',(0.691513055782,0.,-0.72236396206));
#8419 = ADVANCED_FACE('',(#8420),#8448,.T.);
#8420 = FACE_BOUND('',#8421,.T.);
#8421 = EDGE_LOOP('',(#8422,#8433,#8440,#8441));
#8422 = ORIENTED_EDGE('',*,*,#8423,.T.);
#8423 = EDGE_CURVE('',#8424,#8426,#8428,.T.);
#8424 = VERTEX_POINT('',#8425);
#8425 = CARTESIAN_POINT('',(54.25,-45.73192819207,-29.04361938736));
#8426 = VERTEX_POINT('',#8427);
#8427 = CARTESIAN_POINT('',(54.25,-44.73287997049,-30.));
#8428 = CIRCLE('',#8429,1.);
#8429 = AXIS2_PLACEMENT_3D('',#8430,#8431,#8432);
#8430 = CARTESIAN_POINT('',(54.25,-44.73287997049,-29.));
#8431 = DIRECTION('',(1.,0.,0.));
#8432 = DIRECTION('',(0.,-0.999048221582,-4.361938736534E-02));
#8433 = ORIENTED_EDGE('',*,*,#8434,.T.);
#8434 = EDGE_CURVE('',#8426,#8384,#8435,.T.);
#8435 = CIRCLE('',#8436,3.23287997049);
#8436 = AXIS2_PLACEMENT_3D('',#8437,#8438,#8439);
#8437 = CARTESIAN_POINT('',(54.25,-41.5,-30.));
#8438 = DIRECTION('',(0.,0.,1.));
#8439 = DIRECTION('',(0.707106781187,-0.707106781187,0.));
#8440 = ORIENTED_EDGE('',*,*,#8381,.F.);
#8441 = ORIENTED_EDGE('',*,*,#8442,.T.);
#8442 = EDGE_CURVE('',#8382,#8424,#8443,.T.);
#8443 = CIRCLE('',#8444,4.231928192072);
#8444 = AXIS2_PLACEMENT_3D('',#8445,#8446,#8447);
#8445 = CARTESIAN_POINT('',(54.25,-41.5,-29.04361938736));
#8446 = DIRECTION('',(0.,0.,-1.));
#8447 = DIRECTION('',(0.707106781187,-0.707106781187,0.));
#8448 = TOROIDAL_SURFACE('',#8449,3.23287997049,1.);
#8449 = AXIS2_PLACEMENT_3D('',#8450,#8451,#8452);
#8450 = CARTESIAN_POINT('',(54.25,-41.5,-29.));
#8451 = DIRECTION('',(0.,0.,1.));
#8452 = DIRECTION('',(1.,0.,-0.));
#8453 = ADVANCED_FACE('',(#8454),#8482,.T.);
#8454 = FACE_BOUND('',#8455,.T.);
#8455 = EDGE_LOOP('',(#8456,#8467,#8474,#8475));
#8456 = ORIENTED_EDGE('',*,*,#8457,.T.);
#8457 = EDGE_CURVE('',#8458,#8460,#8462,.T.);
#8458 = VERTEX_POINT('',#8459);
#8459 = CARTESIAN_POINT('',(54.25,44.73287997049,-30.));
#8460 = VERTEX_POINT('',#8461);
#8461 = CARTESIAN_POINT('',(54.25,45.731928192072,-29.04361938736));
#8462 = CIRCLE('',#8463,1.);
#8463 = AXIS2_PLACEMENT_3D('',#8464,#8465,#8466);
#8464 = CARTESIAN_POINT('',(54.25,44.73287997049,-29.));
#8465 = DIRECTION('',(1.,0.,0.));
#8466 = DIRECTION('',(0.,0.,-1.));
#8467 = ORIENTED_EDGE('',*,*,#8468,.T.);
#8468 = EDGE_CURVE('',#8460,#8401,#8469,.T.);
#8469 = CIRCLE('',#8470,4.231928192072);
#8470 = AXIS2_PLACEMENT_3D('',#8471,#8472,#8473);
#8471 = CARTESIAN_POINT('',(54.25,41.5,-29.04361938736));
#8472 = DIRECTION('',(0.,0.,-1.));
#8473 = DIRECTION('',(0.707106781187,0.707106781187,0.));
#8474 = ORIENTED_EDGE('',*,*,#8400,.F.);
#8475 = ORIENTED_EDGE('',*,*,#8476,.T.);
#8476 = EDGE_CURVE('',#8393,#8458,#8477,.T.);
#8477 = CIRCLE('',#8478,3.23287997049);
#8478 = AXIS2_PLACEMENT_3D('',#8479,#8480,#8481);
#8479 = CARTESIAN_POINT('',(54.25,41.5,-30.));
#8480 = DIRECTION('',(0.,0.,1.));
#8481 = DIRECTION('',(0.707106781187,0.707106781187,-0.));
#8482 = TOROIDAL_SURFACE('',#8483,3.23287997049,1.);
#8483 = AXIS2_PLACEMENT_3D('',#8484,#8485,#8486);
#8484 = CARTESIAN_POINT('',(54.25,41.5,-29.));
#8485 = DIRECTION('',(0.,0.,1.));
#8486 = DIRECTION('',(1.,0.,-0.));
#8487 = ADVANCED_FACE('',(#8488),#8514,.T.);
#8488 = FACE_BOUND('',#8489,.T.);
#8489 = EDGE_LOOP('',(#8490,#8501,#8507,#8508));
#8490 = ORIENTED_EDGE('',*,*,#8491,.T.);
#8491 = EDGE_CURVE('',#8492,#8494,#8496,.T.);
#8492 = VERTEX_POINT('',#8493);
#8493 = CARTESIAN_POINT('',(-54.25,-45.73192819207,-29.04361938736));
#8494 = VERTEX_POINT('',#8495);
#8495 = CARTESIAN_POINT('',(-54.25,-44.73287997049,-30.));
#8496 = CIRCLE('',#8497,1.);
#8497 = AXIS2_PLACEMENT_3D('',#8498,#8499,#8500);
#8498 = CARTESIAN_POINT('',(-54.25,-44.73287997049,-29.));
#8499 = DIRECTION('',(1.,0.,0.));
#8500 = DIRECTION('',(0.,-0.999048221582,-4.361938736533E-02));
#8501 = ORIENTED_EDGE('',*,*,#8502,.T.);
#8502 = EDGE_CURVE('',#8494,#8426,#8503,.T.);
#8503 = LINE('',#8504,#8505);
#8504 = CARTESIAN_POINT('',(-27.125,-44.73287997049,-30.));
#8505 = VECTOR('',#8506,1.);
#8506 = DIRECTION('',(1.,0.,0.));
#8507 = ORIENTED_EDGE('',*,*,#8423,.F.);
#8508 = ORIENTED_EDGE('',*,*,#8509,.T.);
#8509 = EDGE_CURVE('',#8424,#8492,#8510,.T.);
#8510 = LINE('',#8511,#8512);
#8511 = CARTESIAN_POINT('',(-27.125,-45.73192819207,-29.04361938736));
#8512 = VECTOR('',#8513,1.);
#8513 = DIRECTION('',(-1.,0.,0.));
#8514 = CYLINDRICAL_SURFACE('',#8515,1.);
#8515 = AXIS2_PLACEMENT_3D('',#8516,#8517,#8518);
#8516 = CARTESIAN_POINT('',(-27.125,-44.73287997049,-29.));
#8517 = DIRECTION('',(1.,0.,0.));
#8518 = DIRECTION('',(0.,-0.691513055782,-0.72236396206));
#8519 = ADVANCED_FACE('',(#8520),#8546,.T.);
#8520 = FACE_BOUND('',#8521,.T.);
#8521 = EDGE_LOOP('',(#8522,#8533,#8539,#8540));
#8522 = ORIENTED_EDGE('',*,*,#8523,.T.);
#8523 = EDGE_CURVE('',#8524,#8526,#8528,.T.);
#8524 = VERTEX_POINT('',#8525);
#8525 = CARTESIAN_POINT('',(-54.25,44.73287997049,-30.));
#8526 = VERTEX_POINT('',#8527);
#8527 = CARTESIAN_POINT('',(-54.25,45.731928192072,-29.04361938736));
#8528 = CIRCLE('',#8529,1.);
#8529 = AXIS2_PLACEMENT_3D('',#8530,#8531,#8532);
#8530 = CARTESIAN_POINT('',(-54.25,44.73287997049,-29.));
#8531 = DIRECTION('',(1.,0.,0.));
#8532 = DIRECTION('',(0.,0.,-1.));
#8533 = ORIENTED_EDGE('',*,*,#8534,.T.);
#8534 = EDGE_CURVE('',#8526,#8460,#8535,.T.);
#8535 = LINE('',#8536,#8537);
#8536 = CARTESIAN_POINT('',(27.125,45.731928192072,-29.04361938736));
#8537 = VECTOR('',#8538,1.);
#8538 = DIRECTION('',(1.,0.,0.));
#8539 = ORIENTED_EDGE('',*,*,#8457,.F.);
#8540 = ORIENTED_EDGE('',*,*,#8541,.T.);
#8541 = EDGE_CURVE('',#8458,#8524,#8542,.T.);
#8542 = LINE('',#8543,#8544);
#8543 = CARTESIAN_POINT('',(27.125,44.73287997049,-30.));
#8544 = VECTOR('',#8545,1.);
#8545 = DIRECTION('',(-1.,0.,0.));
#8546 = CYLINDRICAL_SURFACE('',#8547,1.);
#8547 = AXIS2_PLACEMENT_3D('',#8548,#8549,#8550);
#8548 = CARTESIAN_POINT('',(27.125,44.73287997049,-29.));
#8549 = DIRECTION('',(-1.,0.,0.));
#8550 = DIRECTION('',(0.,0.691513055782,-0.72236396206));
#8551 = ADVANCED_FACE('',(#8552),#8580,.T.);
#8552 = FACE_BOUND('',#8553,.T.);
#8553 = EDGE_LOOP('',(#8554,#8565,#8572,#8573));
#8554 = ORIENTED_EDGE('',*,*,#8555,.T.);
#8555 = EDGE_CURVE('',#8556,#8558,#8560,.T.);
#8556 = VERTEX_POINT('',#8557);
#8557 = CARTESIAN_POINT('',(-58.48192819207,-41.5,-29.04361938736));
#8558 = VERTEX_POINT('',#8559);
#8559 = CARTESIAN_POINT('',(-57.48287997049,-41.5,-30.));
#8560 = CIRCLE('',#8561,1.);
#8561 = AXIS2_PLACEMENT_3D('',#8562,#8563,#8564);
#8562 = CARTESIAN_POINT('',(-57.48287997049,-41.5,-29.));
#8563 = DIRECTION('',(0.,-1.,0.));
#8564 = DIRECTION('',(-0.999048221582,-0.,-4.361938736534E-02));
#8565 = ORIENTED_EDGE('',*,*,#8566,.T.);
#8566 = EDGE_CURVE('',#8558,#8494,#8567,.T.);
#8567 = CIRCLE('',#8568,3.23287997049);
#8568 = AXIS2_PLACEMENT_3D('',#8569,#8570,#8571);
#8569 = CARTESIAN_POINT('',(-54.25,-41.5,-30.));
#8570 = DIRECTION('',(0.,0.,1.));
#8571 = DIRECTION('',(-0.707106781187,-0.707106781187,0.));
#8572 = ORIENTED_EDGE('',*,*,#8491,.F.);
#8573 = ORIENTED_EDGE('',*,*,#8574,.T.);
#8574 = EDGE_CURVE('',#8492,#8556,#8575,.T.);
#8575 = CIRCLE('',#8576,4.231928192072);
#8576 = AXIS2_PLACEMENT_3D('',#8577,#8578,#8579);
#8577 = CARTESIAN_POINT('',(-54.25,-41.5,-29.04361938736));
#8578 = DIRECTION('',(0.,0.,-1.));
#8579 = DIRECTION('',(-0.707106781187,-0.707106781187,-0.));
#8580 = TOROIDAL_SURFACE('',#8581,3.23287997049,1.);
#8581 = AXIS2_PLACEMENT_3D('',#8582,#8583,#8584);
#8582 = CARTESIAN_POINT('',(-54.25,-41.5,-29.));
#8583 = DIRECTION('',(0.,0.,1.));
#8584 = DIRECTION('',(1.,0.,-0.));
#8585 = ADVANCED_FACE('',(#8586),#8614,.T.);
#8586 = FACE_BOUND('',#8587,.T.);
#8587 = EDGE_LOOP('',(#8588,#8599,#8606,#8607));
#8588 = ORIENTED_EDGE('',*,*,#8589,.T.);
#8589 = EDGE_CURVE('',#8590,#8592,#8594,.T.);
#8590 = VERTEX_POINT('',#8591);
#8591 = CARTESIAN_POINT('',(-57.48287997049,41.5,-30.));
#8592 = VERTEX_POINT('',#8593);
#8593 = CARTESIAN_POINT('',(-58.48192819207,41.5,-29.04361938736));
#8594 = CIRCLE('',#8595,1.);
#8595 = AXIS2_PLACEMENT_3D('',#8596,#8597,#8598);
#8596 = CARTESIAN_POINT('',(-57.48287997049,41.5,-29.));
#8597 = DIRECTION('',(0.,1.,0.));
#8598 = DIRECTION('',(0.,0.,-1.));
#8599 = ORIENTED_EDGE('',*,*,#8600,.T.);
#8600 = EDGE_CURVE('',#8592,#8526,#8601,.T.);
#8601 = CIRCLE('',#8602,4.231928192072);
#8602 = AXIS2_PLACEMENT_3D('',#8603,#8604,#8605);
#8603 = CARTESIAN_POINT('',(-54.25,41.5,-29.04361938736));
#8604 = DIRECTION('',(0.,0.,-1.));
#8605 = DIRECTION('',(-0.707106781187,0.707106781187,0.));
#8606 = ORIENTED_EDGE('',*,*,#8523,.F.);
#8607 = ORIENTED_EDGE('',*,*,#8608,.T.);
#8608 = EDGE_CURVE('',#8524,#8590,#8609,.T.);
#8609 = CIRCLE('',#8610,3.23287997049);
#8610 = AXIS2_PLACEMENT_3D('',#8611,#8612,#8613);
#8611 = CARTESIAN_POINT('',(-54.25,41.5,-30.));
#8612 = DIRECTION('',(0.,0.,1.));
#8613 = DIRECTION('',(-0.707106781187,0.707106781187,0.));
#8614 = TOROIDAL_SURFACE('',#8615,3.23287997049,1.);
#8615 = AXIS2_PLACEMENT_3D('',#8616,#8617,#8618);
#8616 = CARTESIAN_POINT('',(-54.25,41.5,-29.));
#8617 = DIRECTION('',(0.,0.,1.));
#8618 = DIRECTION('',(1.,0.,-0.));
#8619 = ADVANCED_FACE('',(#8620),#8636,.T.);
#8620 = FACE_BOUND('',#8621,.T.);
#8621 = EDGE_LOOP('',(#8622,#8623,#8629,#8630));
#8622 = ORIENTED_EDGE('',*,*,#8555,.F.);
#8623 = ORIENTED_EDGE('',*,*,#8624,.T.);
#8624 = EDGE_CURVE('',#8556,#8592,#8625,.T.);
#8625 = LINE('',#8626,#8627);
#8626 = CARTESIAN_POINT('',(-58.48192819207,20.75,-29.04361938736));
#8627 = VECTOR('',#8628,1.);
#8628 = DIRECTION('',(0.,1.,0.));
#8629 = ORIENTED_EDGE('',*,*,#8589,.F.);
#8630 = ORIENTED_EDGE('',*,*,#8631,.T.);
#8631 = EDGE_CURVE('',#8590,#8558,#8632,.T.);
#8632 = LINE('',#8633,#8634);
#8633 = CARTESIAN_POINT('',(-57.48287997049,20.75,-30.));
#8634 = VECTOR('',#8635,1.);
#8635 = DIRECTION('',(0.,-1.,0.));
#8636 = CYLINDRICAL_SURFACE('',#8637,1.);
#8637 = AXIS2_PLACEMENT_3D('',#8638,#8639,#8640);
#8638 = CARTESIAN_POINT('',(-57.48287997049,20.75,-29.));
#8639 = DIRECTION('',(0.,-1.,0.));
#8640 = DIRECTION('',(-0.691513055782,-0.,-0.72236396206));
#8641 = ADVANCED_FACE('',(#8642),#8668,.T.);
#8642 = FACE_BOUND('',#8643,.T.);
#8643 = EDGE_LOOP('',(#8644,#8645,#8653,#8662));
#8644 = ORIENTED_EDGE('',*,*,#8574,.F.);
#8645 = ORIENTED_EDGE('',*,*,#8646,.F.);
#8646 = EDGE_CURVE('',#8647,#8492,#8649,.T.);
#8647 = VERTEX_POINT('',#8648);
#8648 = CARTESIAN_POINT('',(-54.25,-47.,0.));
#8649 = LINE('',#8650,#8651);
#8650 = CARTESIAN_POINT('',(-54.25,-47.,0.));
#8651 = VECTOR('',#8652,1.);
#8652 = DIRECTION('',(0.,4.361938736534E-02,-0.999048221582));
#8653 = ORIENTED_EDGE('',*,*,#8654,.F.);
#8654 = EDGE_CURVE('',#8655,#8647,#8657,.T.);
#8655 = VERTEX_POINT('',#8656);
#8656 = CARTESIAN_POINT('',(-59.75,-41.5,0.));
#8657 = CIRCLE('',#8658,5.5);
#8658 = AXIS2_PLACEMENT_3D('',#8659,#8660,#8661);
#8659 = CARTESIAN_POINT('',(-54.25,-41.5,0.));
#8660 = DIRECTION('',(0.,0.,1.));
#8661 = DIRECTION('',(-1.,0.,0.));
#8662 = ORIENTED_EDGE('',*,*,#8663,.T.);
#8663 = EDGE_CURVE('',#8655,#8556,#8664,.T.);
#8664 = LINE('',#8665,#8666);
#8665 = CARTESIAN_POINT('',(-59.75,-41.5,0.));
#8666 = VECTOR('',#8667,1.);
#8667 = DIRECTION('',(4.361938736534E-02,0.,-0.999048221582));
#8668 = CONICAL_SURFACE('',#8669,5.5,4.36332313E-02);
#8669 = AXIS2_PLACEMENT_3D('',#8670,#8671,#8672);
#8670 = CARTESIAN_POINT('',(-54.25,-41.5,0.));
#8671 = DIRECTION('',(0.,0.,1.));
#8672 = DIRECTION('',(-1.,0.,0.));
#8673 = ADVANCED_FACE('',(#8674),#8692,.T.);
#8674 = FACE_BOUND('',#8675,.T.);
#8675 = EDGE_LOOP('',(#8676,#8677,#8685,#8691));
#8676 = ORIENTED_EDGE('',*,*,#8509,.F.);
#8677 = ORIENTED_EDGE('',*,*,#8678,.F.);
#8678 = EDGE_CURVE('',#8679,#8424,#8681,.T.);
#8679 = VERTEX_POINT('',#8680);
#8680 = CARTESIAN_POINT('',(54.25,-47.,0.));
#8681 = LINE('',#8682,#8683);
#8682 = CARTESIAN_POINT('',(54.25,-47.,0.));
#8683 = VECTOR('',#8684,1.);
#8684 = DIRECTION('',(0.,4.361938736534E-02,-0.999048221582));
#8685 = ORIENTED_EDGE('',*,*,#8686,.F.);
#8686 = EDGE_CURVE('',#8647,#8679,#8687,.T.);
#8687 = LINE('',#8688,#8689);
#8688 = CARTESIAN_POINT('',(-54.25,-47.,0.));
#8689 = VECTOR('',#8690,1.);
#8690 = DIRECTION('',(1.,0.,0.));
#8691 = ORIENTED_EDGE('',*,*,#8646,.T.);
#8692 = PLANE('',#8693);
#8693 = AXIS2_PLACEMENT_3D('',#8694,#8695,#8696);
#8694 = CARTESIAN_POINT('',(-54.25,-47.,0.));
#8695 = DIRECTION('',(0.,-0.999048221582,-4.361938736534E-02));
#8696 = DIRECTION('',(-1.,-0.,0.));
#8697 = ADVANCED_FACE('',(#8698),#8717,.T.);
#8698 = FACE_BOUND('',#8699,.T.);
#8699 = EDGE_LOOP('',(#8700,#8701,#8709,#8716));
#8700 = ORIENTED_EDGE('',*,*,#8442,.F.);
#8701 = ORIENTED_EDGE('',*,*,#8702,.F.);
#8702 = EDGE_CURVE('',#8703,#8382,#8705,.T.);
#8703 = VERTEX_POINT('',#8704);
#8704 = CARTESIAN_POINT('',(59.75,-41.5,0.));
#8705 = LINE('',#8706,#8707);
#8706 = CARTESIAN_POINT('',(59.75,-41.5,0.));
#8707 = VECTOR('',#8708,1.);
#8708 = DIRECTION('',(-4.361938736534E-02,0.,-0.999048221582));
#8709 = ORIENTED_EDGE('',*,*,#8710,.F.);
#8710 = EDGE_CURVE('',#8679,#8703,#8711,.T.);
#8711 = CIRCLE('',#8712,5.5);
#8712 = AXIS2_PLACEMENT_3D('',#8713,#8714,#8715);
#8713 = CARTESIAN_POINT('',(54.25,-41.5,0.));
#8714 = DIRECTION('',(0.,0.,1.));
#8715 = DIRECTION('',(0.,-1.,0.));
#8716 = ORIENTED_EDGE('',*,*,#8678,.T.);
#8717 = CONICAL_SURFACE('',#8718,5.5,4.36332313E-02);
#8718 = AXIS2_PLACEMENT_3D('',#8719,#8720,#8721);
#8719 = CARTESIAN_POINT('',(54.25,-41.5,0.));
#8720 = DIRECTION('',(0.,0.,1.));
#8721 = DIRECTION('',(0.,-1.,0.));
#8722 = ADVANCED_FACE('',(#8723),#8741,.T.);
#8723 = FACE_BOUND('',#8724,.T.);
#8724 = EDGE_LOOP('',(#8725,#8726,#8734,#8740));
#8725 = ORIENTED_EDGE('',*,*,#8409,.F.);
#8726 = ORIENTED_EDGE('',*,*,#8727,.F.);
#8727 = EDGE_CURVE('',#8728,#8401,#8730,.T.);
#8728 = VERTEX_POINT('',#8729);
#8729 = CARTESIAN_POINT('',(59.75,41.5,0.));
#8730 = LINE('',#8731,#8732);
#8731 = CARTESIAN_POINT('',(59.75,41.5,0.));
#8732 = VECTOR('',#8733,1.);
#8733 = DIRECTION('',(-4.361938736534E-02,0.,-0.999048221582));
#8734 = ORIENTED_EDGE('',*,*,#8735,.F.);
#8735 = EDGE_CURVE('',#8703,#8728,#8736,.T.);
#8736 = LINE('',#8737,#8738);
#8737 = CARTESIAN_POINT('',(59.75,-41.5,0.));
#8738 = VECTOR('',#8739,1.);
#8739 = DIRECTION('',(0.,1.,0.));
#8740 = ORIENTED_EDGE('',*,*,#8702,.T.);
#8741 = PLANE('',#8742);
#8742 = AXIS2_PLACEMENT_3D('',#8743,#8744,#8745);
#8743 = CARTESIAN_POINT('',(59.75,-41.5,0.));
#8744 = DIRECTION('',(0.999048221582,0.,-4.361938736534E-02));
#8745 = DIRECTION('',(0.,-1.,0.));
#8746 = ADVANCED_FACE('',(#8747),#8757,.F.);
#8747 = FACE_BOUND('',#8748,.T.);
#8748 = EDGE_LOOP('',(#8749,#8750,#8751,#8752,#8753,#8754,#8755,#8756));
#8749 = ORIENTED_EDGE('',*,*,#8392,.F.);
#8750 = ORIENTED_EDGE('',*,*,#8434,.F.);
#8751 = ORIENTED_EDGE('',*,*,#8502,.F.);
#8752 = ORIENTED_EDGE('',*,*,#8566,.F.);
#8753 = ORIENTED_EDGE('',*,*,#8631,.F.);
#8754 = ORIENTED_EDGE('',*,*,#8608,.F.);
#8755 = ORIENTED_EDGE('',*,*,#8541,.F.);
#8756 = ORIENTED_EDGE('',*,*,#8476,.F.);
#8757 = PLANE('',#8758);
#8758 = AXIS2_PLACEMENT_3D('',#8759,#8760,#8761);
#8759 = CARTESIAN_POINT('',(0.,4.163336342344E-16,-30.));
#8760 = DIRECTION('',(0.,0.,1.));
#8761 = DIRECTION('',(1.,0.,-0.));
#8762 = ADVANCED_FACE('',(#8763),#8781,.T.);
#8763 = FACE_BOUND('',#8764,.T.);
#8764 = EDGE_LOOP('',(#8765,#8766,#8767,#8775));
#8765 = ORIENTED_EDGE('',*,*,#8624,.F.);
#8766 = ORIENTED_EDGE('',*,*,#8663,.F.);
#8767 = ORIENTED_EDGE('',*,*,#8768,.F.);
#8768 = EDGE_CURVE('',#8769,#8655,#8771,.T.);
#8769 = VERTEX_POINT('',#8770);
#8770 = CARTESIAN_POINT('',(-59.75,41.5,0.));
#8771 = LINE('',#8772,#8773);
#8772 = CARTESIAN_POINT('',(-59.75,41.5,0.));
#8773 = VECTOR('',#8774,1.);
#8774 = DIRECTION('',(0.,-1.,0.));
#8775 = ORIENTED_EDGE('',*,*,#8776,.T.);
#8776 = EDGE_CURVE('',#8769,#8592,#8777,.T.);
#8777 = LINE('',#8778,#8779);
#8778 = CARTESIAN_POINT('',(-59.75,41.5,0.));
#8779 = VECTOR('',#8780,1.);
#8780 = DIRECTION('',(4.361938736534E-02,0.,-0.999048221582));
#8781 = PLANE('',#8782);
#8782 = AXIS2_PLACEMENT_3D('',#8783,#8784,#8785);
#8783 = CARTESIAN_POINT('',(-59.75,41.5,0.));
#8784 = DIRECTION('',(-0.999048221582,0.,-4.361938736534E-02));
#8785 = DIRECTION('',(0.,1.,0.));
#8786 = ADVANCED_FACE('',(#8787),#8806,.T.);
#8787 = FACE_BOUND('',#8788,.T.);
#8788 = EDGE_LOOP('',(#8789,#8790,#8798,#8805));
#8789 = ORIENTED_EDGE('',*,*,#8468,.F.);
#8790 = ORIENTED_EDGE('',*,*,#8791,.F.);
#8791 = EDGE_CURVE('',#8792,#8460,#8794,.T.);
#8792 = VERTEX_POINT('',#8793);
#8793 = CARTESIAN_POINT('',(54.25,47.,0.));
#8794 = LINE('',#8795,#8796);
#8795 = CARTESIAN_POINT('',(54.25,47.,0.));
#8796 = VECTOR('',#8797,1.);
#8797 = DIRECTION('',(0.,-4.361938736534E-02,-0.999048221582));
#8798 = ORIENTED_EDGE('',*,*,#8799,.F.);
#8799 = EDGE_CURVE('',#8728,#8792,#8800,.T.);
#8800 = CIRCLE('',#8801,5.5);
#8801 = AXIS2_PLACEMENT_3D('',#8802,#8803,#8804);
#8802 = CARTESIAN_POINT('',(54.25,41.5,0.));
#8803 = DIRECTION('',(0.,0.,1.));
#8804 = DIRECTION('',(1.,0.,-0.));
#8805 = ORIENTED_EDGE('',*,*,#8727,.T.);
#8806 = CONICAL_SURFACE('',#8807,5.5,4.36332313E-02);
#8807 = AXIS2_PLACEMENT_3D('',#8808,#8809,#8810);
#8808 = CARTESIAN_POINT('',(54.25,41.5,0.));
#8809 = DIRECTION('',(0.,0.,1.));
#8810 = DIRECTION('',(1.,0.,-0.));
#8811 = ADVANCED_FACE('',(#8812),#8830,.T.);
#8812 = FACE_BOUND('',#8813,.T.);
#8813 = EDGE_LOOP('',(#8814,#8815,#8823,#8829));
#8814 = ORIENTED_EDGE('',*,*,#8534,.F.);
#8815 = ORIENTED_EDGE('',*,*,#8816,.F.);
#8816 = EDGE_CURVE('',#8817,#8526,#8819,.T.);
#8817 = VERTEX_POINT('',#8818);
#8818 = CARTESIAN_POINT('',(-54.25,47.,0.));
#8819 = LINE('',#8820,#8821);
#8820 = CARTESIAN_POINT('',(-54.25,47.,0.));
#8821 = VECTOR('',#8822,1.);
#8822 = DIRECTION('',(0.,-4.361938736534E-02,-0.999048221582));
#8823 = ORIENTED_EDGE('',*,*,#8824,.F.);
#8824 = EDGE_CURVE('',#8792,#8817,#8825,.T.);
#8825 = LINE('',#8826,#8827);
#8826 = CARTESIAN_POINT('',(54.25,47.,0.));
#8827 = VECTOR('',#8828,1.);
#8828 = DIRECTION('',(-1.,0.,0.));
#8829 = ORIENTED_EDGE('',*,*,#8791,.T.);
#8830 = PLANE('',#8831);
#8831 = AXIS2_PLACEMENT_3D('',#8832,#8833,#8834);
#8832 = CARTESIAN_POINT('',(54.25,47.,0.));
#8833 = DIRECTION('',(0.,0.999048221582,-4.361938736534E-02));
#8834 = DIRECTION('',(1.,0.,0.));
#8835 = ADVANCED_FACE('',(#8836),#8848,.T.);
#8836 = FACE_BOUND('',#8837,.T.);
#8837 = EDGE_LOOP('',(#8838,#8839,#8840,#8847));
#8838 = ORIENTED_EDGE('',*,*,#8600,.F.);
#8839 = ORIENTED_EDGE('',*,*,#8776,.F.);
#8840 = ORIENTED_EDGE('',*,*,#8841,.F.);
#8841 = EDGE_CURVE('',#8817,#8769,#8842,.T.);
#8842 = CIRCLE('',#8843,5.5);
#8843 = AXIS2_PLACEMENT_3D('',#8844,#8845,#8846);
#8844 = CARTESIAN_POINT('',(-54.25,41.5,0.));
#8845 = DIRECTION('',(0.,-0.,1.));
#8846 = DIRECTION('',(0.,1.,0.));
#8847 = ORIENTED_EDGE('',*,*,#8816,.T.);
#8848 = CONICAL_SURFACE('',#8849,5.5,4.36332313E-02);
#8849 = AXIS2_PLACEMENT_3D('',#8850,#8851,#8852);
#8850 = CARTESIAN_POINT('',(-54.25,41.5,0.));
#8851 = DIRECTION('',(0.,0.,1.));
#8852 = DIRECTION('',(0.,1.,0.));
#8853 = ADVANCED_FACE('',(#8854,#8857,#8860,#8863,#8866,#8892),#8902,.T.
  );
#8854 = FACE_BOUND('',#8855,.T.);
#8855 = EDGE_LOOP('',(#8856));
#8856 = ORIENTED_EDGE('',*,*,#2319,.T.);
#8857 = FACE_BOUND('',#8858,.T.);
#8858 = EDGE_LOOP('',(#8859));
#8859 = ORIENTED_EDGE('',*,*,#2422,.T.);
#8860 = FACE_BOUND('',#8861,.T.);
#8861 = EDGE_LOOP('',(#8862));
#8862 = ORIENTED_EDGE('',*,*,#2525,.T.);
#8863 = FACE_BOUND('',#8864,.T.);
#8864 = EDGE_LOOP('',(#8865));
#8865 = ORIENTED_EDGE('',*,*,#2628,.T.);
#8866 = FACE_BOUND('',#8867,.T.);
#8867 = EDGE_LOOP('',(#8868,#8869,#8870,#8871,#8872,#8873,#8874,#8875,
    #8876,#8877,#8878,#8879,#8880,#8881,#8882,#8883,#8884,#8885,#8886,
    #8887,#8888,#8889,#8890,#8891));
#8868 = ORIENTED_EDGE('',*,*,#8209,.T.);
#8869 = ORIENTED_EDGE('',*,*,#350,.F.);
#8870 = ORIENTED_EDGE('',*,*,#8351,.T.);
#8871 = ORIENTED_EDGE('',*,*,#438,.F.);
#8872 = ORIENTED_EDGE('',*,*,#8335,.T.);
#8873 = ORIENTED_EDGE('',*,*,#8310,.T.);
#8874 = ORIENTED_EDGE('',*,*,#8285,.T.);
#8875 = ORIENTED_EDGE('',*,*,#698,.F.);
#8876 = ORIENTED_EDGE('',*,*,#8268,.T.);
#8877 = ORIENTED_EDGE('',*,*,#786,.F.);
#8878 = ORIENTED_EDGE('',*,*,#8252,.T.);
#8879 = ORIENTED_EDGE('',*,*,#8227,.T.);
#8880 = ORIENTED_EDGE('',*,*,#999,.T.);
#8881 = ORIENTED_EDGE('',*,*,#982,.F.);
#8882 = ORIENTED_EDGE('',*,*,#1024,.T.);
#8883 = ORIENTED_EDGE('',*,*,#906,.F.);
#8884 = ORIENTED_EDGE('',*,*,#1048,.T.);
#8885 = ORIENTED_EDGE('',*,*,#1071,.T.);
#8886 = ORIENTED_EDGE('',*,*,#1089,.T.);
#8887 = ORIENTED_EDGE('',*,*,#634,.F.);
#8888 = ORIENTED_EDGE('',*,*,#1107,.T.);
#8889 = ORIENTED_EDGE('',*,*,#558,.F.);
#8890 = ORIENTED_EDGE('',*,*,#1131,.T.);
#8891 = ORIENTED_EDGE('',*,*,#1154,.T.);
#8892 = FACE_BOUND('',#8893,.T.);
#8893 = EDGE_LOOP('',(#8894,#8895,#8896,#8897,#8898,#8899,#8900,#8901));
#8894 = ORIENTED_EDGE('',*,*,#8841,.T.);
#8895 = ORIENTED_EDGE('',*,*,#8768,.T.);
#8896 = ORIENTED_EDGE('',*,*,#8654,.T.);
#8897 = ORIENTED_EDGE('',*,*,#8686,.T.);
#8898 = ORIENTED_EDGE('',*,*,#8710,.T.);
#8899 = ORIENTED_EDGE('',*,*,#8735,.T.);
#8900 = ORIENTED_EDGE('',*,*,#8799,.T.);
#8901 = ORIENTED_EDGE('',*,*,#8824,.T.);
#8902 = PLANE('',#8903);
#8903 = AXIS2_PLACEMENT_3D('',#8904,#8905,#8906);
#8904 = CARTESIAN_POINT('',(-4.228962735355E-16,0.,0.));
#8905 = DIRECTION('',(0.,0.,1.));
#8906 = DIRECTION('',(1.,0.,-0.));
#8907 = ( GEOMETRIC_REPRESENTATION_CONTEXT(3) 
GLOBAL_UNCERTAINTY_ASSIGNED_CONTEXT((#8911)) 
GLOBAL_UNIT_ASSIGNED_CONTEXT((#8908,#8909,#8910)) REPRESENTATION_CONTEXT
('Context #1','3D Context with UNIT and UNCERTAINTY') );
#8908 = ( LENGTH_UNIT() NAMED_UNIT(*) SI_UNIT(.MILLI.,.METRE.) );
#8909 = ( NAMED_UNIT(*) PLANE_ANGLE_UNIT() SI_UNIT($,.RADIAN.) );
#8910 = ( NAMED_UNIT(*) SI_UNIT($,.STERADIAN.) SOLID_ANGLE_UNIT() );
#8911 = UNCERTAINTY_MEASURE_WITH_UNIT(LENGTH_MEASURE(5.E-07),#8908,
  'distance_accuracy_value','confusion accuracy');
#8912 = PRODUCT_RELATED_PRODUCT_CATEGORY('part',$,(#7));
#8913 = MECHANICAL_DESIGN_GEOMETRIC_PRESENTATION_REPRESENTATION('',(
    #8914),#8907);
#8914 = STYLED_ITEM('color',(#8915),#15);
#8915 = PRESENTATION_STYLE_ASSIGNMENT((#8916,#8922));
#8916 = SURFACE_STYLE_USAGE(.BOTH.,#8917);
#8917 = SURFACE_SIDE_STYLE('',(#8918));
#8918 = SURFACE_STYLE_FILL_AREA(#8919);
#8919 = FILL_AREA_STYLE('',(#8920));
#8920 = FILL_AREA_STYLE_COLOUR('',#8921);
#8921 = COLOUR_RGB('',0.752941202324,0.752941202324,0.752941202324);
#8922 = CURVE_STYLE('',#8923,POSITIVE_LENGTH_MEASURE(0.1),#8924);
#8923 = DRAUGHTING_PRE_DEFINED_CURVE_FONT('continuous');
#8924 = COLOUR_RGB('',9.803921802644E-02,9.803921802644E-02,
  9.803921802644E-02);
ENDSEC;
END-ISO-10303-21;
